time,fold_name,chronos2_lora,timesfm_q10,timesfm_q50,timesfm_q90
2025-08-28 00:30:00,formal_winter_event_2026,376.0,364.0,376.0,388.0
2025-08-28 01:00:00,formal_winter_event_2026,374.0,360.0,374.0,390.0
2025-08-28 01:30:00,formal_winter_event_2026,372.0,356.0,372.0,390.0
2025-08-28 02:00:00,formal_winter_event_2026,376.0,358.0,376.0,396.0
2025-08-28 02:30:00,formal_winter_event_2026,384.0,364.0,384.0,410.0
2025-08-28 03:00:00,formal_winter_event_2026,390.0,366.0,390.0,422.0
2025-08-28 03:30:00,formal_winter_event_2026,392.0,366.0,392.0,428.0
2025-08-28 04:00:00,formal_winter_event_2026,384.0,360.0,384.0,420.0
2025-08-28 04:30:00,formal_winter_event_2026,386.0,358.0,386.0,426.0
2025-08-28 05:00:00,formal_winter_event_2026,386.0,358.0,386.0,428.0
2025-08-28 05:30:00,formal_winter_event_2026,398.0,368.0,398.0,450.0
2025-08-28 06:00:00,formal_winter_event_2026,398.0,368.0,398.0,440.0
2025-08-28 06:30:00,formal_winter_event_2026,392.0,364.0,392.0,430.0
2025-08-28 07:00:00,formal_winter_event_2026,390.0,362.0,390.0,428.0
2025-08-28 07:30:00,formal_winter_event_2026,398.0,368.0,398.0,438.0
2025-08-28 08:00:00,formal_winter_event_2026,402.0,368.0,402.0,448.0
2025-08-28 08:30:00,formal_winter_event_2026,368.0,342.0,368.0,404.0
2025-08-28 09:00:00,formal_winter_event_2026,364.0,336.0,364.0,414.0
2025-08-28 09:30:00,formal_winter_event_2026,360.0,334.0,360.0,406.0
2025-08-28 10:00:00,formal_winter_event_2026,356.0,330.0,356.0,384.0
2025-08-28 10:30:00,formal_winter_event_2026,346.0,326.0,346.0,372.0
2025-08-28 11:00:00,formal_winter_event_2026,344.0,324.0,344.0,370.0
2025-08-28 11:30:00,formal_winter_event_2026,362.0,338.0,362.0,390.0
2025-08-28 12:00:00,formal_winter_event_2026,350.0,330.0,350.0,374.0
2025-08-28 12:30:00,formal_winter_event_2026,356.0,336.0,356.0,380.0
2025-08-28 13:00:00,formal_winter_event_2026,354.0,334.0,354.0,382.0
2025-08-28 13:30:00,formal_winter_event_2026,358.0,334.0,358.0,386.0
2025-08-28 14:00:00,formal_winter_event_2026,362.0,340.0,362.0,392.0
2025-08-28 14:30:00,formal_winter_event_2026,372.0,346.0,372.0,420.0
2025-08-28 15:00:00,formal_winter_event_2026,388.0,346.0,388.0,476.0
2025-08-28 15:30:00,formal_winter_event_2026,380.0,346.0,380.0,448.0
2025-08-28 16:00:00,formal_winter_event_2026,382.0,352.0,382.0,434.0
2025-08-28 16:30:00,formal_winter_event_2026,376.0,352.0,376.0,426.0
2025-08-28 17:00:00,formal_winter_event_2026,374.0,350.0,374.0,420.0
2025-08-28 17:30:00,formal_winter_event_2026,378.0,352.0,378.0,420.0
2025-08-28 18:00:00,formal_winter_event_2026,380.0,356.0,380.0,420.0
2025-08-28 18:30:00,formal_winter_event_2026,388.0,362.0,388.0,430.0
2025-08-28 19:00:00,formal_winter_event_2026,392.0,364.0,392.0,442.0
2025-08-28 19:30:00,formal_winter_event_2026,388.0,362.0,388.0,434.0
2025-08-28 20:00:00,formal_winter_event_2026,384.0,360.0,384.0,424.0
2025-08-28 20:30:00,formal_winter_event_2026,374.0,354.0,374.0,408.0
2025-08-28 21:00:00,formal_winter_event_2026,372.0,352.0,372.0,406.0
2025-08-28 21:30:00,formal_winter_event_2026,372.0,350.0,372.0,406.0
2025-08-28 22:00:00,formal_winter_event_2026,368.0,348.0,368.0,396.0
2025-08-28 22:30:00,formal_winter_event_2026,370.0,350.0,370.0,398.0
2025-08-28 23:00:00,formal_winter_event_2026,374.0,352.0,374.0,404.0
2025-08-28 23:30:00,formal_winter_event_2026,376.0,352.0,376.0,408.0
2025-08-29 00:00:00,formal_winter_event_2026,370.0,348.0,370.0,398.0
2025-08-29 00:30:00,formal_winter_event_2026,370.0,352.0,370.0,384.0
2025-08-29 01:00:00,formal_winter_event_2026,368.0,348.0,368.0,386.0
2025-08-29 01:30:00,formal_winter_event_2026,360.0,340.0,360.0,378.0
2025-08-29 02:00:00,formal_winter_event_2026,354.0,334.0,354.0,374.0
2025-08-29 02:30:00,formal_winter_event_2026,364.0,340.0,364.0,386.0
2025-08-29 03:00:00,formal_winter_event_2026,378.0,352.0,378.0,406.0
2025-08-29 03:30:00,formal_winter_event_2026,376.0,350.0,376.0,404.0
2025-08-29 04:00:00,formal_winter_event_2026,372.0,346.0,372.0,400.0
2025-08-29 04:30:00,formal_winter_event_2026,368.0,342.0,368.0,396.0
2025-08-29 05:00:00,formal_winter_event_2026,360.0,334.0,360.0,390.0
2025-08-29 05:30:00,formal_winter_event_2026,358.0,332.0,358.0,386.0
2025-08-29 06:00:00,formal_winter_event_2026,360.0,332.0,360.0,388.0
2025-08-29 06:30:00,formal_winter_event_2026,362.0,336.0,362.0,390.0
2025-08-29 07:00:00,formal_winter_event_2026,368.0,340.0,368.0,396.0
2025-08-29 07:30:00,formal_winter_event_2026,376.0,348.0,376.0,408.0
2025-08-29 08:00:00,formal_winter_event_2026,386.0,354.0,386.0,422.0
2025-08-29 08:30:00,formal_winter_event_2026,370.0,344.0,370.0,396.0
2025-08-29 09:00:00,formal_winter_event_2026,356.0,330.0,356.0,386.0
2025-08-29 09:30:00,formal_winter_event_2026,346.0,320.0,346.0,376.0
2025-08-29 10:00:00,formal_winter_event_2026,346.0,320.0,346.0,374.0
2025-08-29 10:30:00,formal_winter_event_2026,346.0,322.0,346.0,370.0
2025-08-29 11:00:00,formal_winter_event_2026,348.0,322.0,348.0,382.0
2025-08-29 11:30:00,formal_winter_event_2026,346.0,320.0,346.0,374.0
2025-08-29 12:00:00,formal_winter_event_2026,338.0,314.0,338.0,366.0
2025-08-29 12:30:00,formal_winter_event_2026,346.0,322.0,346.0,372.0
2025-08-29 13:00:00,formal_winter_event_2026,350.0,324.0,350.0,376.0
2025-08-29 13:30:00,formal_winter_event_2026,350.0,326.0,350.0,374.0
2025-08-29 14:00:00,formal_winter_event_2026,358.0,334.0,358.0,384.0
2025-08-29 14:30:00,formal_winter_event_2026,368.0,344.0,368.0,398.0
2025-08-29 15:00:00,formal_winter_event_2026,392.0,356.0,392.0,444.0
2025-08-29 15:30:00,formal_winter_event_2026,398.0,362.0,398.0,446.0
2025-08-29 16:00:00,formal_winter_event_2026,386.0,358.0,386.0,422.0
2025-08-29 16:30:00,formal_winter_event_2026,374.0,346.0,374.0,408.0
2025-08-29 17:00:00,formal_winter_event_2026,368.0,340.0,368.0,398.0
2025-08-29 17:30:00,formal_winter_event_2026,364.0,338.0,364.0,392.0
2025-08-29 18:00:00,formal_winter_event_2026,364.0,338.0,364.0,392.0
2025-08-29 18:30:00,formal_winter_event_2026,364.0,338.0,364.0,392.0
2025-08-29 19:00:00,formal_winter_event_2026,368.0,340.0,368.0,398.0
2025-08-29 19:30:00,formal_winter_event_2026,372.0,342.0,372.0,404.0
2025-08-29 20:00:00,formal_winter_event_2026,370.0,342.0,370.0,398.0
2025-08-29 20:30:00,formal_winter_event_2026,364.0,338.0,364.0,388.0
2025-08-29 21:00:00,formal_winter_event_2026,358.0,332.0,358.0,386.0
2025-08-29 21:30:00,formal_winter_event_2026,360.0,332.0,360.0,386.0
2025-08-29 22:00:00,formal_winter_event_2026,362.0,334.0,362.0,388.0
2025-08-29 22:30:00,formal_winter_event_2026,356.0,330.0,356.0,384.0
2025-08-29 23:00:00,formal_winter_event_2026,368.0,340.0,368.0,398.0
2025-08-29 23:30:00,formal_winter_event_2026,368.0,340.0,368.0,398.0
2025-08-30 00:00:00,formal_winter_event_2026,362.0,334.0,362.0,390.0
2025-09-04 00:30:00,formal_winter_event_2026,382.0,360.0,382.0,402.0
2025-09-04 01:00:00,formal_winter_event_2026,380.0,350.0,380.0,408.0
2025-09-04 01:30:00,formal_winter_event_2026,370.0,336.0,370.0,404.0
2025-09-04 02:00:00,formal_winter_event_2026,376.0,344.0,376.0,408.0
2025-09-04 02:30:00,formal_winter_event_2026,388.0,356.0,388.0,426.0
2025-09-04 03:00:00,formal_winter_event_2026,394.0,358.0,394.0,448.0
2025-09-04 03:30:00,formal_winter_event_2026,408.0,366.0,408.0,476.0
2025-09-04 04:00:00,formal_winter_event_2026,398.0,364.0,398.0,446.0
2025-09-04 04:30:00,formal_winter_event_2026,388.0,358.0,388.0,424.0
2025-09-04 05:00:00,formal_winter_event_2026,378.0,348.0,378.0,416.0
2025-09-04 05:30:00,formal_winter_event_2026,378.0,348.0,378.0,416.0
2025-09-04 06:00:00,formal_winter_event_2026,384.0,352.0,384.0,422.0
2025-09-04 06:30:00,formal_winter_event_2026,388.0,354.0,388.0,434.0
2025-09-04 07:00:00,formal_winter_event_2026,386.0,344.0,386.0,442.0
2025-09-04 07:30:00,formal_winter_event_2026,380.0,336.0,380.0,442.0
2025-09-04 08:00:00,formal_winter_event_2026,372.0,330.0,372.0,428.0
2025-09-04 08:30:00,formal_winter_event_2026,344.0,286.0,344.0,390.0
2025-09-04 09:00:00,formal_winter_event_2026,320.0,217.0,320.0,384.0
2025-09-04 09:30:00,formal_winter_event_2026,294.0,163.0,294.0,370.0
2025-09-04 10:00:00,formal_winter_event_2026,310.0,229.0,310.0,362.0
2025-09-04 10:30:00,formal_winter_event_2026,318.0,252.0,318.0,360.0
2025-09-04 11:00:00,formal_winter_event_2026,332.0,276.0,332.0,372.0
2025-09-04 11:30:00,formal_winter_event_2026,330.0,268.0,330.0,366.0
2025-09-04 12:00:00,formal_winter_event_2026,320.0,258.0,320.0,356.0
2025-09-04 12:30:00,formal_winter_event_2026,340.0,302.0,340.0,364.0
2025-09-04 13:00:00,formal_winter_event_2026,352.0,316.0,352.0,380.0
2025-09-04 13:30:00,formal_winter_event_2026,348.0,312.0,348.0,374.0
2025-09-04 14:00:00,formal_winter_event_2026,356.0,326.0,356.0,380.0
2025-09-04 14:30:00,formal_winter_event_2026,368.0,336.0,368.0,396.0
2025-09-04 15:00:00,formal_winter_event_2026,396.0,344.0,396.0,486.0
2025-09-04 15:30:00,formal_winter_event_2026,410.0,352.0,410.0,524.0
2025-09-04 16:00:00,formal_winter_event_2026,388.0,336.0,388.0,466.0
2025-09-04 16:30:00,formal_winter_event_2026,390.0,354.0,390.0,434.0
2025-09-04 17:00:00,formal_winter_event_2026,392.0,352.0,392.0,448.0
2025-09-04 17:30:00,formal_winter_event_2026,396.0,352.0,396.0,460.0
2025-09-04 18:00:00,formal_winter_event_2026,400.0,358.0,400.0,460.0
2025-09-04 18:30:00,formal_winter_event_2026,398.0,356.0,398.0,456.0
2025-09-04 19:00:00,formal_winter_event_2026,406.0,354.0,406.0,484.0
2025-09-04 19:30:00,formal_winter_event_2026,398.0,350.0,398.0,484.0
2025-09-04 20:00:00,formal_winter_event_2026,378.0,340.0,378.0,424.0
2025-09-04 20:30:00,formal_winter_event_2026,376.0,344.0,376.0,414.0
2025-09-04 21:00:00,formal_winter_event_2026,386.0,350.0,386.0,430.0
2025-09-04 21:30:00,formal_winter_event_2026,386.0,352.0,386.0,428.0
2025-09-04 22:00:00,formal_winter_event_2026,390.0,354.0,390.0,432.0
2025-09-04 22:30:00,formal_winter_event_2026,394.0,354.0,394.0,448.0
2025-09-04 23:00:00,formal_winter_event_2026,420.0,362.0,420.0,496.0
2025-09-04 23:30:00,formal_winter_event_2026,396.0,346.0,396.0,466.0
2025-09-05 00:00:00,formal_winter_event_2026,392.0,348.0,392.0,450.0
2025-09-05 00:30:00,formal_winter_event_2026,386.0,362.0,386.0,430.0
2025-09-05 01:00:00,formal_winter_event_2026,384.0,360.0,384.0,422.0
2025-09-05 01:30:00,formal_winter_event_2026,382.0,358.0,382.0,424.0
2025-09-05 02:00:00,formal_winter_event_2026,382.0,360.0,382.0,420.0
2025-09-05 02:30:00,formal_winter_event_2026,384.0,360.0,384.0,430.0
2025-09-05 03:00:00,formal_winter_event_2026,388.0,364.0,388.0,426.0
2025-09-05 03:30:00,formal_winter_event_2026,392.0,366.0,392.0,434.0
2025-09-05 04:00:00,formal_winter_event_2026,386.0,364.0,386.0,424.0
2025-09-05 04:30:00,formal_winter_event_2026,382.0,360.0,382.0,410.0
2025-09-05 05:00:00,formal_winter_event_2026,378.0,356.0,378.0,406.0
2025-09-05 05:30:00,formal_winter_event_2026,374.0,354.0,374.0,402.0
2025-09-05 06:00:00,formal_winter_event_2026,376.0,356.0,376.0,408.0
2025-09-05 06:30:00,formal_winter_event_2026,378.0,354.0,378.0,410.0
2025-09-05 07:00:00,formal_winter_event_2026,376.0,352.0,376.0,406.0
2025-09-05 07:30:00,formal_winter_event_2026,372.0,350.0,372.0,408.0
2025-09-05 08:00:00,formal_winter_event_2026,370.0,346.0,370.0,406.0
2025-09-05 08:30:00,formal_winter_event_2026,352.0,332.0,352.0,380.0
2025-09-05 09:00:00,formal_winter_event_2026,352.0,332.0,352.0,382.0
2025-09-05 09:30:00,formal_winter_event_2026,350.0,330.0,350.0,378.0
2025-09-05 10:00:00,formal_winter_event_2026,352.0,332.0,352.0,382.0
2025-09-05 10:30:00,formal_winter_event_2026,352.0,332.0,352.0,384.0
2025-09-05 11:00:00,formal_winter_event_2026,356.0,336.0,356.0,388.0
2025-09-05 11:30:00,formal_winter_event_2026,368.0,340.0,368.0,418.0
2025-09-05 12:00:00,formal_winter_event_2026,354.0,336.0,354.0,388.0
2025-09-05 12:30:00,formal_winter_event_2026,362.0,340.0,362.0,394.0
2025-09-05 13:00:00,formal_winter_event_2026,364.0,340.0,364.0,396.0
2025-09-05 13:30:00,formal_winter_event_2026,364.0,340.0,364.0,398.0
2025-09-05 14:00:00,formal_winter_event_2026,374.0,344.0,374.0,416.0
2025-09-05 14:30:00,formal_winter_event_2026,380.0,348.0,380.0,440.0
2025-09-05 15:00:00,formal_winter_event_2026,400.0,352.0,400.0,508.0
2025-09-05 15:30:00,formal_winter_event_2026,404.0,354.0,404.0,568.0
2025-09-05 16:00:00,formal_winter_event_2026,508.0,374.0,508.0,804.0
2025-09-05 16:30:00,formal_winter_event_2026,568.0,416.0,568.0,824.0
2025-09-05 17:00:00,formal_winter_event_2026,568.0,400.0,568.0,832.0
2025-09-05 17:30:00,formal_winter_event_2026,600.0,416.0,600.0,860.0
2025-09-05 18:00:00,formal_winter_event_2026,636.0,436.0,636.0,888.0
2025-09-05 18:30:00,formal_winter_event_2026,652.0,442.0,652.0,880.0
2025-09-05 19:00:00,formal_winter_event_2026,656.0,440.0,656.0,888.0
2025-09-05 19:30:00,formal_winter_event_2026,636.0,438.0,636.0,872.0
2025-09-05 20:00:00,formal_winter_event_2026,576.0,408.0,576.0,836.0
2025-09-05 20:30:00,formal_winter_event_2026,556.0,406.0,556.0,804.0
2025-09-05 21:00:00,formal_winter_event_2026,572.0,410.0,572.0,824.0
2025-09-05 21:30:00,formal_winter_event_2026,600.0,416.0,600.0,852.0
2025-09-05 22:00:00,formal_winter_event_2026,584.0,414.0,584.0,844.0
2025-09-05 22:30:00,formal_winter_event_2026,548.0,400.0,548.0,824.0
2025-09-05 23:00:00,formal_winter_event_2026,540.0,398.0,540.0,804.0
2025-09-05 23:30:00,formal_winter_event_2026,490.0,384.0,490.0,708.0
2025-09-06 00:00:00,formal_winter_event_2026,446.0,368.0,446.0,636.0
2025-09-08 00:30:00,formal_winter_event_2026,404.0,370.0,404.0,452.0
2025-09-08 01:00:00,formal_winter_event_2026,402.0,370.0,402.0,446.0
2025-09-08 01:30:00,formal_winter_event_2026,404.0,368.0,404.0,450.0
2025-09-08 02:00:00,formal_winter_event_2026,408.0,372.0,408.0,454.0
2025-09-08 02:30:00,formal_winter_event_2026,420.0,378.0,420.0,476.0
2025-09-08 03:00:00,formal_winter_event_2026,428.0,382.0,428.0,492.0
2025-09-08 03:30:00,formal_winter_event_2026,456.0,392.0,456.0,552.0
2025-09-08 04:00:00,formal_winter_event_2026,444.0,392.0,444.0,524.0
2025-09-08 04:30:00,formal_winter_event_2026,416.0,376.0,416.0,464.0
2025-09-08 05:00:00,formal_winter_event_2026,408.0,372.0,408.0,450.0
2025-09-08 05:30:00,formal_winter_event_2026,406.0,370.0,406.0,446.0
2025-09-08 06:00:00,formal_winter_event_2026,408.0,372.0,408.0,450.0
2025-09-08 06:30:00,formal_winter_event_2026,410.0,370.0,410.0,454.0
2025-09-08 07:00:00,formal_winter_event_2026,408.0,370.0,408.0,454.0
2025-09-08 07:30:00,formal_winter_event_2026,408.0,370.0,408.0,456.0
2025-09-08 08:00:00,formal_winter_event_2026,408.0,370.0,408.0,456.0
2025-09-08 08:30:00,formal_winter_event_2026,380.0,350.0,380.0,414.0
2025-09-08 09:00:00,formal_winter_event_2026,382.0,350.0,382.0,420.0
2025-09-08 09:30:00,formal_winter_event_2026,382.0,352.0,382.0,418.0
2025-09-08 10:00:00,formal_winter_event_2026,384.0,352.0,384.0,422.0
2025-09-08 10:30:00,formal_winter_event_2026,382.0,352.0,382.0,420.0
2025-09-08 11:00:00,formal_winter_event_2026,384.0,352.0,384.0,422.0
2025-09-08 11:30:00,formal_winter_event_2026,392.0,354.0,392.0,450.0
2025-09-08 12:00:00,formal_winter_event_2026,384.0,354.0,384.0,430.0
2025-09-08 12:30:00,formal_winter_event_2026,392.0,356.0,392.0,444.0
2025-09-08 13:00:00,formal_winter_event_2026,394.0,358.0,394.0,446.0
2025-09-08 13:30:00,formal_winter_event_2026,390.0,356.0,390.0,436.0
2025-09-08 14:00:00,formal_winter_event_2026,392.0,360.0,392.0,440.0
2025-09-08 14:30:00,formal_winter_event_2026,400.0,362.0,400.0,462.0
2025-09-08 15:00:00,formal_winter_event_2026,414.0,368.0,414.0,504.0
2025-09-08 15:30:00,formal_winter_event_2026,434.0,372.0,434.0,556.0
2025-09-08 16:00:00,formal_winter_event_2026,676.0,470.0,676.0,848.0
2025-09-08 16:30:00,formal_winter_event_2026,576.0,452.0,576.0,780.0
2025-09-08 17:00:00,formal_winter_event_2026,580.0,434.0,580.0,804.0
2025-09-08 17:30:00,formal_winter_event_2026,796.0,576.0,796.0,976.0
2025-09-08 18:00:00,formal_winter_event_2026,828.0,632.0,828.0,1012.0
2025-09-08 18:30:00,formal_winter_event_2026,840.0,636.0,840.0,1020.0
2025-09-08 19:00:00,formal_winter_event_2026,836.0,640.0,836.0,1012.0
2025-09-08 19:30:00,formal_winter_event_2026,816.0,580.0,816.0,1008.0
2025-09-08 20:00:00,formal_winter_event_2026,648.0,444.0,648.0,944.0
2025-09-08 20:30:00,formal_winter_event_2026,604.0,434.0,604.0,892.0
2025-09-08 21:00:00,formal_winter_event_2026,820.0,644.0,820.0,1000.0
2025-09-08 21:30:00,formal_winter_event_2026,820.0,648.0,820.0,1004.0
2025-09-08 22:00:00,formal_winter_event_2026,796.0,576.0,796.0,964.0
2025-09-08 22:30:00,formal_winter_event_2026,764.0,512.0,764.0,964.0
2025-09-08 23:00:00,formal_winter_event_2026,816.0,596.0,816.0,1016.0
2025-09-08 23:30:00,formal_winter_event_2026,482.0,398.0,482.0,680.0
2025-09-09 00:00:00,formal_winter_event_2026,434.0,384.0,434.0,528.0
2025-09-09 00:30:00,formal_winter_event_2026,360.0,326.0,360.0,392.0
2025-09-09 01:00:00,formal_winter_event_2026,362.0,326.0,362.0,398.0
2025-09-09 01:30:00,formal_winter_event_2026,376.0,336.0,376.0,410.0
2025-09-09 02:00:00,formal_winter_event_2026,380.0,342.0,380.0,416.0
2025-09-09 02:30:00,formal_winter_event_2026,386.0,344.0,386.0,422.0
2025-09-09 03:00:00,formal_winter_event_2026,390.0,350.0,390.0,426.0
2025-09-09 03:30:00,formal_winter_event_2026,404.0,360.0,404.0,446.0
2025-09-09 04:00:00,formal_winter_event_2026,376.0,340.0,376.0,412.0
2025-09-09 04:30:00,formal_winter_event_2026,376.0,334.0,376.0,412.0
2025-09-09 05:00:00,formal_winter_event_2026,370.0,330.0,370.0,406.0
2025-09-09 05:30:00,formal_winter_event_2026,366.0,326.0,366.0,402.0
2025-09-09 06:00:00,formal_winter_event_2026,368.0,328.0,368.0,402.0
2025-09-09 06:30:00,formal_winter_event_2026,374.0,332.0,374.0,412.0
2025-09-09 07:00:00,formal_winter_event_2026,378.0,334.0,378.0,418.0
2025-09-09 07:30:00,formal_winter_event_2026,378.0,334.0,378.0,420.0
2025-09-09 08:00:00,formal_winter_event_2026,380.0,338.0,380.0,422.0
2025-09-09 08:30:00,formal_winter_event_2026,316.0,260.0,316.0,364.0
2025-09-09 09:00:00,formal_winter_event_2026,324.0,268.0,324.0,376.0
2025-09-09 09:30:00,formal_winter_event_2026,330.0,272.0,330.0,378.0
2025-09-09 10:00:00,formal_winter_event_2026,342.0,284.0,342.0,390.0
2025-09-09 10:30:00,formal_winter_event_2026,346.0,290.0,346.0,398.0
2025-09-09 11:00:00,formal_winter_event_2026,368.0,308.0,368.0,432.0
2025-09-09 11:30:00,formal_winter_event_2026,392.0,320.0,392.0,462.0
2025-09-09 12:00:00,formal_winter_event_2026,332.0,280.0,332.0,392.0
2025-09-09 12:30:00,formal_winter_event_2026,338.0,284.0,338.0,392.0
2025-09-09 13:00:00,formal_winter_event_2026,404.0,338.0,404.0,472.0
2025-09-09 13:30:00,formal_winter_event_2026,380.0,316.0,380.0,444.0
2025-09-09 14:00:00,formal_winter_event_2026,376.0,312.0,376.0,438.0
2025-09-09 14:30:00,formal_winter_event_2026,382.0,308.0,382.0,452.0
2025-09-09 15:00:00,formal_winter_event_2026,472.0,370.0,472.0,580.0
2025-09-09 15:30:00,formal_winter_event_2026,652.0,488.0,652.0,800.0
2025-09-09 16:00:00,formal_winter_event_2026,648.0,490.0,648.0,780.0
2025-09-09 16:30:00,formal_winter_event_2026,624.0,490.0,624.0,752.0
2025-09-09 17:00:00,formal_winter_event_2026,612.0,478.0,612.0,748.0
2025-09-09 17:30:00,formal_winter_event_2026,628.0,494.0,628.0,752.0
2025-09-09 18:00:00,formal_winter_event_2026,640.0,506.0,640.0,764.0
2025-09-09 18:30:00,formal_winter_event_2026,652.0,520.0,652.0,772.0
2025-09-09 19:00:00,formal_winter_event_2026,808.0,696.0,808.0,912.0
2025-09-09 19:30:00,formal_winter_event_2026,788.0,660.0,788.0,900.0
2025-09-09 20:00:00,formal_winter_event_2026,556.0,452.0,556.0,684.0
2025-09-09 20:30:00,formal_winter_event_2026,736.0,596.0,736.0,848.0
2025-09-09 21:00:00,formal_winter_event_2026,844.0,732.0,844.0,940.0
2025-09-09 21:30:00,formal_winter_event_2026,852.0,728.0,852.0,956.0
2025-09-09 22:00:00,formal_winter_event_2026,736.0,584.0,736.0,856.0
2025-09-09 22:30:00,formal_winter_event_2026,536.0,428.0,536.0,672.0
2025-09-09 23:00:00,formal_winter_event_2026,820.0,684.0,820.0,928.0
2025-09-09 23:30:00,formal_winter_event_2026,462.0,374.0,462.0,572.0
2025-09-10 00:00:00,formal_winter_event_2026,382.0,308.0,382.0,462.0
2025-09-10 00:30:00,formal_winter_event_2026,404.0,362.0,404.0,510.0
2025-09-10 01:00:00,formal_winter_event_2026,392.0,360.0,392.0,468.0
2025-09-10 01:30:00,formal_winter_event_2026,394.0,356.0,394.0,520.0
2025-09-10 02:00:00,formal_winter_event_2026,402.0,358.0,402.0,548.0
2025-09-10 02:30:00,formal_winter_event_2026,404.0,360.0,404.0,588.0
2025-09-10 03:00:00,formal_winter_event_2026,406.0,360.0,406.0,604.0
2025-09-10 03:30:00,formal_winter_event_2026,496.0,382.0,496.0,760.0
2025-09-10 04:00:00,formal_winter_event_2026,388.0,354.0,388.0,492.0
2025-09-10 04:30:00,formal_winter_event_2026,386.0,356.0,386.0,452.0
2025-09-10 05:00:00,formal_winter_event_2026,386.0,356.0,386.0,442.0
2025-09-10 05:30:00,formal_winter_event_2026,384.0,352.0,384.0,444.0
2025-09-10 06:00:00,formal_winter_event_2026,388.0,356.0,388.0,446.0
2025-09-10 06:30:00,formal_winter_event_2026,394.0,356.0,394.0,502.0
2025-09-10 07:00:00,formal_winter_event_2026,404.0,360.0,404.0,560.0
2025-09-10 07:30:00,formal_winter_event_2026,388.0,354.0,388.0,502.0
2025-09-10 08:00:00,formal_winter_event_2026,388.0,350.0,388.0,516.0
2025-09-10 08:30:00,formal_winter_event_2026,350.0,288.0,350.0,420.0
2025-09-10 09:00:00,formal_winter_event_2026,354.0,296.0,354.0,430.0
2025-09-10 09:30:00,formal_winter_event_2026,348.0,288.0,348.0,420.0
2025-09-10 10:00:00,formal_winter_event_2026,356.0,294.0,356.0,432.0
2025-09-10 10:30:00,formal_winter_event_2026,356.0,296.0,356.0,446.0
2025-09-10 11:00:00,formal_winter_event_2026,362.0,300.0,362.0,468.0
2025-09-10 11:30:00,formal_winter_event_2026,370.0,302.0,370.0,564.0
2025-09-10 12:00:00,formal_winter_event_2026,360.0,294.0,360.0,516.0
2025-09-10 12:30:00,formal_winter_event_2026,458.0,340.0,458.0,740.0
2025-09-10 13:00:00,formal_winter_event_2026,548.0,392.0,548.0,840.0
2025-09-10 13:30:00,formal_winter_event_2026,398.0,314.0,398.0,600.0
2025-09-10 14:00:00,formal_winter_event_2026,382.0,314.0,382.0,552.0
2025-09-10 14:30:00,formal_winter_event_2026,404.0,318.0,404.0,604.0
2025-09-10 15:00:00,formal_winter_event_2026,484.0,336.0,484.0,760.0
2025-09-10 15:30:00,formal_winter_event_2026,712.0,420.0,712.0,908.0
2025-09-10 16:00:00,formal_winter_event_2026,700.0,428.0,700.0,912.0
2025-09-10 16:30:00,formal_winter_event_2026,632.0,446.0,632.0,856.0
2025-09-10 17:00:00,formal_winter_event_2026,612.0,402.0,612.0,864.0
2025-09-10 17:30:00,formal_winter_event_2026,576.0,382.0,576.0,836.0
2025-09-10 18:00:00,formal_winter_event_2026,568.0,358.0,568.0,840.0
2025-09-10 18:30:00,formal_winter_event_2026,564.0,350.0,564.0,856.0
2025-09-10 19:00:00,formal_winter_event_2026,664.0,392.0,664.0,900.0
2025-09-10 19:30:00,formal_winter_event_2026,632.0,394.0,632.0,876.0
2025-09-10 20:00:00,formal_winter_event_2026,440.0,330.0,440.0,724.0
2025-09-10 20:30:00,formal_winter_event_2026,608.0,384.0,608.0,856.0
2025-09-10 21:00:00,formal_winter_event_2026,712.0,494.0,712.0,908.0
2025-09-10 21:30:00,formal_winter_event_2026,704.0,490.0,704.0,908.0
2025-09-10 22:00:00,formal_winter_event_2026,616.0,424.0,616.0,848.0
2025-09-10 22:30:00,formal_winter_event_2026,446.0,340.0,446.0,672.0
2025-09-10 23:00:00,formal_winter_event_2026,620.0,432.0,620.0,836.0
2025-09-10 23:30:00,formal_winter_event_2026,406.0,324.0,406.0,600.0
2025-09-11 00:00:00,formal_winter_event_2026,372.0,298.0,372.0,504.0
2025-09-11 00:30:00,formal_winter_event_2026,374.0,338.0,374.0,408.0
2025-09-11 01:00:00,formal_winter_event_2026,378.0,342.0,378.0,416.0
2025-09-11 01:30:00,formal_winter_event_2026,382.0,346.0,382.0,420.0
2025-09-11 02:00:00,formal_winter_event_2026,386.0,352.0,386.0,426.0
2025-09-11 02:30:00,formal_winter_event_2026,394.0,352.0,394.0,450.0
2025-09-11 03:00:00,formal_winter_event_2026,392.0,354.0,392.0,448.0
2025-09-11 03:30:00,formal_winter_event_2026,392.0,356.0,392.0,438.0
2025-09-11 04:00:00,formal_winter_event_2026,382.0,352.0,382.0,416.0
2025-09-11 04:30:00,formal_winter_event_2026,382.0,350.0,382.0,408.0
2025-09-11 05:00:00,formal_winter_event_2026,380.0,350.0,380.0,404.0
2025-09-11 05:30:00,formal_winter_event_2026,380.0,350.0,380.0,408.0
2025-09-11 06:00:00,formal_winter_event_2026,384.0,352.0,384.0,412.0
2025-09-11 06:30:00,formal_winter_event_2026,384.0,352.0,384.0,416.0
2025-09-11 07:00:00,formal_winter_event_2026,388.0,356.0,388.0,418.0
2025-09-11 07:30:00,formal_winter_event_2026,388.0,358.0,388.0,428.0
2025-09-11 08:00:00,formal_winter_event_2026,392.0,358.0,392.0,436.0
2025-09-11 08:30:00,formal_winter_event_2026,386.0,340.0,386.0,436.0
2025-09-11 09:00:00,formal_winter_event_2026,384.0,336.0,384.0,436.0
2025-09-11 09:30:00,formal_winter_event_2026,382.0,334.0,382.0,434.0
2025-09-11 10:00:00,formal_winter_event_2026,388.0,340.0,388.0,450.0
2025-09-11 10:30:00,formal_winter_event_2026,390.0,336.0,390.0,468.0
2025-09-11 11:00:00,formal_winter_event_2026,388.0,328.0,388.0,500.0
2025-09-11 11:30:00,formal_winter_event_2026,386.0,322.0,386.0,528.0
2025-09-11 12:00:00,formal_winter_event_2026,366.0,308.0,366.0,494.0
2025-09-11 12:30:00,formal_winter_event_2026,370.0,310.0,370.0,504.0
2025-09-11 13:00:00,formal_winter_event_2026,450.0,360.0,450.0,696.0
2025-09-11 13:30:00,formal_winter_event_2026,384.0,322.0,384.0,528.0
2025-09-11 14:00:00,formal_winter_event_2026,376.0,318.0,376.0,488.0
2025-09-11 14:30:00,formal_winter_event_2026,390.0,320.0,390.0,524.0
2025-09-11 15:00:00,formal_winter_event_2026,412.0,326.0,412.0,620.0
2025-09-11 15:30:00,formal_winter_event_2026,592.0,400.0,592.0,908.0
2025-09-11 16:00:00,formal_winter_event_2026,608.0,426.0,608.0,896.0
2025-09-11 16:30:00,formal_winter_event_2026,580.0,458.0,580.0,804.0
2025-09-11 17:00:00,formal_winter_event_2026,564.0,438.0,564.0,812.0
2025-09-11 17:30:00,formal_winter_event_2026,516.0,406.0,516.0,760.0
2025-09-11 18:00:00,formal_winter_event_2026,510.0,394.0,510.0,732.0
2025-09-11 18:30:00,formal_winter_event_2026,544.0,426.0,544.0,776.0
2025-09-11 19:00:00,formal_winter_event_2026,604.0,448.0,604.0,824.0
2025-09-11 19:30:00,formal_winter_event_2026,560.0,430.0,560.0,808.0
2025-09-11 20:00:00,formal_winter_event_2026,494.0,394.0,494.0,744.0
2025-09-11 20:30:00,formal_winter_event_2026,470.0,386.0,470.0,684.0
2025-09-11 21:00:00,formal_winter_event_2026,470.0,384.0,470.0,720.0
2025-09-11 21:30:00,formal_winter_event_2026,468.0,378.0,468.0,736.0
2025-09-11 22:00:00,formal_winter_event_2026,442.0,364.0,442.0,656.0
2025-09-11 22:30:00,formal_winter_event_2026,422.0,356.0,422.0,604.0
2025-09-11 23:00:00,formal_winter_event_2026,450.0,362.0,450.0,668.0
2025-09-11 23:30:00,formal_winter_event_2026,406.0,342.0,406.0,572.0
2025-09-12 00:00:00,formal_winter_event_2026,374.0,322.0,374.0,492.0
2025-09-12 00:30:00,formal_winter_event_2026,362.0,340.0,362.0,382.0
2025-09-12 01:00:00,formal_winter_event_2026,368.0,346.0,368.0,392.0
2025-09-12 01:30:00,formal_winter_event_2026,384.0,360.0,384.0,410.0
2025-09-12 02:00:00,formal_winter_event_2026,398.0,372.0,398.0,438.0
2025-09-12 02:30:00,formal_winter_event_2026,396.0,370.0,396.0,446.0
2025-09-12 03:00:00,formal_winter_event_2026,388.0,364.0,388.0,420.0
2025-09-12 03:30:00,formal_winter_event_2026,384.0,362.0,384.0,410.0
2025-09-12 04:00:00,formal_winter_event_2026,376.0,356.0,376.0,398.0
2025-09-12 04:30:00,formal_winter_event_2026,374.0,354.0,374.0,392.0
2025-09-12 05:00:00,formal_winter_event_2026,372.0,354.0,372.0,388.0
2025-09-12 05:30:00,formal_winter_event_2026,374.0,358.0,374.0,398.0
2025-09-12 06:00:00,formal_winter_event_2026,386.0,364.0,386.0,414.0
2025-09-12 06:30:00,formal_winter_event_2026,384.0,360.0,384.0,422.0
2025-09-12 07:00:00,formal_winter_event_2026,376.0,342.0,376.0,426.0
2025-09-12 07:30:00,formal_winter_event_2026,354.0,308.0,354.0,418.0
2025-09-12 08:00:00,formal_winter_event_2026,342.0,290.0,342.0,416.0
2025-09-12 08:30:00,formal_winter_event_2026,326.0,266.0,326.0,366.0
2025-09-12 09:00:00,formal_winter_event_2026,316.0,250.0,316.0,362.0
2025-09-12 09:30:00,formal_winter_event_2026,314.0,237.0,314.0,358.0
2025-09-12 10:00:00,formal_winter_event_2026,310.0,224.0,310.0,364.0
2025-09-12 10:30:00,formal_winter_event_2026,306.0,215.0,306.0,366.0
2025-09-12 11:00:00,formal_winter_event_2026,298.0,192.0,298.0,368.0
2025-09-12 11:30:00,formal_winter_event_2026,316.0,215.0,316.0,388.0
2025-09-12 12:00:00,formal_winter_event_2026,282.0,154.0,282.0,382.0
2025-09-12 12:30:00,formal_winter_event_2026,302.0,187.0,302.0,404.0
2025-09-12 13:00:00,formal_winter_event_2026,312.0,192.0,312.0,430.0
2025-09-12 13:30:00,formal_winter_event_2026,294.0,190.0,294.0,406.0
2025-09-12 14:00:00,formal_winter_event_2026,310.0,209.0,310.0,428.0
2025-09-12 14:30:00,formal_winter_event_2026,338.0,244.0,338.0,486.0
2025-09-12 15:00:00,formal_winter_event_2026,360.0,250.0,360.0,556.0
2025-09-12 15:30:00,formal_winter_event_2026,386.0,248.0,386.0,624.0
2025-09-12 16:00:00,formal_winter_event_2026,454.0,290.0,454.0,748.0
2025-09-12 16:30:00,formal_winter_event_2026,458.0,376.0,458.0,800.0
2025-09-12 17:00:00,formal_winter_event_2026,470.0,382.0,470.0,844.0
2025-09-12 17:30:00,formal_winter_event_2026,460.0,386.0,460.0,796.0
2025-09-12 18:00:00,formal_winter_event_2026,444.0,386.0,444.0,704.0
2025-09-12 18:30:00,formal_winter_event_2026,464.0,406.0,464.0,724.0
2025-09-12 19:00:00,formal_winter_event_2026,478.0,420.0,478.0,736.0
2025-09-12 19:30:00,formal_winter_event_2026,470.0,420.0,470.0,696.0
2025-09-12 20:00:00,formal_winter_event_2026,444.0,406.0,444.0,624.0
2025-09-12 20:30:00,formal_winter_event_2026,436.0,402.0,436.0,592.0
2025-09-12 21:00:00,formal_winter_event_2026,430.0,396.0,430.0,572.0
2025-09-12 21:30:00,formal_winter_event_2026,416.0,386.0,416.0,548.0
2025-09-12 22:00:00,formal_winter_event_2026,402.0,374.0,402.0,516.0
2025-09-12 22:30:00,formal_winter_event_2026,398.0,366.0,398.0,506.0
2025-09-12 23:00:00,formal_winter_event_2026,402.0,366.0,402.0,506.0
2025-09-12 23:30:00,formal_winter_event_2026,386.0,348.0,386.0,484.0
2025-09-13 00:00:00,formal_winter_event_2026,370.0,336.0,370.0,448.0
2025-09-13 00:30:00,formal_winter_event_2026,380.0,356.0,380.0,418.0
2025-09-13 01:00:00,formal_winter_event_2026,384.0,356.0,384.0,434.0
2025-09-13 01:30:00,formal_winter_event_2026,396.0,360.0,396.0,466.0
2025-09-13 02:00:00,formal_winter_event_2026,408.0,366.0,408.0,532.0
2025-09-13 02:30:00,formal_winter_event_2026,416.0,364.0,416.0,604.0
2025-09-13 03:00:00,formal_winter_event_2026,414.0,368.0,414.0,584.0
2025-09-13 03:30:00,formal_winter_event_2026,406.0,364.0,406.0,556.0
2025-09-13 04:00:00,formal_winter_event_2026,394.0,360.0,394.0,494.0
2025-09-13 04:30:00,formal_winter_event_2026,386.0,356.0,386.0,456.0
2025-09-13 05:00:00,formal_winter_event_2026,384.0,356.0,384.0,448.0
2025-09-13 05:30:00,formal_winter_event_2026,388.0,360.0,388.0,448.0
2025-09-13 06:00:00,formal_winter_event_2026,398.0,368.0,398.0,472.0
2025-09-13 06:30:00,formal_winter_event_2026,408.0,368.0,408.0,520.0
2025-09-13 07:00:00,formal_winter_event_2026,408.0,364.0,408.0,548.0
2025-09-13 07:30:00,formal_winter_event_2026,398.0,354.0,398.0,548.0
2025-09-13 08:00:00,formal_winter_event_2026,386.0,342.0,386.0,552.0
2025-09-13 08:30:00,formal_winter_event_2026,340.0,286.0,340.0,414.0
2025-09-13 09:00:00,formal_winter_event_2026,344.0,290.0,344.0,406.0
2025-09-13 09:30:00,formal_winter_event_2026,344.0,294.0,344.0,410.0
2025-09-13 10:00:00,formal_winter_event_2026,354.0,304.0,354.0,430.0
2025-09-13 10:30:00,formal_winter_event_2026,358.0,302.0,358.0,446.0
2025-09-13 11:00:00,formal_winter_event_2026,360.0,300.0,360.0,468.0
2025-09-13 11:30:00,formal_winter_event_2026,362.0,300.0,362.0,492.0
2025-09-13 12:00:00,formal_winter_event_2026,342.0,276.0,342.0,478.0
2025-09-13 12:30:00,formal_winter_event_2026,358.0,288.0,358.0,520.0
2025-09-13 13:00:00,formal_winter_event_2026,380.0,310.0,380.0,560.0
2025-09-13 13:30:00,formal_winter_event_2026,356.0,290.0,356.0,488.0
2025-09-13 14:00:00,formal_winter_event_2026,364.0,296.0,364.0,504.0
2025-09-13 14:30:00,formal_winter_event_2026,400.0,320.0,400.0,576.0
2025-09-13 15:00:00,formal_winter_event_2026,474.0,354.0,474.0,736.0
2025-09-13 15:30:00,formal_winter_event_2026,516.0,372.0,516.0,780.0
2025-09-13 16:00:00,formal_winter_event_2026,572.0,406.0,572.0,860.0
2025-09-13 16:30:00,formal_winter_event_2026,548.0,386.0,548.0,892.0
2025-09-13 17:00:00,formal_winter_event_2026,532.0,398.0,532.0,844.0
2025-09-13 17:30:00,formal_winter_event_2026,490.0,406.0,490.0,696.0
2025-09-13 18:00:00,formal_winter_event_2026,452.0,388.0,452.0,604.0
2025-09-13 18:30:00,formal_winter_event_2026,502.0,420.0,502.0,688.0
2025-09-13 19:00:00,formal_winter_event_2026,544.0,448.0,544.0,752.0
2025-09-13 19:30:00,formal_winter_event_2026,536.0,444.0,536.0,760.0
2025-09-13 20:00:00,formal_winter_event_2026,492.0,418.0,492.0,712.0
2025-09-13 20:30:00,formal_winter_event_2026,478.0,410.0,478.0,648.0
2025-09-13 21:00:00,formal_winter_event_2026,486.0,418.0,486.0,632.0
2025-09-13 21:30:00,formal_winter_event_2026,440.0,394.0,440.0,536.0
2025-09-13 22:00:00,formal_winter_event_2026,414.0,368.0,414.0,484.0
2025-09-13 22:30:00,formal_winter_event_2026,406.0,358.0,406.0,482.0
2025-09-13 23:00:00,formal_winter_event_2026,436.0,380.0,436.0,532.0
2025-09-13 23:30:00,formal_winter_event_2026,394.0,350.0,394.0,466.0
2025-09-14 00:00:00,formal_winter_event_2026,372.0,332.0,372.0,428.0
2025-09-14 00:30:00,formal_winter_event_2026,360.0,340.0,360.0,378.0
2025-09-14 01:00:00,formal_winter_event_2026,360.0,336.0,360.0,382.0
2025-09-14 01:30:00,formal_winter_event_2026,360.0,330.0,360.0,386.0
2025-09-14 02:00:00,formal_winter_event_2026,360.0,326.0,360.0,394.0
2025-09-14 02:30:00,formal_winter_event_2026,366.0,328.0,366.0,420.0
2025-09-14 03:00:00,formal_winter_event_2026,368.0,332.0,368.0,418.0
2025-09-14 03:30:00,formal_winter_event_2026,366.0,328.0,366.0,408.0
2025-09-14 04:00:00,formal_winter_event_2026,358.0,328.0,358.0,388.0
2025-09-14 04:30:00,formal_winter_event_2026,354.0,324.0,354.0,382.0
2025-09-14 05:00:00,formal_winter_event_2026,354.0,324.0,354.0,382.0
2025-09-14 05:30:00,formal_winter_event_2026,356.0,328.0,356.0,386.0
2025-09-14 06:00:00,formal_winter_event_2026,360.0,328.0,360.0,392.0
2025-09-14 06:30:00,formal_winter_event_2026,364.0,328.0,364.0,400.0
2025-09-14 07:00:00,formal_winter_event_2026,366.0,322.0,366.0,408.0
2025-09-14 07:30:00,formal_winter_event_2026,360.0,310.0,360.0,408.0
2025-09-14 08:00:00,formal_winter_event_2026,350.0,290.0,350.0,406.0
2025-09-14 08:30:00,formal_winter_event_2026,298.0,232.0,298.0,346.0
2025-09-14 09:00:00,formal_winter_event_2026,298.0,229.0,298.0,348.0
2025-09-14 09:30:00,formal_winter_event_2026,296.0,227.0,296.0,344.0
2025-09-14 10:00:00,formal_winter_event_2026,300.0,232.0,300.0,352.0
2025-09-14 10:30:00,formal_winter_event_2026,306.0,232.0,306.0,356.0
2025-09-14 11:00:00,formal_winter_event_2026,306.0,229.0,306.0,360.0
2025-09-14 11:30:00,formal_winter_event_2026,300.0,218.0,300.0,358.0
2025-09-14 12:00:00,formal_winter_event_2026,276.0,179.0,276.0,340.0
2025-09-14 12:30:00,formal_winter_event_2026,290.0,197.0,290.0,354.0
2025-09-14 13:00:00,formal_winter_event_2026,300.0,205.0,300.0,372.0
2025-09-14 13:30:00,formal_winter_event_2026,294.0,197.0,294.0,370.0
2025-09-14 14:00:00,formal_winter_event_2026,304.0,191.0,304.0,390.0
2025-09-14 14:30:00,formal_winter_event_2026,336.0,203.0,336.0,484.0
2025-09-14 15:00:00,formal_winter_event_2026,390.0,199.0,390.0,668.0
2025-09-14 15:30:00,formal_winter_event_2026,392.0,201.0,392.0,616.0
2025-09-14 16:00:00,formal_winter_event_2026,424.0,240.0,424.0,656.0
2025-09-14 16:30:00,formal_winter_event_2026,432.0,290.0,432.0,716.0
2025-09-14 17:00:00,formal_winter_event_2026,432.0,298.0,432.0,712.0
2025-09-14 17:30:00,formal_winter_event_2026,388.0,306.0,388.0,560.0
2025-09-14 18:00:00,formal_winter_event_2026,366.0,300.0,366.0,490.0
2025-09-14 18:30:00,formal_winter_event_2026,374.0,304.0,374.0,510.0
2025-09-14 19:00:00,formal_winter_event_2026,392.0,316.0,392.0,560.0
2025-09-14 19:30:00,formal_winter_event_2026,390.0,318.0,390.0,552.0
2025-09-14 20:00:00,formal_winter_event_2026,376.0,314.0,376.0,486.0
2025-09-14 20:30:00,formal_winter_event_2026,378.0,318.0,378.0,484.0
2025-09-14 21:00:00,formal_winter_event_2026,390.0,330.0,390.0,490.0
2025-09-14 21:30:00,formal_winter_event_2026,380.0,326.0,380.0,450.0
2025-09-14 22:00:00,formal_winter_event_2026,372.0,320.0,372.0,428.0
2025-09-14 22:30:00,formal_winter_event_2026,372.0,314.0,372.0,436.0
2025-09-14 23:00:00,formal_winter_event_2026,376.0,314.0,376.0,444.0
2025-09-14 23:30:00,formal_winter_event_2026,364.0,310.0,364.0,422.0
2025-09-15 00:00:00,formal_winter_event_2026,354.0,300.0,354.0,398.0
2025-09-15 00:30:00,formal_winter_event_2026,352.0,332.0,352.0,370.0
2025-09-15 01:00:00,formal_winter_event_2026,348.0,326.0,348.0,370.0
2025-09-15 01:30:00,formal_winter_event_2026,344.0,318.0,344.0,368.0
2025-09-15 02:00:00,formal_winter_event_2026,346.0,320.0,346.0,372.0
2025-09-15 02:30:00,formal_winter_event_2026,352.0,322.0,352.0,382.0
2025-09-15 03:00:00,formal_winter_event_2026,344.0,316.0,344.0,372.0
2025-09-15 03:30:00,formal_winter_event_2026,338.0,308.0,338.0,364.0
2025-09-15 04:00:00,formal_winter_event_2026,336.0,306.0,336.0,362.0
2025-09-15 04:30:00,formal_winter_event_2026,332.0,304.0,332.0,360.0
2025-09-15 05:00:00,formal_winter_event_2026,332.0,300.0,332.0,358.0
2025-09-15 05:30:00,formal_winter_event_2026,332.0,300.0,332.0,360.0
2025-09-15 06:00:00,formal_winter_event_2026,340.0,308.0,340.0,368.0
2025-09-15 06:30:00,formal_winter_event_2026,348.0,316.0,348.0,378.0
2025-09-15 07:00:00,formal_winter_event_2026,354.0,318.0,354.0,386.0
2025-09-15 07:30:00,formal_winter_event_2026,362.0,324.0,362.0,408.0
2025-09-15 08:00:00,formal_winter_event_2026,360.0,318.0,360.0,412.0
2025-09-15 08:30:00,formal_winter_event_2026,326.0,254.0,326.0,394.0
2025-09-15 09:00:00,formal_winter_event_2026,334.0,255.0,334.0,408.0
2025-09-15 09:30:00,formal_winter_event_2026,348.0,264.0,348.0,430.0
2025-09-15 10:00:00,formal_winter_event_2026,354.0,268.0,354.0,438.0
2025-09-15 10:30:00,formal_winter_event_2026,350.0,266.0,350.0,434.0
2025-09-15 11:00:00,formal_winter_event_2026,338.0,255.0,338.0,414.0
2025-09-15 11:30:00,formal_winter_event_2026,328.0,245.0,328.0,408.0
2025-09-15 12:00:00,formal_winter_event_2026,322.0,230.0,322.0,408.0
2025-09-15 12:30:00,formal_winter_event_2026,354.0,256.0,354.0,478.0
2025-09-15 13:00:00,formal_winter_event_2026,332.0,237.0,332.0,426.0
2025-09-15 13:30:00,formal_winter_event_2026,306.0,210.0,306.0,396.0
2025-09-15 14:00:00,formal_winter_event_2026,294.0,191.0,294.0,386.0
2025-09-15 14:30:00,formal_winter_event_2026,336.0,217.0,336.0,456.0
2025-09-15 15:00:00,formal_winter_event_2026,422.0,243.0,422.0,720.0
2025-09-15 15:30:00,formal_winter_event_2026,548.0,306.0,548.0,896.0
2025-09-15 16:00:00,formal_winter_event_2026,528.0,300.0,528.0,896.0
2025-09-15 16:30:00,formal_winter_event_2026,652.0,408.0,652.0,1088.0
2025-09-15 17:00:00,formal_winter_event_2026,864.0,450.0,864.0,1288.0
2025-09-15 17:30:00,formal_winter_event_2026,756.0,438.0,756.0,1184.0
2025-09-15 18:00:00,formal_winter_event_2026,648.0,420.0,648.0,1048.0
2025-09-15 18:30:00,formal_winter_event_2026,636.0,422.0,636.0,1016.0
2025-09-15 19:00:00,formal_winter_event_2026,700.0,428.0,700.0,1080.0
2025-09-15 19:30:00,formal_winter_event_2026,664.0,432.0,664.0,1048.0
2025-09-15 20:00:00,formal_winter_event_2026,502.0,384.0,502.0,776.0
2025-09-15 20:30:00,formal_winter_event_2026,502.0,388.0,502.0,736.0
2025-09-15 21:00:00,formal_winter_event_2026,508.0,392.0,508.0,712.0
2025-09-15 21:30:00,formal_winter_event_2026,504.0,396.0,504.0,692.0
2025-09-15 22:00:00,formal_winter_event_2026,476.0,386.0,476.0,636.0
2025-09-15 22:30:00,formal_winter_event_2026,466.0,376.0,466.0,640.0
2025-09-15 23:00:00,formal_winter_event_2026,596.0,414.0,596.0,888.0
2025-09-15 23:30:00,formal_winter_event_2026,528.0,394.0,528.0,800.0
2025-09-16 00:00:00,formal_winter_event_2026,440.0,364.0,440.0,584.0
2025-09-16 00:30:00,formal_winter_event_2026,374.0,358.0,374.0,404.0
2025-09-16 01:00:00,formal_winter_event_2026,372.0,354.0,372.0,410.0
2025-09-16 01:30:00,formal_winter_event_2026,372.0,348.0,372.0,420.0
2025-09-16 02:00:00,formal_winter_event_2026,374.0,348.0,374.0,444.0
2025-09-16 02:30:00,formal_winter_event_2026,388.0,350.0,388.0,540.0
2025-09-16 03:00:00,formal_winter_event_2026,378.0,344.0,378.0,512.0
2025-09-16 03:30:00,formal_winter_event_2026,368.0,342.0,368.0,466.0
2025-09-16 04:00:00,formal_winter_event_2026,368.0,340.0,368.0,452.0
2025-09-16 04:30:00,formal_winter_event_2026,366.0,342.0,366.0,436.0
2025-09-16 05:00:00,formal_winter_event_2026,364.0,340.0,364.0,420.0
2025-09-16 05:30:00,formal_winter_event_2026,362.0,340.0,362.0,408.0
2025-09-16 06:00:00,formal_winter_event_2026,366.0,340.0,366.0,418.0
2025-09-16 06:30:00,formal_winter_event_2026,374.0,342.0,374.0,462.0
2025-09-16 07:00:00,formal_winter_event_2026,378.0,340.0,378.0,506.0
2025-09-16 07:30:00,formal_winter_event_2026,376.0,340.0,376.0,516.0
2025-09-16 08:00:00,formal_winter_event_2026,380.0,340.0,380.0,552.0
2025-09-16 08:30:00,formal_winter_event_2026,344.0,290.0,344.0,444.0
2025-09-16 09:00:00,formal_winter_event_2026,348.0,292.0,348.0,458.0
2025-09-16 09:30:00,formal_winter_event_2026,358.0,296.0,358.0,476.0
2025-09-16 10:00:00,formal_winter_event_2026,366.0,304.0,366.0,480.0
2025-09-16 10:30:00,formal_winter_event_2026,374.0,308.0,374.0,500.0
2025-09-16 11:00:00,formal_winter_event_2026,384.0,314.0,384.0,516.0
2025-09-16 11:30:00,formal_winter_event_2026,420.0,328.0,420.0,616.0
2025-09-16 12:00:00,formal_winter_event_2026,416.0,326.0,416.0,596.0
2025-09-16 12:30:00,formal_winter_event_2026,442.0,338.0,442.0,640.0
2025-09-16 13:00:00,formal_winter_event_2026,434.0,338.0,434.0,604.0
2025-09-16 13:30:00,formal_winter_event_2026,408.0,330.0,408.0,548.0
2025-09-16 14:00:00,formal_winter_event_2026,412.0,328.0,412.0,548.0
2025-09-16 14:30:00,formal_winter_event_2026,444.0,338.0,444.0,624.0
2025-09-16 15:00:00,formal_winter_event_2026,528.0,354.0,528.0,824.0
2025-09-16 15:30:00,formal_winter_event_2026,596.0,370.0,596.0,904.0
2025-09-16 16:00:00,formal_winter_event_2026,732.0,438.0,732.0,1016.0
2025-09-16 16:30:00,formal_winter_event_2026,792.0,512.0,792.0,1088.0
2025-09-16 17:00:00,formal_winter_event_2026,744.0,460.0,744.0,1008.0
2025-09-16 17:30:00,formal_winter_event_2026,472.0,358.0,472.0,704.0
2025-09-16 18:00:00,formal_winter_event_2026,450.0,346.0,450.0,664.0
2025-09-16 18:30:00,formal_winter_event_2026,478.0,356.0,478.0,756.0
2025-09-16 19:00:00,formal_winter_event_2026,560.0,374.0,560.0,844.0
2025-09-16 19:30:00,formal_winter_event_2026,528.0,372.0,528.0,828.0
2025-09-16 20:00:00,formal_winter_event_2026,474.0,358.0,474.0,764.0
2025-09-16 20:30:00,formal_winter_event_2026,512.0,374.0,512.0,784.0
2025-09-16 21:00:00,formal_winter_event_2026,490.0,370.0,490.0,752.0
2025-09-16 21:30:00,formal_winter_event_2026,428.0,350.0,428.0,632.0
2025-09-16 22:00:00,formal_winter_event_2026,408.0,342.0,408.0,588.0
2025-09-16 22:30:00,formal_winter_event_2026,414.0,342.0,414.0,600.0
2025-09-16 23:00:00,formal_winter_event_2026,422.0,346.0,422.0,628.0
2025-09-16 23:30:00,formal_winter_event_2026,392.0,334.0,392.0,536.0
2025-09-17 00:00:00,formal_winter_event_2026,388.0,332.0,388.0,498.0
2025-09-17 00:30:00,formal_winter_event_2026,376.0,352.0,376.0,412.0
2025-09-17 01:00:00,formal_winter_event_2026,390.0,360.0,390.0,454.0
2025-09-17 01:30:00,formal_winter_event_2026,382.0,356.0,382.0,432.0
2025-09-17 02:00:00,formal_winter_event_2026,392.0,362.0,392.0,452.0
2025-09-17 02:30:00,formal_winter_event_2026,408.0,370.0,408.0,494.0
2025-09-17 03:00:00,formal_winter_event_2026,382.0,356.0,382.0,428.0
2025-09-17 03:30:00,formal_winter_event_2026,382.0,356.0,382.0,426.0
2025-09-17 04:00:00,formal_winter_event_2026,376.0,352.0,376.0,412.0
2025-09-17 04:30:00,formal_winter_event_2026,372.0,350.0,372.0,404.0
2025-09-17 05:00:00,formal_winter_event_2026,372.0,350.0,372.0,402.0
2025-09-17 05:30:00,formal_winter_event_2026,370.0,348.0,370.0,400.0
2025-09-17 06:00:00,formal_winter_event_2026,374.0,348.0,374.0,404.0
2025-09-17 06:30:00,formal_winter_event_2026,376.0,348.0,376.0,414.0
2025-09-17 07:00:00,formal_winter_event_2026,376.0,346.0,376.0,426.0
2025-09-17 07:30:00,formal_winter_event_2026,366.0,342.0,366.0,406.0
2025-09-17 08:00:00,formal_winter_event_2026,368.0,342.0,368.0,414.0
2025-09-17 08:30:00,formal_winter_event_2026,326.0,272.0,326.0,380.0
2025-09-17 09:00:00,formal_winter_event_2026,318.0,262.0,318.0,374.0
2025-09-17 09:30:00,formal_winter_event_2026,316.0,258.0,316.0,372.0
2025-09-17 10:00:00,formal_winter_event_2026,340.0,282.0,340.0,412.0
2025-09-17 10:30:00,formal_winter_event_2026,350.0,288.0,350.0,418.0
2025-09-17 11:00:00,formal_winter_event_2026,334.0,278.0,334.0,390.0
2025-09-17 11:30:00,formal_winter_event_2026,334.0,278.0,334.0,394.0
2025-09-17 12:00:00,formal_winter_event_2026,328.0,268.0,328.0,384.0
2025-09-17 12:30:00,formal_winter_event_2026,336.0,278.0,336.0,386.0
2025-09-17 13:00:00,formal_winter_event_2026,334.0,278.0,334.0,386.0
2025-09-17 13:30:00,formal_winter_event_2026,320.0,266.0,320.0,370.0
2025-09-17 14:00:00,formal_winter_event_2026,338.0,284.0,338.0,392.0
2025-09-17 14:30:00,formal_winter_event_2026,352.0,296.0,352.0,418.0
2025-09-17 15:00:00,formal_winter_event_2026,390.0,306.0,390.0,516.0
2025-09-17 15:30:00,formal_winter_event_2026,434.0,304.0,434.0,648.0
2025-09-17 16:00:00,formal_winter_event_2026,450.0,328.0,450.0,656.0
2025-09-17 16:30:00,formal_winter_event_2026,486.0,384.0,486.0,692.0
2025-09-17 17:00:00,formal_winter_event_2026,486.0,378.0,486.0,696.0
2025-09-17 17:30:00,formal_winter_event_2026,466.0,376.0,466.0,664.0
2025-09-17 18:00:00,formal_winter_event_2026,460.0,374.0,460.0,644.0
2025-09-17 18:30:00,formal_winter_event_2026,524.0,406.0,524.0,736.0
2025-09-17 19:00:00,formal_winter_event_2026,600.0,438.0,600.0,828.0
2025-09-17 19:30:00,formal_winter_event_2026,568.0,426.0,568.0,828.0
2025-09-17 20:00:00,formal_winter_event_2026,442.0,364.0,442.0,632.0
2025-09-17 20:30:00,formal_winter_event_2026,544.0,410.0,544.0,792.0
2025-09-17 21:00:00,formal_winter_event_2026,672.0,472.0,672.0,928.0
2025-09-17 21:30:00,formal_winter_event_2026,592.0,434.0,592.0,840.0
2025-09-17 22:00:00,formal_winter_event_2026,462.0,374.0,462.0,640.0
2025-09-17 22:30:00,formal_winter_event_2026,458.0,370.0,458.0,640.0
2025-09-17 23:00:00,formal_winter_event_2026,490.0,378.0,490.0,696.0
2025-09-17 23:30:00,formal_winter_event_2026,418.0,352.0,418.0,560.0
2025-09-18 00:00:00,formal_winter_event_2026,382.0,332.0,382.0,462.0
2025-09-18 00:30:00,formal_winter_event_2026,444.0,376.0,444.0,692.0
2025-09-18 01:00:00,formal_winter_event_2026,394.0,366.0,394.0,564.0
2025-09-18 01:30:00,formal_winter_event_2026,384.0,362.0,384.0,458.0
2025-09-18 02:00:00,formal_winter_event_2026,406.0,366.0,406.0,600.0
2025-09-18 02:30:00,formal_winter_event_2026,472.0,376.0,472.0,812.0
2025-09-18 03:00:00,formal_winter_event_2026,422.0,372.0,422.0,692.0
2025-09-18 03:30:00,formal_winter_event_2026,384.0,364.0,384.0,484.0
2025-09-18 04:00:00,formal_winter_event_2026,382.0,364.0,382.0,460.0
2025-09-18 04:30:00,formal_winter_event_2026,386.0,366.0,386.0,464.0
2025-09-18 05:00:00,formal_winter_event_2026,384.0,368.0,384.0,456.0
2025-09-18 05:30:00,formal_winter_event_2026,384.0,366.0,384.0,432.0
2025-09-18 06:00:00,formal_winter_event_2026,386.0,366.0,386.0,440.0
2025-09-18 06:30:00,formal_winter_event_2026,414.0,372.0,414.0,600.0
2025-09-18 07:00:00,formal_winter_event_2026,402.0,368.0,402.0,564.0
2025-09-18 07:30:00,formal_winter_event_2026,392.0,368.0,392.0,524.0
2025-09-18 08:00:00,formal_winter_event_2026,396.0,366.0,396.0,528.0
2025-09-18 08:30:00,formal_winter_event_2026,366.0,324.0,366.0,440.0
2025-09-18 09:00:00,formal_winter_event_2026,360.0,322.0,360.0,416.0
2025-09-18 09:30:00,formal_winter_event_2026,362.0,324.0,362.0,418.0
2025-09-18 10:00:00,formal_winter_event_2026,386.0,344.0,386.0,468.0
2025-09-18 10:30:00,formal_winter_event_2026,390.0,342.0,390.0,498.0
2025-09-18 11:00:00,formal_winter_event_2026,384.0,338.0,384.0,494.0
2025-09-18 11:30:00,formal_winter_event_2026,388.0,338.0,388.0,512.0
2025-09-18 12:00:00,formal_winter_event_2026,364.0,324.0,364.0,480.0
2025-09-18 12:30:00,formal_winter_event_2026,416.0,338.0,416.0,712.0
2025-09-18 13:00:00,formal_winter_event_2026,600.0,380.0,600.0,1032.0
2025-09-18 13:30:00,formal_winter_event_2026,372.0,320.0,372.0,532.0
2025-09-18 14:00:00,formal_winter_event_2026,368.0,320.0,368.0,520.0
2025-09-18 14:30:00,formal_winter_event_2026,418.0,336.0,418.0,660.0
2025-09-18 15:00:00,formal_winter_event_2026,548.0,350.0,548.0,948.0
2025-09-18 15:30:00,formal_winter_event_2026,592.0,370.0,592.0,980.0
2025-09-18 16:00:00,formal_winter_event_2026,604.0,394.0,604.0,992.0
2025-09-18 16:30:00,formal_winter_event_2026,608.0,408.0,608.0,936.0
2025-09-18 17:00:00,formal_winter_event_2026,588.0,388.0,588.0,916.0
2025-09-18 17:30:00,formal_winter_event_2026,532.0,376.0,532.0,796.0
2025-09-18 18:00:00,formal_winter_event_2026,460.0,342.0,460.0,680.0
2025-09-18 18:30:00,formal_winter_event_2026,556.0,394.0,556.0,848.0
2025-09-18 19:00:00,formal_winter_event_2026,612.0,414.0,612.0,920.0
2025-09-18 19:30:00,formal_winter_event_2026,536.0,380.0,536.0,844.0
2025-09-18 20:00:00,formal_winter_event_2026,504.0,364.0,504.0,800.0
2025-09-18 20:30:00,formal_winter_event_2026,572.0,398.0,572.0,872.0
2025-09-18 21:00:00,formal_winter_event_2026,628.0,434.0,628.0,920.0
2025-09-18 21:30:00,formal_winter_event_2026,490.0,372.0,490.0,716.0
2025-09-18 22:00:00,formal_winter_event_2026,424.0,336.0,424.0,592.0
2025-09-18 22:30:00,formal_winter_event_2026,420.0,330.0,420.0,600.0
2025-09-18 23:00:00,formal_winter_event_2026,448.0,342.0,448.0,656.0
2025-09-18 23:30:00,formal_winter_event_2026,366.0,310.0,366.0,466.0
2025-09-19 00:00:00,formal_winter_event_2026,356.0,300.0,356.0,430.0
2025-09-19 00:30:00,formal_winter_event_2026,392.0,352.0,392.0,458.0
2025-09-19 01:00:00,formal_winter_event_2026,356.0,322.0,356.0,390.0
2025-09-19 01:30:00,formal_winter_event_2026,356.0,328.0,356.0,390.0
2025-09-19 02:00:00,formal_winter_event_2026,382.0,350.0,382.0,434.0
2025-09-19 02:30:00,formal_winter_event_2026,382.0,350.0,382.0,440.0
2025-09-19 03:00:00,formal_winter_event_2026,356.0,328.0,356.0,392.0
2025-09-19 03:30:00,formal_winter_event_2026,354.0,332.0,354.0,382.0
2025-09-19 04:00:00,formal_winter_event_2026,356.0,332.0,356.0,378.0
2025-09-19 04:30:00,formal_winter_event_2026,352.0,330.0,352.0,374.0
2025-09-19 05:00:00,formal_winter_event_2026,350.0,326.0,350.0,368.0
2025-09-19 05:30:00,formal_winter_event_2026,350.0,328.0,350.0,370.0
2025-09-19 06:00:00,formal_winter_event_2026,358.0,334.0,358.0,382.0
2025-09-19 06:30:00,formal_winter_event_2026,366.0,342.0,366.0,392.0
2025-09-19 07:00:00,formal_winter_event_2026,362.0,338.0,362.0,386.0
2025-09-19 07:30:00,formal_winter_event_2026,350.0,326.0,350.0,374.0
2025-09-19 08:00:00,formal_winter_event_2026,340.0,312.0,340.0,364.0
2025-09-19 08:30:00,formal_winter_event_2026,302.0,236.0,302.0,350.0
2025-09-19 09:00:00,formal_winter_event_2026,296.0,225.0,296.0,346.0
2025-09-19 09:30:00,formal_winter_event_2026,300.0,239.0,300.0,342.0
2025-09-19 10:00:00,formal_winter_event_2026,322.0,280.0,322.0,358.0
2025-09-19 10:30:00,formal_winter_event_2026,332.0,288.0,332.0,368.0
2025-09-19 11:00:00,formal_winter_event_2026,332.0,292.0,332.0,370.0
2025-09-19 11:30:00,formal_winter_event_2026,350.0,310.0,350.0,388.0
2025-09-19 12:00:00,formal_winter_event_2026,338.0,302.0,338.0,376.0
2025-09-19 12:30:00,formal_winter_event_2026,346.0,304.0,346.0,384.0
2025-09-19 13:00:00,formal_winter_event_2026,350.0,318.0,350.0,386.0
2025-09-19 13:30:00,formal_winter_event_2026,352.0,316.0,352.0,386.0
2025-09-19 14:00:00,formal_winter_event_2026,358.0,322.0,358.0,400.0
2025-09-19 14:30:00,formal_winter_event_2026,374.0,330.0,374.0,438.0
2025-09-19 15:00:00,formal_winter_event_2026,408.0,324.0,408.0,576.0
2025-09-19 15:30:00,formal_winter_event_2026,470.0,342.0,470.0,708.0
2025-09-19 16:00:00,formal_winter_event_2026,448.0,338.0,448.0,664.0
2025-09-19 16:30:00,formal_winter_event_2026,552.0,406.0,552.0,800.0
2025-09-19 17:00:00,formal_winter_event_2026,524.0,388.0,524.0,780.0
2025-09-19 17:30:00,formal_winter_event_2026,418.0,366.0,418.0,536.0
2025-09-19 18:00:00,formal_winter_event_2026,416.0,370.0,416.0,516.0
2025-09-19 18:30:00,formal_winter_event_2026,452.0,384.0,452.0,600.0
2025-09-19 19:00:00,formal_winter_event_2026,516.0,392.0,516.0,756.0
2025-09-19 19:30:00,formal_winter_event_2026,460.0,386.0,460.0,664.0
2025-09-19 20:00:00,formal_winter_event_2026,414.0,360.0,414.0,556.0
2025-09-19 20:30:00,formal_winter_event_2026,458.0,378.0,458.0,664.0
2025-09-19 21:00:00,formal_winter_event_2026,524.0,408.0,524.0,776.0
2025-09-19 21:30:00,formal_winter_event_2026,430.0,380.0,430.0,540.0
2025-09-19 22:00:00,formal_winter_event_2026,412.0,372.0,412.0,476.0
2025-09-19 22:30:00,formal_winter_event_2026,410.0,366.0,410.0,480.0
2025-09-19 23:00:00,formal_winter_event_2026,438.0,382.0,438.0,560.0
2025-09-19 23:30:00,formal_winter_event_2026,392.0,362.0,392.0,432.0
2025-09-20 00:00:00,formal_winter_event_2026,380.0,352.0,380.0,412.0
2025-09-20 00:30:00,formal_winter_event_2026,366.0,332.0,366.0,396.0
2025-09-20 01:00:00,formal_winter_event_2026,358.0,322.0,358.0,388.0
2025-09-20 01:30:00,formal_winter_event_2026,348.0,312.0,348.0,378.0
2025-09-20 02:00:00,formal_winter_event_2026,370.0,330.0,370.0,418.0
2025-09-20 02:30:00,formal_winter_event_2026,394.0,342.0,394.0,470.0
2025-09-20 03:00:00,formal_winter_event_2026,368.0,332.0,368.0,416.0
2025-09-20 03:30:00,formal_winter_event_2026,356.0,328.0,356.0,384.0
2025-09-20 04:00:00,formal_winter_event_2026,354.0,328.0,354.0,380.0
2025-09-20 04:30:00,formal_winter_event_2026,350.0,322.0,350.0,372.0
2025-09-20 05:00:00,formal_winter_event_2026,342.0,312.0,342.0,364.0
2025-09-20 05:30:00,formal_winter_event_2026,344.0,318.0,344.0,370.0
2025-09-20 06:00:00,formal_winter_event_2026,350.0,320.0,350.0,376.0
2025-09-20 06:30:00,formal_winter_event_2026,350.0,320.0,350.0,378.0
2025-09-20 07:00:00,formal_winter_event_2026,350.0,314.0,350.0,378.0
2025-09-20 07:30:00,formal_winter_event_2026,350.0,314.0,350.0,374.0
2025-09-20 08:00:00,formal_winter_event_2026,350.0,314.0,350.0,378.0
2025-09-20 08:30:00,formal_winter_event_2026,292.0,234.0,292.0,342.0
2025-09-20 09:00:00,formal_winter_event_2026,310.0,251.0,310.0,362.0
2025-09-20 09:30:00,formal_winter_event_2026,322.0,270.0,322.0,364.0
2025-09-20 10:00:00,formal_winter_event_2026,346.0,304.0,346.0,386.0
2025-09-20 10:30:00,formal_winter_event_2026,360.0,312.0,360.0,404.0
2025-09-20 11:00:00,formal_winter_event_2026,372.0,320.0,372.0,430.0
2025-09-20 11:30:00,formal_winter_event_2026,402.0,342.0,402.0,486.0
2025-09-20 12:00:00,formal_winter_event_2026,370.0,304.0,370.0,462.0
2025-09-20 12:30:00,formal_winter_event_2026,454.0,332.0,454.0,684.0
2025-09-20 13:00:00,formal_winter_event_2026,532.0,370.0,532.0,896.0
2025-09-20 13:30:00,formal_winter_event_2026,396.0,322.0,396.0,532.0
2025-09-20 14:00:00,formal_winter_event_2026,404.0,328.0,404.0,516.0
2025-09-20 14:30:00,formal_winter_event_2026,416.0,330.0,416.0,596.0
2025-09-20 15:00:00,formal_winter_event_2026,484.0,324.0,484.0,828.0
2025-09-20 15:30:00,formal_winter_event_2026,448.0,312.0,448.0,680.0
2025-09-20 16:00:00,formal_winter_event_2026,430.0,316.0,430.0,632.0
2025-09-20 16:30:00,formal_winter_event_2026,392.0,302.0,392.0,512.0
2025-09-20 17:00:00,formal_winter_event_2026,402.0,280.0,402.0,572.0
2025-09-20 17:30:00,formal_winter_event_2026,336.0,256.0,336.0,420.0
2025-09-20 18:00:00,formal_winter_event_2026,320.0,247.0,320.0,386.0
2025-09-20 18:30:00,formal_winter_event_2026,332.0,258.0,332.0,398.0
2025-09-20 19:00:00,formal_winter_event_2026,342.0,266.0,342.0,426.0
2025-09-20 19:30:00,formal_winter_event_2026,334.0,262.0,334.0,406.0
2025-09-20 20:00:00,formal_winter_event_2026,322.0,251.0,322.0,388.0
2025-09-20 20:30:00,formal_winter_event_2026,332.0,264.0,332.0,396.0
2025-09-20 21:00:00,formal_winter_event_2026,350.0,274.0,350.0,428.0
2025-09-20 21:30:00,formal_winter_event_2026,350.0,278.0,350.0,414.0
2025-09-20 22:00:00,formal_winter_event_2026,348.0,276.0,348.0,410.0
2025-09-20 22:30:00,formal_winter_event_2026,356.0,284.0,356.0,416.0
2025-09-20 23:00:00,formal_winter_event_2026,368.0,288.0,368.0,440.0
2025-09-20 23:30:00,formal_winter_event_2026,340.0,270.0,340.0,400.0
2025-09-21 00:00:00,formal_winter_event_2026,328.0,256.0,328.0,386.0
2025-09-21 00:30:00,formal_winter_event_2026,268.0,200.0,268.0,302.0
2025-09-21 01:00:00,formal_winter_event_2026,284.0,215.0,284.0,326.0
2025-09-21 01:30:00,formal_winter_event_2026,284.0,198.0,284.0,330.0
2025-09-21 02:00:00,formal_winter_event_2026,296.0,206.0,296.0,346.0
2025-09-21 02:30:00,formal_winter_event_2026,318.0,234.0,318.0,374.0
2025-09-21 03:00:00,formal_winter_event_2026,302.0,193.0,302.0,360.0
2025-09-21 03:30:00,formal_winter_event_2026,276.0,165.0,276.0,332.0
2025-09-21 04:00:00,formal_winter_event_2026,270.0,174.0,270.0,324.0
2025-09-21 04:30:00,formal_winter_event_2026,258.0,151.0,258.0,316.0
2025-09-21 05:00:00,formal_winter_event_2026,253.0,132.0,253.0,314.0
2025-09-21 05:30:00,formal_winter_event_2026,262.0,144.0,262.0,318.0
2025-09-21 06:00:00,formal_winter_event_2026,274.0,151.0,274.0,328.0
2025-09-21 06:30:00,formal_winter_event_2026,284.0,172.0,284.0,340.0
2025-09-21 07:00:00,formal_winter_event_2026,298.0,176.0,298.0,354.0
2025-09-21 07:30:00,formal_winter_event_2026,314.0,185.0,314.0,374.0
2025-09-21 08:00:00,formal_winter_event_2026,286.0,100.5,286.0,358.0
2025-09-21 08:30:00,formal_winter_event_2026,129.0,-65.0,129.0,248.0
2025-09-21 09:00:00,formal_winter_event_2026,185.0,-9.8125,185.0,296.0
2025-09-21 09:30:00,formal_winter_event_2026,202.0,33.25,202.0,298.0
2025-09-21 10:00:00,formal_winter_event_2026,232.0,111.5,232.0,320.0
2025-09-21 10:30:00,formal_winter_event_2026,262.0,163.0,262.0,346.0
2025-09-21 11:00:00,formal_winter_event_2026,260.0,132.0,260.0,346.0
2025-09-21 11:30:00,formal_winter_event_2026,330.0,212.0,330.0,430.0
2025-09-21 12:00:00,formal_winter_event_2026,274.0,149.0,274.0,370.0
2025-09-21 12:30:00,formal_winter_event_2026,286.0,163.0,286.0,386.0
2025-09-21 13:00:00,formal_winter_event_2026,302.0,181.0,302.0,400.0
2025-09-21 13:30:00,formal_winter_event_2026,244.0,95.5,244.0,352.0
2025-09-21 14:00:00,formal_winter_event_2026,298.0,174.0,298.0,396.0
2025-09-21 14:30:00,formal_winter_event_2026,284.0,119.0,284.0,400.0
2025-09-21 15:00:00,formal_winter_event_2026,282.0,64.0,282.0,422.0
2025-09-21 15:30:00,formal_winter_event_2026,247.0,33.25,247.0,386.0
2025-09-21 16:00:00,formal_winter_event_2026,236.0,42.75,236.0,360.0
2025-09-21 16:30:00,formal_winter_event_2026,262.0,92.5,262.0,386.0
2025-09-21 17:00:00,formal_winter_event_2026,276.0,81.5,276.0,422.0
2025-09-21 17:30:00,formal_winter_event_2026,217.0,-9.8125,217.0,360.0
2025-09-21 18:00:00,formal_winter_event_2026,142.0,-69.0,142.0,300.0
2025-09-21 18:30:00,formal_winter_event_2026,139.0,-114.0,139.0,340.0
2025-09-21 19:00:00,formal_winter_event_2026,156.0,-144.0,156.0,392.0
2025-09-21 19:30:00,formal_winter_event_2026,160.0,-85.0,160.0,368.0
2025-09-21 20:00:00,formal_winter_event_2026,165.0,-16.875,165.0,312.0
2025-09-21 20:30:00,formal_winter_event_2026,216.0,70.0,216.0,336.0
2025-09-21 21:00:00,formal_winter_event_2026,253.0,132.0,253.0,354.0
2025-09-21 21:30:00,formal_winter_event_2026,238.0,139.0,238.0,326.0
2025-09-21 22:00:00,formal_winter_event_2026,236.0,144.0,236.0,320.0
2025-09-21 22:30:00,formal_winter_event_2026,255.0,167.0,255.0,336.0
2025-09-21 23:00:00,formal_winter_event_2026,270.0,181.0,270.0,354.0
2025-09-21 23:30:00,formal_winter_event_2026,240.0,156.0,240.0,314.0
2025-09-22 00:00:00,formal_winter_event_2026,249.0,170.0,249.0,320.0
2025-09-22 00:30:00,formal_winter_event_2026,254.0,219.0,254.0,280.0
2025-09-22 01:00:00,formal_winter_event_2026,264.0,222.0,264.0,296.0
2025-09-22 01:30:00,formal_winter_event_2026,268.0,216.0,268.0,302.0
2025-09-22 02:00:00,formal_winter_event_2026,280.0,227.0,280.0,324.0
2025-09-22 02:30:00,formal_winter_event_2026,290.0,236.0,290.0,334.0
2025-09-22 03:00:00,formal_winter_event_2026,270.0,209.0,270.0,314.0
2025-09-22 03:30:00,formal_winter_event_2026,260.0,195.0,260.0,302.0
2025-09-22 04:00:00,formal_winter_event_2026,256.0,194.0,256.0,298.0
2025-09-22 04:30:00,formal_winter_event_2026,254.0,196.0,254.0,292.0
2025-09-22 05:00:00,formal_winter_event_2026,252.0,192.0,252.0,294.0
2025-09-22 05:30:00,formal_winter_event_2026,251.0,186.0,251.0,292.0
2025-09-22 06:00:00,formal_winter_event_2026,254.0,192.0,254.0,296.0
2025-09-22 06:30:00,formal_winter_event_2026,266.0,205.0,266.0,308.0
2025-09-22 07:00:00,formal_winter_event_2026,272.0,212.0,272.0,314.0
2025-09-22 07:30:00,formal_winter_event_2026,282.0,222.0,282.0,328.0
2025-09-22 08:00:00,formal_winter_event_2026,280.0,216.0,280.0,328.0
2025-09-22 08:30:00,formal_winter_event_2026,197.0,84.5,197.0,270.0
2025-09-22 09:00:00,formal_winter_event_2026,217.0,89.0,217.0,294.0
2025-09-22 09:30:00,formal_winter_event_2026,223.0,95.5,223.0,300.0
2025-09-22 10:00:00,formal_winter_event_2026,251.0,160.0,251.0,316.0
2025-09-22 10:30:00,formal_winter_event_2026,264.0,179.0,264.0,322.0
2025-09-22 11:00:00,formal_winter_event_2026,260.0,176.0,260.0,322.0
2025-09-22 11:30:00,formal_winter_event_2026,334.0,256.0,334.0,418.0
2025-09-22 12:00:00,formal_winter_event_2026,262.0,173.0,262.0,334.0
2025-09-22 12:30:00,formal_winter_event_2026,256.0,162.0,256.0,336.0
2025-09-22 13:00:00,formal_winter_event_2026,236.0,116.0,236.0,330.0
2025-09-22 13:30:00,formal_winter_event_2026,155.0,-0.01397705078125,155.0,262.0
2025-09-22 14:00:00,formal_winter_event_2026,236.0,131.0,236.0,306.0
2025-09-22 14:30:00,formal_winter_event_2026,245.0,148.0,245.0,314.0
2025-09-22 15:00:00,formal_winter_event_2026,237.0,125.5,237.0,308.0
2025-09-22 15:30:00,formal_winter_event_2026,268.0,163.0,268.0,346.0
2025-09-22 16:00:00,formal_winter_event_2026,236.0,127.5,236.0,308.0
2025-09-22 16:30:00,formal_winter_event_2026,316.0,167.0,316.0,446.0
2025-09-22 17:00:00,formal_winter_event_2026,354.0,153.0,354.0,560.0
2025-09-22 17:30:00,formal_winter_event_2026,276.0,82.5,276.0,430.0
2025-09-22 18:00:00,formal_winter_event_2026,249.0,69.0,249.0,384.0
2025-09-22 18:30:00,formal_winter_event_2026,235.0,24.5,235.0,386.0
2025-09-22 19:00:00,formal_winter_event_2026,198.0,-101.5,198.0,396.0
2025-09-22 19:30:00,formal_winter_event_2026,187.0,-47.75,187.0,370.0
2025-09-22 20:00:00,formal_winter_event_2026,80.0,-135.0,80.0,239.0
2025-09-22 20:30:00,formal_winter_event_2026,215.0,45.0,215.0,360.0
2025-09-22 21:00:00,formal_winter_event_2026,350.0,171.0,350.0,548.0
2025-09-22 21:30:00,formal_winter_event_2026,276.0,142.0,276.0,386.0
2025-09-22 22:00:00,formal_winter_event_2026,237.0,112.0,237.0,328.0
2025-09-22 22:30:00,formal_winter_event_2026,230.0,108.0,230.0,322.0
2025-09-22 23:00:00,formal_winter_event_2026,258.0,133.0,258.0,356.0
2025-09-22 23:30:00,formal_winter_event_2026,266.0,165.0,266.0,348.0
2025-09-23 00:00:00,formal_winter_event_2026,240.0,139.0,240.0,314.0
2025-09-23 00:30:00,formal_winter_event_2026,338.0,310.0,338.0,366.0
2025-09-23 01:00:00,formal_winter_event_2026,370.0,340.0,370.0,402.0
2025-09-23 01:30:00,formal_winter_event_2026,370.0,338.0,370.0,402.0
2025-09-23 02:00:00,formal_winter_event_2026,380.0,342.0,380.0,416.0
2025-09-23 02:30:00,formal_winter_event_2026,390.0,352.0,390.0,430.0
2025-09-23 03:00:00,formal_winter_event_2026,372.0,336.0,372.0,408.0
2025-09-23 03:30:00,formal_winter_event_2026,352.0,318.0,352.0,386.0
2025-09-23 04:00:00,formal_winter_event_2026,344.0,312.0,344.0,376.0
2025-09-23 04:30:00,formal_winter_event_2026,342.0,310.0,342.0,374.0
2025-09-23 05:00:00,formal_winter_event_2026,346.0,312.0,346.0,378.0
2025-09-23 05:30:00,formal_winter_event_2026,350.0,314.0,350.0,380.0
2025-09-23 06:00:00,formal_winter_event_2026,352.0,316.0,352.0,386.0
2025-09-23 06:30:00,formal_winter_event_2026,358.0,320.0,358.0,394.0
2025-09-23 07:00:00,formal_winter_event_2026,362.0,318.0,362.0,400.0
2025-09-23 07:30:00,formal_winter_event_2026,372.0,322.0,372.0,422.0
2025-09-23 08:00:00,formal_winter_event_2026,372.0,304.0,372.0,434.0
2025-09-23 08:30:00,formal_winter_event_2026,300.0,216.0,300.0,378.0
2025-09-23 09:00:00,formal_winter_event_2026,322.0,237.0,322.0,404.0
2025-09-23 09:30:00,formal_winter_event_2026,338.0,252.0,338.0,418.0
2025-09-23 10:00:00,formal_winter_event_2026,352.0,272.0,352.0,432.0
2025-09-23 10:30:00,formal_winter_event_2026,370.0,294.0,370.0,452.0
2025-09-23 11:00:00,formal_winter_event_2026,382.0,304.0,382.0,470.0
2025-09-23 11:30:00,formal_winter_event_2026,488.0,380.0,488.0,640.0
2025-09-23 12:00:00,formal_winter_event_2026,396.0,300.0,396.0,510.0
2025-09-23 12:30:00,formal_winter_event_2026,390.0,288.0,390.0,510.0
2025-09-23 13:00:00,formal_winter_event_2026,392.0,286.0,392.0,524.0
2025-09-23 13:30:00,formal_winter_event_2026,326.0,219.0,326.0,434.0
2025-09-23 14:00:00,formal_winter_event_2026,368.0,266.0,368.0,472.0
2025-09-23 14:30:00,formal_winter_event_2026,370.0,264.0,370.0,486.0
2025-09-23 15:00:00,formal_winter_event_2026,414.0,292.0,414.0,572.0
2025-09-23 15:30:00,formal_winter_event_2026,458.0,314.0,458.0,656.0
2025-09-23 16:00:00,formal_winter_event_2026,496.0,338.0,496.0,712.0
2025-09-23 16:30:00,formal_winter_event_2026,468.0,310.0,468.0,656.0
2025-09-23 17:00:00,formal_winter_event_2026,438.0,276.0,438.0,636.0
2025-09-23 17:30:00,formal_winter_event_2026,366.0,196.0,366.0,544.0
2025-09-23 18:00:00,formal_winter_event_2026,326.0,159.0,326.0,478.0
2025-09-23 18:30:00,formal_winter_event_2026,356.0,150.0,356.0,572.0
2025-09-23 19:00:00,formal_winter_event_2026,388.0,112.0,388.0,708.0
2025-09-23 19:30:00,formal_winter_event_2026,380.0,143.0,380.0,688.0
2025-09-23 20:00:00,formal_winter_event_2026,334.0,143.0,334.0,556.0
2025-09-23 20:30:00,formal_winter_event_2026,408.0,272.0,408.0,572.0
2025-09-23 21:00:00,formal_winter_event_2026,424.0,284.0,424.0,588.0
2025-09-23 21:30:00,formal_winter_event_2026,408.0,290.0,408.0,540.0
2025-09-23 22:00:00,formal_winter_event_2026,384.0,282.0,384.0,490.0
2025-09-23 22:30:00,formal_winter_event_2026,384.0,278.0,384.0,496.0
2025-09-23 23:00:00,formal_winter_event_2026,422.0,310.0,422.0,552.0
2025-09-23 23:30:00,formal_winter_event_2026,348.0,260.0,348.0,430.0
2025-09-24 00:00:00,formal_winter_event_2026,328.0,246.0,328.0,396.0
2025-09-24 00:30:00,formal_winter_event_2026,374.0,340.0,374.0,416.0
2025-09-24 01:00:00,formal_winter_event_2026,388.0,350.0,388.0,442.0
2025-09-24 01:30:00,formal_winter_event_2026,396.0,354.0,396.0,454.0
2025-09-24 02:00:00,formal_winter_event_2026,406.0,356.0,406.0,486.0
2025-09-24 02:30:00,formal_winter_event_2026,412.0,364.0,412.0,490.0
2025-09-24 03:00:00,formal_winter_event_2026,378.0,340.0,378.0,434.0
2025-09-24 03:30:00,formal_winter_event_2026,362.0,326.0,362.0,410.0
2025-09-24 04:00:00,formal_winter_event_2026,358.0,320.0,358.0,404.0
2025-09-24 04:30:00,formal_winter_event_2026,356.0,318.0,356.0,404.0
2025-09-24 05:00:00,formal_winter_event_2026,354.0,314.0,354.0,400.0
2025-09-24 05:30:00,formal_winter_event_2026,350.0,312.0,350.0,396.0
2025-09-24 06:00:00,formal_winter_event_2026,366.0,322.0,366.0,420.0
2025-09-24 06:30:00,formal_winter_event_2026,396.0,344.0,396.0,474.0
2025-09-24 07:00:00,formal_winter_event_2026,396.0,338.0,396.0,482.0
2025-09-24 07:30:00,formal_winter_event_2026,398.0,334.0,398.0,504.0
2025-09-24 08:00:00,formal_winter_event_2026,442.0,342.0,442.0,624.0
2025-09-24 08:30:00,formal_winter_event_2026,388.0,294.0,388.0,516.0
2025-09-24 09:00:00,formal_winter_event_2026,426.0,320.0,426.0,564.0
2025-09-24 09:30:00,formal_winter_event_2026,438.0,334.0,438.0,568.0
2025-09-24 10:00:00,formal_winter_event_2026,454.0,350.0,454.0,588.0
2025-09-24 10:30:00,formal_winter_event_2026,446.0,342.0,446.0,572.0
2025-09-24 11:00:00,formal_winter_event_2026,434.0,328.0,434.0,572.0
2025-09-24 11:30:00,formal_winter_event_2026,676.0,480.0,676.0,920.0
2025-09-24 12:00:00,formal_winter_event_2026,464.0,324.0,464.0,692.0
2025-09-24 12:30:00,formal_winter_event_2026,684.0,448.0,684.0,1032.0
2025-09-24 13:00:00,formal_winter_event_2026,712.0,464.0,712.0,1048.0
2025-09-24 13:30:00,formal_winter_event_2026,340.0,243.0,340.0,464.0
2025-09-24 14:00:00,formal_winter_event_2026,408.0,304.0,408.0,536.0
2025-09-24 14:30:00,formal_winter_event_2026,454.0,338.0,454.0,608.0
2025-09-24 15:00:00,formal_winter_event_2026,556.0,402.0,556.0,776.0
2025-09-24 15:30:00,formal_winter_event_2026,494.0,358.0,494.0,676.0
2025-09-24 16:00:00,formal_winter_event_2026,600.0,436.0,600.0,824.0
2025-09-24 16:30:00,formal_winter_event_2026,696.0,486.0,696.0,968.0
2025-09-24 17:00:00,formal_winter_event_2026,548.0,394.0,548.0,740.0
2025-09-24 17:30:00,formal_winter_event_2026,420.0,308.0,420.0,560.0
2025-09-24 18:00:00,formal_winter_event_2026,374.0,274.0,374.0,504.0
2025-09-24 18:30:00,formal_winter_event_2026,488.0,356.0,488.0,660.0
2025-09-24 19:00:00,formal_winter_event_2026,502.0,366.0,502.0,680.0
2025-09-24 19:30:00,formal_winter_event_2026,474.0,340.0,474.0,660.0
2025-09-24 20:00:00,formal_winter_event_2026,472.0,318.0,472.0,732.0
2025-09-24 20:30:00,formal_winter_event_2026,502.0,364.0,502.0,696.0
2025-09-24 21:00:00,formal_winter_event_2026,536.0,402.0,536.0,712.0
2025-09-24 21:30:00,formal_winter_event_2026,474.0,354.0,474.0,628.0
2025-09-24 22:00:00,formal_winter_event_2026,452.0,338.0,452.0,592.0
2025-09-24 22:30:00,formal_winter_event_2026,446.0,340.0,446.0,588.0
2025-09-24 23:00:00,formal_winter_event_2026,468.0,366.0,468.0,592.0
2025-09-24 23:30:00,formal_winter_event_2026,356.0,274.0,356.0,446.0
2025-09-25 00:00:00,formal_winter_event_2026,352.0,268.0,352.0,434.0
2025-09-25 00:30:00,formal_winter_event_2026,388.0,332.0,388.0,478.0
2025-09-25 01:00:00,formal_winter_event_2026,362.0,318.0,362.0,440.0
2025-09-25 01:30:00,formal_winter_event_2026,346.0,304.0,346.0,414.0
2025-09-25 02:00:00,formal_winter_event_2026,328.0,292.0,328.0,388.0
2025-09-25 02:30:00,formal_winter_event_2026,334.0,294.0,334.0,396.0
2025-09-25 03:00:00,formal_winter_event_2026,342.0,302.0,342.0,406.0
2025-09-25 03:30:00,formal_winter_event_2026,340.0,304.0,340.0,396.0
2025-09-25 04:00:00,formal_winter_event_2026,334.0,302.0,334.0,380.0
2025-09-25 04:30:00,formal_winter_event_2026,332.0,298.0,332.0,376.0
2025-09-25 05:00:00,formal_winter_event_2026,330.0,298.0,330.0,372.0
2025-09-25 05:30:00,formal_winter_event_2026,332.0,300.0,332.0,376.0
2025-09-25 06:00:00,formal_winter_event_2026,340.0,302.0,340.0,392.0
2025-09-25 06:30:00,formal_winter_event_2026,348.0,302.0,348.0,420.0
2025-09-25 07:00:00,formal_winter_event_2026,350.0,300.0,350.0,434.0
2025-09-25 07:30:00,formal_winter_event_2026,358.0,298.0,358.0,478.0
2025-09-25 08:00:00,formal_winter_event_2026,370.0,282.0,370.0,568.0
2025-09-25 08:30:00,formal_winter_event_2026,284.0,174.0,284.0,432.0
2025-09-25 09:00:00,formal_winter_event_2026,308.0,197.0,308.0,476.0
2025-09-25 09:30:00,formal_winter_event_2026,306.0,205.0,306.0,444.0
2025-09-25 10:00:00,formal_winter_event_2026,302.0,203.0,302.0,428.0
2025-09-25 10:30:00,formal_winter_event_2026,306.0,200.0,306.0,446.0
2025-09-25 11:00:00,formal_winter_event_2026,298.0,191.0,298.0,440.0
2025-09-25 11:30:00,formal_winter_event_2026,324.0,205.0,324.0,512.0
2025-09-25 12:00:00,formal_winter_event_2026,274.0,144.0,274.0,454.0
2025-09-25 12:30:00,formal_winter_event_2026,280.0,150.0,280.0,520.0
2025-09-25 13:00:00,formal_winter_event_2026,258.0,140.0,258.0,410.0
2025-09-25 13:30:00,formal_winter_event_2026,237.0,136.0,237.0,344.0
2025-09-25 14:00:00,formal_winter_event_2026,282.0,192.0,282.0,386.0
2025-09-25 14:30:00,formal_winter_event_2026,302.0,209.0,302.0,424.0
2025-09-25 15:00:00,formal_winter_event_2026,336.0,232.0,336.0,500.0
2025-09-25 15:30:00,formal_winter_event_2026,336.0,238.0,336.0,482.0
2025-09-25 16:00:00,formal_winter_event_2026,384.0,272.0,384.0,564.0
2025-09-25 16:30:00,formal_winter_event_2026,382.0,233.0,382.0,720.0
2025-09-25 17:00:00,formal_winter_event_2026,362.0,223.0,362.0,632.0
2025-09-25 17:30:00,formal_winter_event_2026,302.0,193.0,302.0,490.0
2025-09-25 18:00:00,formal_winter_event_2026,320.0,202.0,320.0,536.0
2025-09-25 18:30:00,formal_winter_event_2026,384.0,215.0,384.0,776.0
2025-09-25 19:00:00,formal_winter_event_2026,384.0,203.0,384.0,780.0
2025-09-25 19:30:00,formal_winter_event_2026,348.0,212.0,348.0,676.0
2025-09-25 20:00:00,formal_winter_event_2026,282.0,168.0,282.0,476.0
2025-09-25 20:30:00,formal_winter_event_2026,318.0,195.0,318.0,580.0
2025-09-25 21:00:00,formal_winter_event_2026,360.0,233.0,360.0,636.0
2025-09-25 21:30:00,formal_winter_event_2026,340.0,227.0,340.0,540.0
2025-09-25 22:00:00,formal_winter_event_2026,362.0,247.0,362.0,564.0
2025-09-25 22:30:00,formal_winter_event_2026,352.0,239.0,352.0,592.0
2025-09-25 23:00:00,formal_winter_event_2026,370.0,260.0,370.0,560.0
2025-09-25 23:30:00,formal_winter_event_2026,312.0,231.0,312.0,426.0
2025-09-26 00:00:00,formal_winter_event_2026,298.0,218.0,298.0,398.0
2025-09-26 00:30:00,formal_winter_event_2026,378.0,334.0,378.0,452.0
2025-09-26 01:00:00,formal_winter_event_2026,364.0,326.0,364.0,420.0
2025-09-26 01:30:00,formal_winter_event_2026,360.0,326.0,360.0,400.0
2025-09-26 02:00:00,formal_winter_event_2026,358.0,326.0,358.0,396.0
2025-09-26 02:30:00,formal_winter_event_2026,356.0,324.0,356.0,396.0
2025-09-26 03:00:00,formal_winter_event_2026,358.0,328.0,358.0,396.0
2025-09-26 03:30:00,formal_winter_event_2026,358.0,332.0,358.0,392.0
2025-09-26 04:00:00,formal_winter_event_2026,358.0,330.0,358.0,388.0
2025-09-26 04:30:00,formal_winter_event_2026,356.0,330.0,356.0,386.0
2025-09-26 05:00:00,formal_winter_event_2026,356.0,328.0,356.0,384.0
2025-09-26 05:30:00,formal_winter_event_2026,354.0,324.0,354.0,386.0
2025-09-26 06:00:00,formal_winter_event_2026,354.0,320.0,354.0,392.0
2025-09-26 06:30:00,formal_winter_event_2026,352.0,312.0,352.0,394.0
2025-09-26 07:00:00,formal_winter_event_2026,352.0,302.0,352.0,400.0
2025-09-26 07:30:00,formal_winter_event_2026,350.0,298.0,350.0,400.0
2025-09-26 08:00:00,formal_winter_event_2026,348.0,294.0,348.0,404.0
2025-09-26 08:30:00,formal_winter_event_2026,326.0,254.0,326.0,418.0
2025-09-26 09:00:00,formal_winter_event_2026,342.0,264.0,342.0,454.0
2025-09-26 09:30:00,formal_winter_event_2026,342.0,262.0,342.0,452.0
2025-09-26 10:00:00,formal_winter_event_2026,338.0,266.0,338.0,438.0
2025-09-26 10:30:00,formal_winter_event_2026,336.0,260.0,336.0,448.0
2025-09-26 11:00:00,formal_winter_event_2026,336.0,254.0,336.0,456.0
2025-09-26 11:30:00,formal_winter_event_2026,340.0,251.0,340.0,498.0
2025-09-26 12:00:00,formal_winter_event_2026,312.0,223.0,312.0,510.0
2025-09-26 12:30:00,formal_winter_event_2026,414.0,229.0,414.0,936.0
2025-09-26 13:00:00,formal_winter_event_2026,380.0,233.0,380.0,836.0
2025-09-26 13:30:00,formal_winter_event_2026,320.0,223.0,320.0,524.0
2025-09-26 14:00:00,formal_winter_event_2026,342.0,251.0,342.0,536.0
2025-09-26 14:30:00,formal_winter_event_2026,372.0,268.0,372.0,596.0
2025-09-26 15:00:00,formal_winter_event_2026,438.0,302.0,438.0,752.0
2025-09-26 15:30:00,formal_winter_event_2026,510.0,340.0,510.0,880.0
2025-09-26 16:00:00,formal_winter_event_2026,636.0,374.0,636.0,1120.0
2025-09-26 16:30:00,formal_winter_event_2026,860.0,446.0,860.0,1344.0
2025-09-26 17:00:00,formal_winter_event_2026,808.0,438.0,808.0,1312.0
2025-09-26 17:30:00,formal_winter_event_2026,696.0,418.0,696.0,1120.0
2025-09-26 18:00:00,formal_winter_event_2026,688.0,424.0,688.0,1112.0
2025-09-26 18:30:00,formal_winter_event_2026,776.0,470.0,776.0,1232.0
2025-09-26 19:00:00,formal_winter_event_2026,772.0,452.0,772.0,1216.0
2025-09-26 19:30:00,formal_winter_event_2026,700.0,434.0,700.0,1168.0
2025-09-26 20:00:00,formal_winter_event_2026,616.0,402.0,616.0,1032.0
2025-09-26 20:30:00,formal_winter_event_2026,672.0,416.0,672.0,1088.0
2025-09-26 21:00:00,formal_winter_event_2026,704.0,432.0,704.0,1144.0
2025-09-26 21:30:00,formal_winter_event_2026,684.0,428.0,684.0,1136.0
2025-09-26 22:00:00,formal_winter_event_2026,680.0,438.0,680.0,1096.0
2025-09-26 22:30:00,formal_winter_event_2026,644.0,414.0,644.0,1088.0
2025-09-26 23:00:00,formal_winter_event_2026,692.0,440.0,692.0,1072.0
2025-09-26 23:30:00,formal_winter_event_2026,532.0,392.0,532.0,772.0
2025-09-27 00:00:00,formal_winter_event_2026,414.0,328.0,414.0,532.0
2025-09-27 00:30:00,formal_winter_event_2026,392.0,328.0,392.0,656.0
2025-09-27 01:00:00,formal_winter_event_2026,380.0,324.0,380.0,692.0
2025-09-27 01:30:00,formal_winter_event_2026,410.0,324.0,410.0,848.0
2025-09-27 02:00:00,formal_winter_event_2026,488.0,328.0,488.0,1016.0
2025-09-27 02:30:00,formal_winter_event_2026,486.0,336.0,486.0,1020.0
2025-09-27 03:00:00,formal_winter_event_2026,466.0,338.0,466.0,972.0
2025-09-27 03:30:00,formal_winter_event_2026,438.0,336.0,438.0,880.0
2025-09-27 04:00:00,formal_winter_event_2026,398.0,332.0,398.0,764.0
2025-09-27 04:30:00,formal_winter_event_2026,386.0,330.0,386.0,696.0
2025-09-27 05:00:00,formal_winter_event_2026,386.0,332.0,386.0,668.0
2025-09-27 05:30:00,formal_winter_event_2026,386.0,330.0,386.0,692.0
2025-09-27 06:00:00,formal_winter_event_2026,394.0,326.0,394.0,728.0
2025-09-27 06:30:00,formal_winter_event_2026,380.0,326.0,380.0,696.0
2025-09-27 07:00:00,formal_winter_event_2026,380.0,326.0,380.0,652.0
2025-09-27 07:30:00,formal_winter_event_2026,376.0,324.0,376.0,644.0
2025-09-27 08:00:00,formal_winter_event_2026,384.0,324.0,384.0,644.0
2025-09-27 08:30:00,formal_winter_event_2026,360.0,294.0,360.0,520.0
2025-09-27 09:00:00,formal_winter_event_2026,350.0,292.0,350.0,496.0
2025-09-27 09:30:00,formal_winter_event_2026,350.0,290.0,350.0,494.0
2025-09-27 10:00:00,formal_winter_event_2026,348.0,288.0,348.0,478.0
2025-09-27 10:30:00,formal_winter_event_2026,350.0,286.0,350.0,498.0
2025-09-27 11:00:00,formal_winter_event_2026,346.0,286.0,346.0,456.0
2025-09-27 11:30:00,formal_winter_event_2026,344.0,286.0,344.0,490.0
2025-09-27 12:00:00,formal_winter_event_2026,338.0,282.0,338.0,472.0
2025-09-27 12:30:00,formal_winter_event_2026,344.0,288.0,344.0,520.0
2025-09-27 13:00:00,formal_winter_event_2026,364.0,290.0,364.0,608.0
2025-09-27 13:30:00,formal_winter_event_2026,336.0,274.0,336.0,496.0
2025-09-27 14:00:00,formal_winter_event_2026,350.0,286.0,350.0,544.0
2025-09-27 14:30:00,formal_winter_event_2026,386.0,296.0,386.0,624.0
2025-09-27 15:00:00,formal_winter_event_2026,540.0,338.0,540.0,908.0
2025-09-27 15:30:00,formal_winter_event_2026,780.0,438.0,780.0,1088.0
2025-09-27 16:00:00,formal_winter_event_2026,912.0,548.0,912.0,1224.0
2025-09-27 16:30:00,formal_winter_event_2026,896.0,588.0,896.0,1256.0
2025-09-27 17:00:00,formal_winter_event_2026,912.0,584.0,912.0,1256.0
2025-09-27 17:30:00,formal_winter_event_2026,848.0,524.0,848.0,1232.0
2025-09-27 18:00:00,formal_winter_event_2026,864.0,540.0,864.0,1216.0
2025-09-27 18:30:00,formal_winter_event_2026,896.0,552.0,896.0,1256.0
2025-09-27 19:00:00,formal_winter_event_2026,884.0,560.0,884.0,1232.0
2025-09-27 19:30:00,formal_winter_event_2026,816.0,516.0,816.0,1192.0
2025-09-27 20:00:00,formal_winter_event_2026,680.0,444.0,680.0,1032.0
2025-09-27 20:30:00,formal_winter_event_2026,640.0,428.0,640.0,996.0
2025-09-27 21:00:00,formal_winter_event_2026,648.0,424.0,648.0,984.0
2025-09-27 21:30:00,formal_winter_event_2026,616.0,396.0,616.0,956.0
2025-09-27 22:00:00,formal_winter_event_2026,656.0,426.0,656.0,1000.0
2025-09-27 22:30:00,formal_winter_event_2026,568.0,376.0,568.0,888.0
2025-09-27 23:00:00,formal_winter_event_2026,616.0,414.0,616.0,924.0
2025-09-27 23:30:00,formal_winter_event_2026,480.0,344.0,480.0,744.0
2025-09-28 00:00:00,formal_winter_event_2026,446.0,324.0,446.0,692.0
2025-09-28 00:30:00,formal_winter_event_2026,464.0,386.0,464.0,736.0
2025-09-28 01:00:00,formal_winter_event_2026,436.0,368.0,436.0,700.0
2025-09-28 01:30:00,formal_winter_event_2026,456.0,368.0,456.0,760.0
2025-09-28 02:00:00,formal_winter_event_2026,498.0,374.0,498.0,844.0
2025-09-28 02:30:00,formal_winter_event_2026,552.0,386.0,552.0,920.0
2025-09-28 03:00:00,formal_winter_event_2026,532.0,384.0,532.0,884.0
2025-09-28 03:30:00,formal_winter_event_2026,466.0,376.0,466.0,756.0
2025-09-28 04:00:00,formal_winter_event_2026,444.0,368.0,444.0,696.0
2025-09-28 04:30:00,formal_winter_event_2026,424.0,364.0,424.0,640.0
2025-09-28 05:00:00,formal_winter_event_2026,426.0,364.0,426.0,640.0
2025-09-28 05:30:00,formal_winter_event_2026,418.0,356.0,418.0,656.0
2025-09-28 06:00:00,formal_winter_event_2026,422.0,350.0,422.0,688.0
2025-09-28 06:30:00,formal_winter_event_2026,414.0,348.0,414.0,676.0
2025-09-28 07:00:00,formal_winter_event_2026,402.0,342.0,402.0,628.0
2025-09-28 07:30:00,formal_winter_event_2026,386.0,336.0,386.0,580.0
2025-09-28 08:00:00,formal_winter_event_2026,376.0,332.0,376.0,540.0
2025-09-28 08:30:00,formal_winter_event_2026,348.0,300.0,348.0,458.0
2025-09-28 09:00:00,formal_winter_event_2026,348.0,300.0,348.0,454.0
2025-09-28 09:30:00,formal_winter_event_2026,350.0,300.0,350.0,450.0
2025-09-28 10:00:00,formal_winter_event_2026,350.0,302.0,350.0,450.0
2025-09-28 10:30:00,formal_winter_event_2026,348.0,300.0,348.0,460.0
2025-09-28 11:00:00,formal_winter_event_2026,356.0,304.0,356.0,478.0
2025-09-28 11:30:00,formal_winter_event_2026,368.0,306.0,368.0,532.0
2025-09-28 12:00:00,formal_winter_event_2026,350.0,302.0,350.0,488.0
2025-09-28 12:30:00,formal_winter_event_2026,358.0,306.0,358.0,528.0
2025-09-28 13:00:00,formal_winter_event_2026,510.0,380.0,510.0,768.0
2025-09-28 13:30:00,formal_winter_event_2026,356.0,298.0,356.0,516.0
2025-09-28 14:00:00,formal_winter_event_2026,384.0,316.0,384.0,592.0
2025-09-28 14:30:00,formal_winter_event_2026,438.0,336.0,438.0,664.0
2025-09-28 15:00:00,formal_winter_event_2026,624.0,432.0,624.0,876.0
2025-09-28 15:30:00,formal_winter_event_2026,872.0,644.0,872.0,1088.0
2025-09-28 16:00:00,formal_winter_event_2026,908.0,688.0,908.0,1120.0
2025-09-28 16:30:00,formal_winter_event_2026,996.0,800.0,996.0,1232.0
2025-09-28 17:00:00,formal_winter_event_2026,1012.0,808.0,1012.0,1240.0
2025-09-28 17:30:00,formal_winter_event_2026,1016.0,808.0,1016.0,1248.0
2025-09-28 18:00:00,formal_winter_event_2026,936.0,716.0,936.0,1192.0
2025-09-28 18:30:00,formal_winter_event_2026,960.0,752.0,960.0,1200.0
2025-09-28 19:00:00,formal_winter_event_2026,928.0,740.0,928.0,1160.0
2025-09-28 19:30:00,formal_winter_event_2026,872.0,684.0,872.0,1112.0
2025-09-28 20:00:00,formal_winter_event_2026,780.0,604.0,780.0,1004.0
2025-09-28 20:30:00,formal_winter_event_2026,748.0,580.0,748.0,980.0
2025-09-28 21:00:00,formal_winter_event_2026,748.0,580.0,748.0,976.0
2025-09-28 21:30:00,formal_winter_event_2026,708.0,540.0,708.0,936.0
2025-09-28 22:00:00,formal_winter_event_2026,688.0,524.0,688.0,904.0
2025-09-28 22:30:00,formal_winter_event_2026,680.0,516.0,680.0,908.0
2025-09-28 23:00:00,formal_winter_event_2026,812.0,624.0,812.0,1040.0
2025-09-28 23:30:00,formal_winter_event_2026,712.0,548.0,712.0,948.0
2025-09-29 00:00:00,formal_winter_event_2026,596.0,454.0,596.0,824.0
2025-09-29 00:30:00,formal_winter_event_2026,428.0,350.0,428.0,676.0
2025-09-29 01:00:00,formal_winter_event_2026,458.0,348.0,458.0,764.0
2025-09-29 01:30:00,formal_winter_event_2026,516.0,352.0,516.0,860.0
2025-09-29 02:00:00,formal_winter_event_2026,592.0,366.0,592.0,948.0
2025-09-29 02:30:00,formal_winter_event_2026,780.0,434.0,780.0,1056.0
2025-09-29 03:00:00,formal_winter_event_2026,768.0,434.0,768.0,1064.0
2025-09-29 03:30:00,formal_winter_event_2026,660.0,432.0,660.0,948.0
2025-09-29 04:00:00,formal_winter_event_2026,466.0,364.0,466.0,744.0
2025-09-29 04:30:00,formal_winter_event_2026,434.0,362.0,434.0,672.0
2025-09-29 05:00:00,formal_winter_event_2026,432.0,358.0,432.0,660.0
2025-09-29 05:30:00,formal_winter_event_2026,438.0,362.0,438.0,684.0
2025-09-29 06:00:00,formal_winter_event_2026,498.0,374.0,498.0,772.0
2025-09-29 06:30:00,formal_winter_event_2026,460.0,352.0,460.0,744.0
2025-09-29 07:00:00,formal_winter_event_2026,428.0,348.0,428.0,692.0
2025-09-29 07:30:00,formal_winter_event_2026,390.0,332.0,390.0,608.0
2025-09-29 08:00:00,formal_winter_event_2026,392.0,326.0,392.0,624.0
2025-09-29 08:30:00,formal_winter_event_2026,344.0,288.0,344.0,520.0
2025-09-29 09:00:00,formal_winter_event_2026,344.0,288.0,344.0,512.0
2025-09-29 09:30:00,formal_winter_event_2026,344.0,292.0,344.0,488.0
2025-09-29 10:00:00,formal_winter_event_2026,342.0,290.0,342.0,468.0
2025-09-29 10:30:00,formal_winter_event_2026,344.0,292.0,344.0,480.0
2025-09-29 11:00:00,formal_winter_event_2026,352.0,298.0,352.0,520.0
2025-09-29 11:30:00,formal_winter_event_2026,376.0,304.0,376.0,596.0
2025-09-29 12:00:00,formal_winter_event_2026,348.0,292.0,348.0,536.0
2025-09-29 12:30:00,formal_winter_event_2026,396.0,310.0,396.0,660.0
2025-09-29 13:00:00,formal_winter_event_2026,632.0,442.0,632.0,932.0
2025-09-29 13:30:00,formal_winter_event_2026,440.0,330.0,440.0,740.0
2025-09-29 14:00:00,formal_winter_event_2026,492.0,338.0,492.0,780.0
2025-09-29 14:30:00,formal_winter_event_2026,584.0,384.0,584.0,896.0
2025-09-29 15:00:00,formal_winter_event_2026,812.0,548.0,812.0,1072.0
2025-09-29 15:30:00,formal_winter_event_2026,916.0,688.0,916.0,1152.0
2025-09-29 16:00:00,formal_winter_event_2026,916.0,680.0,916.0,1136.0
2025-09-29 16:30:00,formal_winter_event_2026,932.0,712.0,932.0,1160.0
2025-09-29 17:00:00,formal_winter_event_2026,952.0,728.0,952.0,1168.0
2025-09-29 17:30:00,formal_winter_event_2026,932.0,696.0,932.0,1152.0
2025-09-29 18:00:00,formal_winter_event_2026,900.0,680.0,900.0,1128.0
2025-09-29 18:30:00,formal_winter_event_2026,880.0,660.0,880.0,1104.0
2025-09-29 19:00:00,formal_winter_event_2026,848.0,636.0,848.0,1080.0
2025-09-29 19:30:00,formal_winter_event_2026,768.0,572.0,768.0,1024.0
2025-09-29 20:00:00,formal_winter_event_2026,716.0,532.0,716.0,964.0
2025-09-29 20:30:00,formal_winter_event_2026,672.0,502.0,672.0,932.0
2025-09-29 21:00:00,formal_winter_event_2026,676.0,498.0,676.0,936.0
2025-09-29 21:30:00,formal_winter_event_2026,620.0,464.0,620.0,884.0
2025-09-29 22:00:00,formal_winter_event_2026,552.0,414.0,552.0,820.0
2025-09-29 22:30:00,formal_winter_event_2026,540.0,398.0,540.0,804.0
2025-09-29 23:00:00,formal_winter_event_2026,616.0,438.0,616.0,892.0
2025-09-29 23:30:00,formal_winter_event_2026,506.0,382.0,506.0,776.0
2025-09-30 00:00:00,formal_winter_event_2026,442.0,344.0,442.0,684.0
2025-10-04 00:30:00,formal_winter_event_2026,406.0,234.0,406.0,680.0
2025-10-04 01:00:00,formal_winter_event_2026,378.0,215.0,378.0,696.0
2025-10-04 01:30:00,formal_winter_event_2026,384.0,184.0,384.0,740.0
2025-10-04 02:00:00,formal_winter_event_2026,384.0,173.0,384.0,780.0
2025-10-04 02:30:00,formal_winter_event_2026,502.0,169.0,502.0,1024.0
2025-10-04 03:00:00,formal_winter_event_2026,468.0,165.0,468.0,984.0
2025-10-04 03:30:00,formal_winter_event_2026,410.0,176.0,410.0,820.0
2025-10-04 04:00:00,formal_winter_event_2026,396.0,176.0,396.0,776.0
2025-10-04 04:30:00,formal_winter_event_2026,386.0,173.0,386.0,744.0
2025-10-04 05:00:00,formal_winter_event_2026,396.0,173.0,396.0,756.0
2025-10-04 05:30:00,formal_winter_event_2026,390.0,169.0,390.0,780.0
2025-10-04 06:00:00,formal_winter_event_2026,412.0,165.0,412.0,844.0
2025-10-04 06:30:00,formal_winter_event_2026,404.0,158.0,404.0,864.0
2025-10-04 07:00:00,formal_winter_event_2026,424.0,143.0,424.0,948.0
2025-10-04 07:30:00,formal_winter_event_2026,420.0,135.0,420.0,900.0
2025-10-04 08:00:00,formal_winter_event_2026,492.0,131.0,492.0,1032.0
2025-10-04 08:30:00,formal_winter_event_2026,446.0,180.0,446.0,956.0
2025-10-04 09:00:00,formal_winter_event_2026,478.0,208.0,478.0,1024.0
2025-10-04 09:30:00,formal_winter_event_2026,500.0,208.0,500.0,1064.0
2025-10-04 10:00:00,formal_winter_event_2026,510.0,205.0,510.0,1088.0
2025-10-04 10:30:00,formal_winter_event_2026,540.0,228.0,540.0,1104.0
2025-10-04 11:00:00,formal_winter_event_2026,516.0,218.0,516.0,1040.0
2025-10-04 11:30:00,formal_winter_event_2026,500.0,215.0,500.0,1020.0
2025-10-04 12:00:00,formal_winter_event_2026,480.0,205.0,480.0,996.0
2025-10-04 12:30:00,formal_winter_event_2026,508.0,201.0,508.0,1040.0
2025-10-04 13:00:00,formal_winter_event_2026,616.0,250.0,616.0,1144.0
2025-10-04 13:30:00,formal_winter_event_2026,516.0,198.0,516.0,1104.0
2025-10-04 14:00:00,formal_winter_event_2026,528.0,180.0,528.0,1120.0
2025-10-04 14:30:00,formal_winter_event_2026,502.0,169.0,502.0,1096.0
2025-10-04 15:00:00,formal_winter_event_2026,556.0,180.0,556.0,1168.0
2025-10-04 15:30:00,formal_winter_event_2026,576.0,194.0,576.0,1184.0
2025-10-04 16:00:00,formal_winter_event_2026,664.0,247.0,664.0,1200.0
2025-10-04 16:30:00,formal_winter_event_2026,696.0,221.0,696.0,1368.0
2025-10-04 17:00:00,formal_winter_event_2026,644.0,176.0,644.0,1336.0
2025-10-04 17:30:00,formal_winter_event_2026,568.0,154.0,568.0,1240.0
2025-10-04 18:00:00,formal_winter_event_2026,552.0,169.0,552.0,1216.0
2025-10-04 18:30:00,formal_winter_event_2026,544.0,184.0,544.0,1208.0
2025-10-04 19:00:00,formal_winter_event_2026,540.0,198.0,540.0,1168.0
2025-10-04 19:30:00,formal_winter_event_2026,510.0,201.0,510.0,1088.0
2025-10-04 20:00:00,formal_winter_event_2026,472.0,187.0,472.0,1008.0
2025-10-04 20:30:00,formal_winter_event_2026,480.0,194.0,480.0,1020.0
2025-10-04 21:00:00,formal_winter_event_2026,524.0,221.0,524.0,1096.0
2025-10-04 21:30:00,formal_winter_event_2026,480.0,208.0,480.0,1024.0
2025-10-04 22:00:00,formal_winter_event_2026,426.0,176.0,426.0,904.0
2025-10-04 22:30:00,formal_winter_event_2026,438.0,184.0,438.0,916.0
2025-10-04 23:00:00,formal_winter_event_2026,552.0,247.0,552.0,1072.0
2025-10-04 23:30:00,formal_winter_event_2026,452.0,187.0,452.0,916.0
2025-10-05 00:00:00,formal_winter_event_2026,414.0,158.0,414.0,856.0
2025-10-06 00:30:00,formal_winter_event_2026,584.0,422.0,584.0,912.0
2025-10-06 01:00:00,formal_winter_event_2026,498.0,376.0,498.0,756.0
2025-10-06 01:30:00,formal_winter_event_2026,478.0,362.0,478.0,732.0
2025-10-06 02:00:00,formal_winter_event_2026,488.0,364.0,488.0,764.0
2025-10-06 02:30:00,formal_winter_event_2026,628.0,418.0,628.0,984.0
2025-10-06 03:00:00,formal_winter_event_2026,604.0,410.0,604.0,968.0
2025-10-06 03:30:00,formal_winter_event_2026,536.0,392.0,536.0,872.0
2025-10-06 04:00:00,formal_winter_event_2026,478.0,368.0,478.0,756.0
2025-10-06 04:30:00,formal_winter_event_2026,476.0,368.0,476.0,744.0
2025-10-06 05:00:00,formal_winter_event_2026,472.0,368.0,472.0,732.0
2025-10-06 05:30:00,formal_winter_event_2026,480.0,370.0,480.0,760.0
2025-10-06 06:00:00,formal_winter_event_2026,548.0,392.0,548.0,904.0
2025-10-06 06:30:00,formal_winter_event_2026,488.0,372.0,488.0,800.0
2025-10-06 07:00:00,formal_winter_event_2026,512.0,374.0,512.0,868.0
2025-10-06 07:30:00,formal_winter_event_2026,482.0,368.0,482.0,780.0
2025-10-06 08:00:00,formal_winter_event_2026,580.0,394.0,580.0,984.0
2025-10-06 08:30:00,formal_winter_event_2026,466.0,348.0,466.0,804.0
2025-10-06 09:00:00,formal_winter_event_2026,486.0,348.0,486.0,832.0
2025-10-06 09:30:00,formal_winter_event_2026,494.0,354.0,494.0,868.0
2025-10-06 10:00:00,formal_winter_event_2026,520.0,354.0,520.0,944.0
2025-10-06 10:30:00,formal_winter_event_2026,668.0,404.0,668.0,1152.0
2025-10-06 11:00:00,formal_winter_event_2026,616.0,382.0,616.0,1128.0
2025-10-06 11:30:00,formal_winter_event_2026,620.0,396.0,620.0,1080.0
2025-10-06 12:00:00,formal_winter_event_2026,532.0,372.0,532.0,976.0
2025-10-06 12:30:00,formal_winter_event_2026,536.0,364.0,536.0,976.0
2025-10-06 13:00:00,formal_winter_event_2026,560.0,374.0,560.0,1024.0
2025-10-06 13:30:00,formal_winter_event_2026,516.0,364.0,516.0,924.0
2025-10-06 14:00:00,formal_winter_event_2026,596.0,384.0,596.0,1096.0
2025-10-06 14:30:00,formal_winter_event_2026,556.0,370.0,556.0,1040.0
2025-10-06 15:00:00,formal_winter_event_2026,572.0,378.0,572.0,1064.0
2025-10-06 15:30:00,formal_winter_event_2026,528.0,378.0,528.0,920.0
2025-10-06 16:00:00,formal_winter_event_2026,494.0,358.0,494.0,856.0
2025-10-06 16:30:00,formal_winter_event_2026,466.0,348.0,466.0,784.0
2025-10-06 17:00:00,formal_winter_event_2026,490.0,360.0,490.0,800.0
2025-10-06 17:30:00,formal_winter_event_2026,516.0,372.0,516.0,860.0
2025-10-06 18:00:00,formal_winter_event_2026,560.0,378.0,560.0,940.0
2025-10-06 18:30:00,formal_winter_event_2026,632.0,412.0,632.0,1072.0
2025-10-06 19:00:00,formal_winter_event_2026,664.0,420.0,664.0,1136.0
2025-10-06 19:30:00,formal_winter_event_2026,660.0,424.0,660.0,1112.0
2025-10-06 20:00:00,formal_winter_event_2026,576.0,392.0,576.0,1016.0
2025-10-06 20:30:00,formal_winter_event_2026,604.0,388.0,604.0,1064.0
2025-10-06 21:00:00,formal_winter_event_2026,760.0,454.0,760.0,1280.0
2025-10-06 21:30:00,formal_winter_event_2026,780.0,464.0,780.0,1304.0
2025-10-06 22:00:00,formal_winter_event_2026,772.0,456.0,772.0,1288.0
2025-10-06 22:30:00,formal_winter_event_2026,792.0,456.0,792.0,1344.0
2025-10-06 23:00:00,formal_winter_event_2026,824.0,468.0,824.0,1384.0
2025-10-06 23:30:00,formal_winter_event_2026,732.0,458.0,732.0,1256.0
2025-10-07 00:00:00,formal_winter_event_2026,628.0,412.0,628.0,1120.0
2025-10-08 00:30:00,formal_winter_event_2026,502.0,392.0,502.0,712.0
2025-10-08 01:00:00,formal_winter_event_2026,500.0,382.0,500.0,720.0
2025-10-08 01:30:00,formal_winter_event_2026,496.0,374.0,496.0,732.0
2025-10-08 02:00:00,formal_winter_event_2026,520.0,382.0,520.0,800.0
2025-10-08 02:30:00,formal_winter_event_2026,592.0,416.0,592.0,976.0
2025-10-08 03:00:00,formal_winter_event_2026,628.0,416.0,628.0,1024.0
2025-10-08 03:30:00,formal_winter_event_2026,660.0,432.0,660.0,1112.0
2025-10-08 04:00:00,formal_winter_event_2026,636.0,404.0,636.0,1104.0
2025-10-08 04:30:00,formal_winter_event_2026,564.0,372.0,564.0,1004.0
2025-10-08 05:00:00,formal_winter_event_2026,520.0,360.0,520.0,912.0
2025-10-08 05:30:00,formal_winter_event_2026,508.0,362.0,508.0,888.0
2025-10-08 06:00:00,formal_winter_event_2026,592.0,398.0,592.0,1032.0
2025-10-08 06:30:00,formal_winter_event_2026,476.0,342.0,476.0,840.0
2025-10-08 07:00:00,formal_winter_event_2026,504.0,340.0,504.0,932.0
2025-10-08 07:30:00,formal_winter_event_2026,490.0,332.0,490.0,892.0
2025-10-08 08:00:00,formal_winter_event_2026,528.0,332.0,528.0,996.0
2025-10-08 08:30:00,formal_winter_event_2026,474.0,278.0,474.0,904.0
2025-10-08 09:00:00,formal_winter_event_2026,468.0,286.0,468.0,872.0
2025-10-08 09:30:00,formal_winter_event_2026,484.0,286.0,484.0,896.0
2025-10-08 10:00:00,formal_winter_event_2026,492.0,286.0,492.0,908.0
2025-10-08 10:30:00,formal_winter_event_2026,616.0,324.0,616.0,1240.0
2025-10-08 11:00:00,formal_winter_event_2026,836.0,392.0,836.0,1512.0
2025-10-08 11:30:00,formal_winter_event_2026,956.0,476.0,956.0,1648.0
2025-10-08 12:00:00,formal_winter_event_2026,648.0,328.0,648.0,1288.0
2025-10-08 12:30:00,formal_winter_event_2026,588.0,332.0,588.0,1096.0
2025-10-08 13:00:00,formal_winter_event_2026,532.0,312.0,532.0,968.0
2025-10-08 13:30:00,formal_winter_event_2026,528.0,324.0,528.0,912.0
2025-10-08 14:00:00,formal_winter_event_2026,700.0,424.0,700.0,1192.0
2025-10-08 14:30:00,formal_winter_event_2026,568.0,336.0,568.0,1008.0
2025-10-08 15:00:00,formal_winter_event_2026,648.0,376.0,648.0,1152.0
2025-10-08 15:30:00,formal_winter_event_2026,520.0,316.0,520.0,888.0
2025-10-08 16:00:00,formal_winter_event_2026,524.0,316.0,524.0,912.0
2025-10-08 16:30:00,formal_winter_event_2026,516.0,322.0,516.0,968.0
2025-10-08 17:00:00,formal_winter_event_2026,520.0,336.0,520.0,940.0
2025-10-08 17:30:00,formal_winter_event_2026,462.0,302.0,462.0,792.0
2025-10-08 18:00:00,formal_winter_event_2026,476.0,308.0,476.0,836.0
2025-10-08 18:30:00,formal_winter_event_2026,516.0,326.0,516.0,988.0
2025-10-08 19:00:00,formal_winter_event_2026,478.0,306.0,478.0,840.0
2025-10-08 19:30:00,formal_winter_event_2026,510.0,314.0,510.0,924.0
2025-10-08 20:00:00,formal_winter_event_2026,492.0,306.0,492.0,880.0
2025-10-08 20:30:00,formal_winter_event_2026,760.0,386.0,760.0,1304.0
2025-10-08 21:00:00,formal_winter_event_2026,828.0,420.0,828.0,1304.0
2025-10-08 21:30:00,formal_winter_event_2026,796.0,416.0,796.0,1304.0
2025-10-08 22:00:00,formal_winter_event_2026,812.0,450.0,812.0,1280.0
2025-10-08 22:30:00,formal_winter_event_2026,768.0,422.0,768.0,1264.0
2025-10-08 23:00:00,formal_winter_event_2026,780.0,440.0,780.0,1232.0
2025-10-08 23:30:00,formal_winter_event_2026,776.0,460.0,776.0,1240.0
2025-10-09 00:00:00,formal_winter_event_2026,616.0,372.0,616.0,1024.0
2025-10-11 00:30:00,formal_winter_event_2026,350.0,235.0,350.0,506.0
2025-10-11 01:00:00,formal_winter_event_2026,356.0,219.0,356.0,560.0
2025-10-11 01:30:00,formal_winter_event_2026,378.0,216.0,378.0,648.0
2025-10-11 02:00:00,formal_winter_event_2026,434.0,221.0,434.0,852.0
2025-10-11 02:30:00,formal_winter_event_2026,454.0,224.0,454.0,904.0
2025-10-11 03:00:00,formal_winter_event_2026,440.0,229.0,440.0,864.0
2025-10-11 03:30:00,formal_winter_event_2026,448.0,235.0,448.0,852.0
2025-10-11 04:00:00,formal_winter_event_2026,440.0,237.0,440.0,828.0
2025-10-11 04:30:00,formal_winter_event_2026,438.0,237.0,438.0,796.0
2025-10-11 05:00:00,formal_winter_event_2026,438.0,237.0,438.0,804.0
2025-10-11 05:30:00,formal_winter_event_2026,440.0,240.0,440.0,808.0
2025-10-11 06:00:00,formal_winter_event_2026,446.0,221.0,446.0,816.0
2025-10-11 06:30:00,formal_winter_event_2026,436.0,219.0,436.0,812.0
2025-10-11 07:00:00,formal_winter_event_2026,424.0,216.0,424.0,808.0
2025-10-11 07:30:00,formal_winter_event_2026,434.0,213.0,434.0,808.0
2025-10-11 08:00:00,formal_winter_event_2026,464.0,227.0,464.0,916.0
2025-10-11 08:30:00,formal_winter_event_2026,414.0,130.0,414.0,832.0
2025-10-11 09:00:00,formal_winter_event_2026,414.0,134.0,414.0,848.0
2025-10-11 09:30:00,formal_winter_event_2026,414.0,123.5,414.0,888.0
2025-10-11 10:00:00,formal_winter_event_2026,404.0,106.5,404.0,856.0
2025-10-11 10:30:00,formal_winter_event_2026,410.0,106.5,410.0,896.0
2025-10-11 11:00:00,formal_winter_event_2026,426.0,84.5,426.0,924.0
2025-10-11 11:30:00,formal_winter_event_2026,410.0,81.0,410.0,868.0
2025-10-11 12:00:00,formal_winter_event_2026,378.0,61.75,378.0,812.0
2025-10-11 12:30:00,formal_winter_event_2026,368.0,46.25,368.0,784.0
2025-10-11 13:00:00,formal_winter_event_2026,380.0,50.25,380.0,840.0
2025-10-11 13:30:00,formal_winter_event_2026,416.0,58.0,416.0,908.0
2025-10-11 14:00:00,formal_winter_event_2026,448.0,30.0,448.0,968.0
2025-10-11 14:30:00,formal_winter_event_2026,442.0,50.25,442.0,976.0
2025-10-11 15:00:00,formal_winter_event_2026,438.0,42.25,438.0,1008.0
2025-10-11 15:30:00,formal_winter_event_2026,422.0,42.25,422.0,952.0
2025-10-11 16:00:00,formal_winter_event_2026,418.0,34.0,418.0,944.0
2025-10-11 16:30:00,formal_winter_event_2026,426.0,-77.5,426.0,1080.0
2025-10-11 17:00:00,formal_winter_event_2026,408.0,-49.0,408.0,1040.0
2025-10-11 17:30:00,formal_winter_event_2026,402.0,-39.5,402.0,1016.0
2025-10-11 18:00:00,formal_winter_event_2026,406.0,-53.75,406.0,1012.0
2025-10-11 18:30:00,formal_winter_event_2026,400.0,-39.5,400.0,984.0
2025-10-11 19:00:00,formal_winter_event_2026,400.0,-58.25,400.0,944.0
2025-10-11 19:30:00,formal_winter_event_2026,398.0,-53.75,398.0,928.0
2025-10-11 20:00:00,formal_winter_event_2026,388.0,-44.25,388.0,896.0
2025-10-11 20:30:00,formal_winter_event_2026,390.0,-44.25,390.0,908.0
2025-10-11 21:00:00,formal_winter_event_2026,406.0,-44.25,406.0,984.0
2025-10-11 21:30:00,formal_winter_event_2026,414.0,-44.25,414.0,980.0
2025-10-11 22:00:00,formal_winter_event_2026,414.0,-68.0,414.0,984.0
2025-10-11 22:30:00,formal_winter_event_2026,406.0,-63.25,406.0,1004.0
2025-10-11 23:00:00,formal_winter_event_2026,410.0,-97.5,410.0,1048.0
2025-10-11 23:30:00,formal_winter_event_2026,394.0,-108.0,394.0,980.0
2025-10-12 00:00:00,formal_winter_event_2026,386.0,-118.0,386.0,956.0
2025-10-12 00:30:00,formal_winter_event_2026,302.0,93.0,302.0,486.0
2025-10-12 01:00:00,formal_winter_event_2026,396.0,192.0,396.0,636.0
2025-10-12 01:30:00,formal_winter_event_2026,668.0,422.0,668.0,896.0
2025-10-12 02:00:00,formal_winter_event_2026,724.0,484.0,724.0,940.0
2025-10-12 02:30:00,formal_winter_event_2026,740.0,496.0,740.0,956.0
2025-10-12 03:00:00,formal_winter_event_2026,784.0,556.0,784.0,992.0
2025-10-12 03:30:00,formal_winter_event_2026,776.0,556.0,776.0,988.0
2025-10-12 04:00:00,formal_winter_event_2026,712.0,486.0,712.0,924.0
2025-10-12 04:30:00,formal_winter_event_2026,668.0,438.0,668.0,880.0
2025-10-12 05:00:00,formal_winter_event_2026,704.0,472.0,704.0,908.0
2025-10-12 05:30:00,formal_winter_event_2026,756.0,532.0,756.0,956.0
2025-10-12 06:00:00,formal_winter_event_2026,800.0,584.0,800.0,1000.0
2025-10-12 06:30:00,formal_winter_event_2026,840.0,628.0,840.0,1056.0
2025-10-12 07:00:00,formal_winter_event_2026,840.0,608.0,840.0,1064.0
2025-10-12 07:30:00,formal_winter_event_2026,876.0,644.0,876.0,1112.0
2025-10-12 08:00:00,formal_winter_event_2026,860.0,624.0,860.0,1096.0
2025-10-12 08:30:00,formal_winter_event_2026,564.0,237.0,564.0,840.0
2025-10-12 09:00:00,formal_winter_event_2026,596.0,286.0,596.0,864.0
2025-10-12 09:30:00,formal_winter_event_2026,568.0,266.0,568.0,832.0
2025-10-12 10:00:00,formal_winter_event_2026,600.0,294.0,600.0,864.0
2025-10-12 10:30:00,formal_winter_event_2026,656.0,342.0,656.0,924.0
2025-10-12 11:00:00,formal_winter_event_2026,584.0,254.0,584.0,884.0
2025-10-12 11:30:00,formal_winter_event_2026,740.0,412.0,740.0,1080.0
2025-10-12 12:00:00,formal_winter_event_2026,656.0,274.0,656.0,1008.0
2025-10-12 12:30:00,formal_winter_event_2026,724.0,328.0,724.0,1096.0
2025-10-12 13:00:00,formal_winter_event_2026,728.0,302.0,728.0,1176.0
2025-10-12 13:30:00,formal_winter_event_2026,396.0,-16.25,396.0,748.0
2025-10-12 14:00:00,formal_winter_event_2026,524.0,183.0,524.0,836.0
2025-10-12 14:30:00,formal_winter_event_2026,516.0,211.0,516.0,812.0
2025-10-12 15:00:00,formal_winter_event_2026,660.0,360.0,660.0,924.0
2025-10-12 15:30:00,formal_winter_event_2026,668.0,390.0,668.0,916.0
2025-10-12 16:00:00,formal_winter_event_2026,748.0,458.0,748.0,1008.0
2025-10-12 16:30:00,formal_winter_event_2026,888.0,572.0,888.0,1224.0
2025-10-12 17:00:00,formal_winter_event_2026,904.0,588.0,904.0,1240.0
2025-10-12 17:30:00,formal_winter_event_2026,900.0,600.0,900.0,1192.0
2025-10-12 18:00:00,formal_winter_event_2026,912.0,628.0,912.0,1200.0
2025-10-12 18:30:00,formal_winter_event_2026,940.0,680.0,940.0,1216.0
2025-10-12 19:00:00,formal_winter_event_2026,896.0,652.0,896.0,1152.0
2025-10-12 19:30:00,formal_winter_event_2026,872.0,632.0,872.0,1112.0
2025-10-12 20:00:00,formal_winter_event_2026,804.0,572.0,804.0,1032.0
2025-10-12 20:30:00,formal_winter_event_2026,784.0,544.0,784.0,1024.0
2025-10-12 21:00:00,formal_winter_event_2026,900.0,672.0,900.0,1144.0
2025-10-12 21:30:00,formal_winter_event_2026,884.0,660.0,884.0,1128.0
2025-10-12 22:00:00,formal_winter_event_2026,860.0,636.0,860.0,1096.0
2025-10-12 22:30:00,formal_winter_event_2026,844.0,600.0,844.0,1112.0
2025-10-12 23:00:00,formal_winter_event_2026,868.0,604.0,868.0,1152.0
2025-10-12 23:30:00,formal_winter_event_2026,644.0,376.0,644.0,916.0
2025-10-13 00:00:00,formal_winter_event_2026,504.0,197.0,504.0,808.0
2025-10-13 00:30:00,formal_winter_event_2026,392.0,207.0,392.0,564.0
2025-10-13 01:00:00,formal_winter_event_2026,504.0,330.0,504.0,704.0
2025-10-13 01:30:00,formal_winter_event_2026,716.0,532.0,716.0,892.0
2025-10-13 02:00:00,formal_winter_event_2026,768.0,588.0,768.0,940.0
2025-10-13 02:30:00,formal_winter_event_2026,808.0,636.0,808.0,976.0
2025-10-13 03:00:00,formal_winter_event_2026,804.0,632.0,804.0,968.0
2025-10-13 03:30:00,formal_winter_event_2026,816.0,660.0,816.0,984.0
2025-10-13 04:00:00,formal_winter_event_2026,764.0,604.0,764.0,928.0
2025-10-13 04:30:00,formal_winter_event_2026,720.0,556.0,720.0,884.0
2025-10-13 05:00:00,formal_winter_event_2026,704.0,536.0,704.0,868.0
2025-10-13 05:30:00,formal_winter_event_2026,772.0,596.0,772.0,940.0
2025-10-13 06:00:00,formal_winter_event_2026,852.0,668.0,852.0,1024.0
2025-10-13 06:30:00,formal_winter_event_2026,792.0,592.0,792.0,980.0
2025-10-13 07:00:00,formal_winter_event_2026,756.0,552.0,756.0,956.0
2025-10-13 07:30:00,formal_winter_event_2026,720.0,516.0,720.0,916.0
2025-10-13 08:00:00,formal_winter_event_2026,688.0,480.0,688.0,900.0
2025-10-13 08:30:00,formal_winter_event_2026,478.0,280.0,478.0,692.0
2025-10-13 09:00:00,formal_winter_event_2026,454.0,272.0,454.0,672.0
2025-10-13 09:30:00,formal_winter_event_2026,450.0,260.0,450.0,656.0
2025-10-13 10:00:00,formal_winter_event_2026,492.0,296.0,492.0,696.0
2025-10-13 10:30:00,formal_winter_event_2026,628.0,422.0,628.0,828.0
2025-10-13 11:00:00,formal_winter_event_2026,604.0,396.0,604.0,812.0
2025-10-13 11:30:00,formal_winter_event_2026,732.0,516.0,732.0,940.0
2025-10-13 12:00:00,formal_winter_event_2026,684.0,466.0,684.0,892.0
2025-10-13 12:30:00,formal_winter_event_2026,776.0,560.0,776.0,988.0
2025-10-13 13:00:00,formal_winter_event_2026,780.0,552.0,780.0,1004.0
2025-10-13 13:30:00,formal_winter_event_2026,528.0,328.0,528.0,736.0
2025-10-13 14:00:00,formal_winter_event_2026,572.0,368.0,572.0,772.0
2025-10-13 14:30:00,formal_winter_event_2026,608.0,422.0,608.0,808.0
2025-10-13 15:00:00,formal_winter_event_2026,744.0,552.0,744.0,932.0
2025-10-13 15:30:00,formal_winter_event_2026,808.0,620.0,808.0,992.0
2025-10-13 16:00:00,formal_winter_event_2026,908.0,712.0,908.0,1104.0
2025-10-13 16:30:00,formal_winter_event_2026,1024.0,824.0,1024.0,1224.0
2025-10-13 17:00:00,formal_winter_event_2026,904.0,712.0,904.0,1088.0
2025-10-13 17:30:00,formal_winter_event_2026,816.0,628.0,816.0,992.0
2025-10-13 18:00:00,formal_winter_event_2026,856.0,680.0,856.0,1032.0
2025-10-13 18:30:00,formal_winter_event_2026,844.0,664.0,844.0,1020.0
2025-10-13 19:00:00,formal_winter_event_2026,812.0,636.0,812.0,984.0
2025-10-13 19:30:00,formal_winter_event_2026,776.0,592.0,776.0,952.0
2025-10-13 20:00:00,formal_winter_event_2026,756.0,576.0,756.0,944.0
2025-10-13 20:30:00,formal_winter_event_2026,900.0,712.0,900.0,1088.0
2025-10-13 21:00:00,formal_winter_event_2026,1008.0,824.0,1008.0,1192.0
2025-10-13 21:30:00,formal_winter_event_2026,976.0,784.0,976.0,1168.0
2025-10-13 22:00:00,formal_winter_event_2026,892.0,700.0,892.0,1080.0
2025-10-13 22:30:00,formal_winter_event_2026,844.0,644.0,844.0,1040.0
2025-10-13 23:00:00,formal_winter_event_2026,888.0,692.0,888.0,1080.0
2025-10-13 23:30:00,formal_winter_event_2026,708.0,510.0,708.0,896.0
2025-10-14 00:00:00,formal_winter_event_2026,572.0,354.0,572.0,768.0
2025-10-14 00:30:00,formal_winter_event_2026,416.0,212.0,416.0,592.0
2025-10-14 01:00:00,formal_winter_event_2026,652.0,440.0,652.0,852.0
2025-10-14 01:30:00,formal_winter_event_2026,764.0,552.0,764.0,968.0
2025-10-14 02:00:00,formal_winter_event_2026,796.0,580.0,796.0,1008.0
2025-10-14 02:30:00,formal_winter_event_2026,828.0,612.0,828.0,1032.0
2025-10-14 03:00:00,formal_winter_event_2026,800.0,588.0,800.0,1008.0
2025-10-14 03:30:00,formal_winter_event_2026,760.0,552.0,760.0,968.0
2025-10-14 04:00:00,formal_winter_event_2026,708.0,502.0,708.0,916.0
2025-10-14 04:30:00,formal_winter_event_2026,708.0,498.0,708.0,908.0
2025-10-14 05:00:00,formal_winter_event_2026,724.0,516.0,724.0,928.0
2025-10-14 05:30:00,formal_winter_event_2026,756.0,540.0,756.0,964.0
2025-10-14 06:00:00,formal_winter_event_2026,812.0,588.0,812.0,1032.0
2025-10-14 06:30:00,formal_winter_event_2026,776.0,552.0,776.0,992.0
2025-10-14 07:00:00,formal_winter_event_2026,828.0,596.0,828.0,1048.0
2025-10-14 07:30:00,formal_winter_event_2026,844.0,604.0,844.0,1072.0
2025-10-14 08:00:00,formal_winter_event_2026,848.0,608.0,848.0,1080.0
2025-10-14 08:30:00,formal_winter_event_2026,692.0,416.0,692.0,940.0
2025-10-14 09:00:00,formal_winter_event_2026,672.0,408.0,672.0,924.0
2025-10-14 09:30:00,formal_winter_event_2026,724.0,444.0,724.0,980.0
2025-10-14 10:00:00,formal_winter_event_2026,756.0,480.0,756.0,1020.0
2025-10-14 10:30:00,formal_winter_event_2026,796.0,516.0,796.0,1048.0
2025-10-14 11:00:00,formal_winter_event_2026,732.0,456.0,732.0,984.0
2025-10-14 11:30:00,formal_winter_event_2026,912.0,632.0,912.0,1184.0
2025-10-14 12:00:00,formal_winter_event_2026,880.0,604.0,880.0,1152.0
2025-10-14 12:30:00,formal_winter_event_2026,880.0,608.0,880.0,1136.0
2025-10-14 13:00:00,formal_winter_event_2026,888.0,616.0,888.0,1152.0
2025-10-14 13:30:00,formal_winter_event_2026,684.0,424.0,684.0,928.0
2025-10-14 14:00:00,formal_winter_event_2026,696.0,432.0,696.0,936.0
2025-10-14 14:30:00,formal_winter_event_2026,704.0,448.0,704.0,944.0
2025-10-14 15:00:00,formal_winter_event_2026,832.0,576.0,832.0,1088.0
2025-10-14 15:30:00,formal_winter_event_2026,876.0,612.0,876.0,1144.0
2025-10-14 16:00:00,formal_winter_event_2026,936.0,660.0,936.0,1200.0
2025-10-14 16:30:00,formal_winter_event_2026,984.0,692.0,984.0,1256.0
2025-10-14 17:00:00,formal_winter_event_2026,900.0,620.0,900.0,1160.0
2025-10-14 17:30:00,formal_winter_event_2026,796.0,520.0,796.0,1048.0
2025-10-14 18:00:00,formal_winter_event_2026,880.0,608.0,880.0,1128.0
2025-10-14 18:30:00,formal_winter_event_2026,836.0,560.0,836.0,1080.0
2025-10-14 19:00:00,formal_winter_event_2026,808.0,532.0,808.0,1048.0
2025-10-14 19:30:00,formal_winter_event_2026,764.0,490.0,764.0,1008.0
2025-10-14 20:00:00,formal_winter_event_2026,724.0,446.0,724.0,972.0
2025-10-14 20:30:00,formal_winter_event_2026,768.0,492.0,768.0,1020.0
2025-10-14 21:00:00,formal_winter_event_2026,876.0,592.0,876.0,1136.0
2025-10-14 21:30:00,formal_winter_event_2026,876.0,596.0,876.0,1144.0
2025-10-14 22:00:00,formal_winter_event_2026,836.0,560.0,836.0,1096.0
2025-10-14 22:30:00,formal_winter_event_2026,840.0,564.0,840.0,1096.0
2025-10-14 23:00:00,formal_winter_event_2026,948.0,660.0,948.0,1200.0
2025-10-14 23:30:00,formal_winter_event_2026,716.0,432.0,716.0,964.0
2025-10-15 00:00:00,formal_winter_event_2026,640.0,334.0,640.0,888.0
2025-10-15 00:30:00,formal_winter_event_2026,352.0,169.0,352.0,564.0
2025-10-15 01:00:00,formal_winter_event_2026,394.0,182.0,394.0,628.0
2025-10-15 01:30:00,formal_winter_event_2026,378.0,151.0,378.0,620.0
2025-10-15 02:00:00,formal_winter_event_2026,540.0,292.0,540.0,788.0
2025-10-15 02:30:00,formal_winter_event_2026,580.0,326.0,580.0,832.0
2025-10-15 03:00:00,formal_winter_event_2026,430.0,182.0,430.0,688.0
2025-10-15 03:30:00,formal_winter_event_2026,394.0,156.0,394.0,648.0
2025-10-15 04:00:00,formal_winter_event_2026,440.0,194.0,440.0,704.0
2025-10-15 04:30:00,formal_winter_event_2026,394.0,156.0,394.0,648.0
2025-10-15 05:00:00,formal_winter_event_2026,424.0,177.0,424.0,668.0
2025-10-15 05:30:00,formal_winter_event_2026,540.0,278.0,540.0,796.0
2025-10-15 06:00:00,formal_winter_event_2026,600.0,336.0,600.0,864.0
2025-10-15 06:30:00,formal_winter_event_2026,568.0,302.0,568.0,828.0
2025-10-15 07:00:00,formal_winter_event_2026,548.0,282.0,548.0,804.0
2025-10-15 07:30:00,formal_winter_event_2026,636.0,364.0,636.0,896.0
2025-10-15 08:00:00,formal_winter_event_2026,720.0,448.0,720.0,992.0
2025-10-15 08:30:00,formal_winter_event_2026,528.0,264.0,528.0,796.0
2025-10-15 09:00:00,formal_winter_event_2026,528.0,268.0,528.0,804.0
2025-10-15 09:30:00,formal_winter_event_2026,532.0,264.0,532.0,804.0
2025-10-15 10:00:00,formal_winter_event_2026,712.0,448.0,712.0,984.0
2025-10-15 10:30:00,formal_winter_event_2026,736.0,466.0,736.0,1008.0
2025-10-15 11:00:00,formal_winter_event_2026,528.0,253.0,528.0,792.0
2025-10-15 11:30:00,formal_winter_event_2026,680.0,404.0,680.0,964.0
2025-10-15 12:00:00,formal_winter_event_2026,548.0,268.0,548.0,824.0
2025-10-15 12:30:00,formal_winter_event_2026,720.0,460.0,720.0,1000.0
2025-10-15 13:00:00,formal_winter_event_2026,548.0,286.0,548.0,832.0
2025-10-15 13:30:00,formal_winter_event_2026,370.0,85.5,370.0,632.0
2025-10-15 14:00:00,formal_winter_event_2026,476.0,206.0,476.0,760.0
2025-10-15 14:30:00,formal_winter_event_2026,636.0,360.0,636.0,920.0
2025-10-15 15:00:00,formal_winter_event_2026,680.0,404.0,680.0,964.0
2025-10-15 15:30:00,formal_winter_event_2026,628.0,358.0,628.0,908.0
2025-10-15 16:00:00,formal_winter_event_2026,576.0,306.0,576.0,864.0
2025-10-15 16:30:00,formal_winter_event_2026,612.0,326.0,612.0,908.0
2025-10-15 17:00:00,formal_winter_event_2026,532.0,253.0,532.0,816.0
2025-10-15 17:30:00,formal_winter_event_2026,506.0,218.0,506.0,780.0
2025-10-15 18:00:00,formal_winter_event_2026,568.0,290.0,568.0,832.0
2025-10-15 18:30:00,formal_winter_event_2026,664.0,404.0,664.0,912.0
2025-10-15 19:00:00,formal_winter_event_2026,616.0,352.0,616.0,868.0
2025-10-15 19:30:00,formal_winter_event_2026,596.0,332.0,596.0,844.0
2025-10-15 20:00:00,formal_winter_event_2026,552.0,278.0,552.0,812.0
2025-10-15 20:30:00,formal_winter_event_2026,608.0,336.0,608.0,860.0
2025-10-15 21:00:00,formal_winter_event_2026,628.0,360.0,628.0,884.0
2025-10-15 21:30:00,formal_winter_event_2026,684.0,430.0,684.0,956.0
2025-10-15 22:00:00,formal_winter_event_2026,568.0,296.0,568.0,836.0
2025-10-15 22:30:00,formal_winter_event_2026,540.0,260.0,540.0,808.0
2025-10-15 23:00:00,formal_winter_event_2026,664.0,392.0,664.0,928.0
2025-10-15 23:30:00,formal_winter_event_2026,600.0,330.0,600.0,864.0
2025-10-16 00:00:00,formal_winter_event_2026,432.0,160.0,432.0,700.0
2025-10-16 00:30:00,formal_winter_event_2026,524.0,336.0,524.0,724.0
2025-10-16 01:00:00,formal_winter_event_2026,548.0,338.0,548.0,780.0
2025-10-16 01:30:00,formal_winter_event_2026,644.0,404.0,644.0,888.0
2025-10-16 02:00:00,formal_winter_event_2026,684.0,440.0,684.0,932.0
2025-10-16 02:30:00,formal_winter_event_2026,684.0,432.0,684.0,928.0
2025-10-16 03:00:00,formal_winter_event_2026,676.0,418.0,676.0,928.0
2025-10-16 03:30:00,formal_winter_event_2026,632.0,386.0,632.0,880.0
2025-10-16 04:00:00,formal_winter_event_2026,624.0,374.0,624.0,872.0
2025-10-16 04:30:00,formal_winter_event_2026,640.0,386.0,640.0,884.0
2025-10-16 05:00:00,formal_winter_event_2026,660.0,404.0,660.0,900.0
2025-10-16 05:30:00,formal_winter_event_2026,684.0,428.0,684.0,932.0
2025-10-16 06:00:00,formal_winter_event_2026,724.0,468.0,724.0,964.0
2025-10-16 06:30:00,formal_winter_event_2026,740.0,482.0,740.0,980.0
2025-10-16 07:00:00,formal_winter_event_2026,700.0,448.0,700.0,944.0
2025-10-16 07:30:00,formal_winter_event_2026,664.0,410.0,664.0,908.0
2025-10-16 08:00:00,formal_winter_event_2026,620.0,370.0,620.0,872.0
2025-10-16 08:30:00,formal_winter_event_2026,532.0,292.0,532.0,788.0
2025-10-16 09:00:00,formal_winter_event_2026,512.0,276.0,512.0,776.0
2025-10-16 09:30:00,formal_winter_event_2026,548.0,304.0,548.0,812.0
2025-10-16 10:00:00,formal_winter_event_2026,564.0,314.0,564.0,836.0
2025-10-16 10:30:00,formal_winter_event_2026,584.0,330.0,584.0,852.0
2025-10-16 11:00:00,formal_winter_event_2026,532.0,288.0,532.0,804.0
2025-10-16 11:30:00,formal_winter_event_2026,588.0,338.0,588.0,860.0
2025-10-16 12:00:00,formal_winter_event_2026,532.0,288.0,532.0,804.0
2025-10-16 12:30:00,formal_winter_event_2026,580.0,332.0,580.0,848.0
2025-10-16 13:00:00,formal_winter_event_2026,584.0,330.0,584.0,848.0
2025-10-16 13:30:00,formal_winter_event_2026,496.0,255.0,496.0,760.0
2025-10-16 14:00:00,formal_winter_event_2026,572.0,324.0,572.0,836.0
2025-10-16 14:30:00,formal_winter_event_2026,584.0,336.0,584.0,844.0
2025-10-16 15:00:00,formal_winter_event_2026,624.0,372.0,624.0,884.0
2025-10-16 15:30:00,formal_winter_event_2026,648.0,390.0,648.0,908.0
2025-10-16 16:00:00,formal_winter_event_2026,760.0,496.0,760.0,1024.0
2025-10-16 16:30:00,formal_winter_event_2026,868.0,592.0,868.0,1120.0
2025-10-16 17:00:00,formal_winter_event_2026,756.0,486.0,756.0,1008.0
2025-10-16 17:30:00,formal_winter_event_2026,696.0,426.0,696.0,944.0
2025-10-16 18:00:00,formal_winter_event_2026,736.0,474.0,736.0,976.0
2025-10-16 18:30:00,formal_winter_event_2026,756.0,496.0,756.0,992.0
2025-10-16 19:00:00,formal_winter_event_2026,692.0,438.0,692.0,940.0
2025-10-16 19:30:00,formal_winter_event_2026,636.0,388.0,636.0,876.0
2025-10-16 20:00:00,formal_winter_event_2026,564.0,320.0,564.0,820.0
2025-10-16 20:30:00,formal_winter_event_2026,588.0,344.0,588.0,840.0
2025-10-16 21:00:00,formal_winter_event_2026,660.0,402.0,660.0,916.0
2025-10-16 21:30:00,formal_winter_event_2026,616.0,364.0,616.0,868.0
2025-10-16 22:00:00,formal_winter_event_2026,596.0,346.0,596.0,844.0
2025-10-16 22:30:00,formal_winter_event_2026,604.0,356.0,604.0,852.0
2025-10-16 23:00:00,formal_winter_event_2026,712.0,456.0,712.0,964.0
2025-10-16 23:30:00,formal_winter_event_2026,584.0,336.0,584.0,840.0
2025-10-17 00:00:00,formal_winter_event_2026,524.0,272.0,524.0,780.0
2025-10-17 00:30:00,formal_winter_event_2026,516.0,346.0,516.0,696.0
2025-10-17 01:00:00,formal_winter_event_2026,676.0,484.0,676.0,872.0
2025-10-17 01:30:00,formal_winter_event_2026,740.0,540.0,740.0,940.0
2025-10-17 02:00:00,formal_winter_event_2026,756.0,556.0,756.0,956.0
2025-10-17 02:30:00,formal_winter_event_2026,744.0,536.0,744.0,952.0
2025-10-17 03:00:00,formal_winter_event_2026,736.0,528.0,736.0,940.0
2025-10-17 03:30:00,formal_winter_event_2026,684.0,480.0,684.0,896.0
2025-10-17 04:00:00,formal_winter_event_2026,600.0,396.0,600.0,812.0
2025-10-17 04:30:00,formal_winter_event_2026,624.0,424.0,624.0,824.0
2025-10-17 05:00:00,formal_winter_event_2026,640.0,436.0,640.0,848.0
2025-10-17 05:30:00,formal_winter_event_2026,696.0,492.0,696.0,904.0
2025-10-17 06:00:00,formal_winter_event_2026,724.0,516.0,724.0,936.0
2025-10-17 06:30:00,formal_winter_event_2026,812.0,604.0,812.0,1024.0
2025-10-17 07:00:00,formal_winter_event_2026,808.0,596.0,808.0,1032.0
2025-10-17 07:30:00,formal_winter_event_2026,816.0,604.0,816.0,1032.0
2025-10-17 08:00:00,formal_winter_event_2026,732.0,516.0,732.0,952.0
2025-10-17 08:30:00,formal_winter_event_2026,620.0,376.0,620.0,860.0
2025-10-17 09:00:00,formal_winter_event_2026,632.0,390.0,632.0,872.0
2025-10-17 09:30:00,formal_winter_event_2026,684.0,444.0,684.0,924.0
2025-10-17 10:00:00,formal_winter_event_2026,808.0,572.0,808.0,1056.0
2025-10-17 10:30:00,formal_winter_event_2026,764.0,516.0,764.0,1008.0
2025-10-17 11:00:00,formal_winter_event_2026,604.0,364.0,604.0,848.0
2025-10-17 11:30:00,formal_winter_event_2026,720.0,482.0,720.0,988.0
2025-10-17 12:00:00,formal_winter_event_2026,612.0,364.0,612.0,860.0
2025-10-17 12:30:00,formal_winter_event_2026,704.0,466.0,704.0,956.0
2025-10-17 13:00:00,formal_winter_event_2026,684.0,450.0,684.0,936.0
2025-10-17 13:30:00,formal_winter_event_2026,448.0,190.0,448.0,672.0
2025-10-17 14:00:00,formal_winter_event_2026,592.0,364.0,592.0,824.0
2025-10-17 14:30:00,formal_winter_event_2026,624.0,396.0,624.0,864.0
2025-10-17 15:00:00,formal_winter_event_2026,632.0,400.0,632.0,872.0
2025-10-17 15:30:00,formal_winter_event_2026,692.0,452.0,692.0,944.0
2025-10-17 16:00:00,formal_winter_event_2026,896.0,644.0,896.0,1152.0
2025-10-17 16:30:00,formal_winter_event_2026,852.0,600.0,852.0,1120.0
2025-10-17 17:00:00,formal_winter_event_2026,688.0,440.0,688.0,928.0
2025-10-17 17:30:00,formal_winter_event_2026,588.0,336.0,588.0,816.0
2025-10-17 18:00:00,formal_winter_event_2026,696.0,458.0,696.0,932.0
2025-10-17 18:30:00,formal_winter_event_2026,760.0,532.0,760.0,996.0
2025-10-17 19:00:00,formal_winter_event_2026,636.0,396.0,636.0,872.0
2025-10-17 19:30:00,formal_winter_event_2026,536.0,308.0,536.0,768.0
2025-10-17 20:00:00,formal_winter_event_2026,416.0,194.0,416.0,644.0
2025-10-17 20:30:00,formal_winter_event_2026,450.0,227.0,450.0,680.0
2025-10-17 21:00:00,formal_winter_event_2026,496.0,268.0,496.0,732.0
2025-10-17 21:30:00,formal_winter_event_2026,490.0,266.0,490.0,724.0
2025-10-17 22:00:00,formal_winter_event_2026,396.0,178.0,396.0,616.0
2025-10-17 22:30:00,formal_winter_event_2026,490.0,255.0,490.0,728.0
2025-10-17 23:00:00,formal_winter_event_2026,600.0,350.0,600.0,836.0
2025-10-17 23:30:00,formal_winter_event_2026,500.0,255.0,500.0,732.0
2025-10-18 00:00:00,formal_winter_event_2026,404.0,158.0,404.0,636.0
2025-10-18 00:30:00,formal_winter_event_2026,688.0,520.0,688.0,852.0
2025-10-18 01:00:00,formal_winter_event_2026,688.0,496.0,688.0,872.0
2025-10-18 01:30:00,formal_winter_event_2026,672.0,472.0,672.0,868.0
2025-10-18 02:00:00,formal_winter_event_2026,636.0,432.0,636.0,836.0
2025-10-18 02:30:00,formal_winter_event_2026,624.0,422.0,624.0,832.0
2025-10-18 03:00:00,formal_winter_event_2026,652.0,446.0,652.0,860.0
2025-10-18 03:30:00,formal_winter_event_2026,592.0,394.0,592.0,800.0
2025-10-18 04:00:00,formal_winter_event_2026,568.0,370.0,568.0,780.0
2025-10-18 04:30:00,formal_winter_event_2026,564.0,370.0,564.0,776.0
2025-10-18 05:00:00,formal_winter_event_2026,580.0,372.0,580.0,788.0
2025-10-18 05:30:00,formal_winter_event_2026,596.0,392.0,596.0,808.0
2025-10-18 06:00:00,formal_winter_event_2026,664.0,456.0,664.0,880.0
2025-10-18 06:30:00,formal_winter_event_2026,740.0,528.0,740.0,952.0
2025-10-18 07:00:00,formal_winter_event_2026,708.0,500.0,708.0,916.0
2025-10-18 07:30:00,formal_winter_event_2026,656.0,448.0,656.0,864.0
2025-10-18 08:00:00,formal_winter_event_2026,564.0,358.0,564.0,784.0
2025-10-18 08:30:00,formal_winter_event_2026,488.0,268.0,488.0,724.0
2025-10-18 09:00:00,formal_winter_event_2026,510.0,286.0,510.0,752.0
2025-10-18 09:30:00,formal_winter_event_2026,452.0,230.0,452.0,700.0
2025-10-18 10:00:00,formal_winter_event_2026,460.0,234.0,460.0,708.0
2025-10-18 10:30:00,formal_winter_event_2026,484.0,260.0,484.0,732.0
2025-10-18 11:00:00,formal_winter_event_2026,436.0,230.0,436.0,680.0
2025-10-18 11:30:00,formal_winter_event_2026,496.0,278.0,496.0,744.0
2025-10-18 12:00:00,formal_winter_event_2026,426.0,207.0,426.0,676.0
2025-10-18 12:30:00,formal_winter_event_2026,588.0,366.0,588.0,836.0
2025-10-18 13:00:00,formal_winter_event_2026,656.0,426.0,656.0,904.0
2025-10-18 13:30:00,formal_winter_event_2026,400.0,170.0,400.0,624.0
2025-10-18 14:00:00,formal_winter_event_2026,502.0,278.0,502.0,728.0
2025-10-18 14:30:00,formal_winter_event_2026,548.0,324.0,548.0,776.0
2025-10-18 15:00:00,formal_winter_event_2026,544.0,320.0,544.0,764.0
2025-10-18 15:30:00,formal_winter_event_2026,472.0,250.0,472.0,684.0
2025-10-18 16:00:00,formal_winter_event_2026,588.0,364.0,588.0,812.0
2025-10-18 16:30:00,formal_winter_event_2026,712.0,492.0,712.0,936.0
2025-10-18 17:00:00,formal_winter_event_2026,632.0,416.0,632.0,856.0
2025-10-18 17:30:00,formal_winter_event_2026,476.0,256.0,476.0,696.0
2025-10-18 18:00:00,formal_winter_event_2026,620.0,404.0,620.0,836.0
2025-10-18 18:30:00,formal_winter_event_2026,732.0,520.0,732.0,964.0
2025-10-18 19:00:00,formal_winter_event_2026,608.0,392.0,608.0,824.0
2025-10-18 19:30:00,formal_winter_event_2026,544.0,340.0,544.0,760.0
2025-10-18 20:00:00,formal_winter_event_2026,556.0,352.0,556.0,776.0
2025-10-18 20:30:00,formal_winter_event_2026,588.0,384.0,588.0,812.0
2025-10-18 21:00:00,formal_winter_event_2026,604.0,398.0,604.0,828.0
2025-10-18 21:30:00,formal_winter_event_2026,544.0,342.0,544.0,760.0
2025-10-18 22:00:00,formal_winter_event_2026,536.0,334.0,536.0,748.0
2025-10-18 22:30:00,formal_winter_event_2026,628.0,424.0,628.0,860.0
2025-10-18 23:00:00,formal_winter_event_2026,684.0,466.0,684.0,904.0
2025-10-18 23:30:00,formal_winter_event_2026,500.0,290.0,500.0,712.0
2025-10-19 00:00:00,formal_winter_event_2026,484.0,274.0,484.0,704.0
2025-10-24 00:30:00,formal_winter_event_2026,592.0,404.0,592.0,780.0
2025-10-24 01:00:00,formal_winter_event_2026,592.0,396.0,592.0,784.0
2025-10-24 01:30:00,formal_winter_event_2026,568.0,370.0,568.0,768.0
2025-10-24 02:00:00,formal_winter_event_2026,592.0,396.0,592.0,788.0
2025-10-24 02:30:00,formal_winter_event_2026,664.0,472.0,664.0,864.0
2025-10-24 03:00:00,formal_winter_event_2026,664.0,474.0,664.0,860.0
2025-10-24 03:30:00,formal_winter_event_2026,640.0,446.0,640.0,832.0
2025-10-24 04:00:00,formal_winter_event_2026,628.0,438.0,628.0,824.0
2025-10-24 04:30:00,formal_winter_event_2026,648.0,460.0,648.0,840.0
2025-10-24 05:00:00,formal_winter_event_2026,648.0,460.0,648.0,836.0
2025-10-24 05:30:00,formal_winter_event_2026,640.0,454.0,640.0,828.0
2025-10-24 06:00:00,formal_winter_event_2026,652.0,474.0,652.0,836.0
2025-10-24 06:30:00,formal_winter_event_2026,692.0,506.0,692.0,888.0
2025-10-24 07:00:00,formal_winter_event_2026,656.0,474.0,656.0,848.0
2025-10-24 07:30:00,formal_winter_event_2026,628.0,444.0,628.0,816.0
2025-10-24 08:00:00,formal_winter_event_2026,624.0,434.0,624.0,804.0
2025-10-24 08:30:00,formal_winter_event_2026,584.0,378.0,584.0,780.0
2025-10-24 09:00:00,formal_winter_event_2026,624.0,428.0,624.0,824.0
2025-10-24 09:30:00,formal_winter_event_2026,608.0,400.0,608.0,800.0
2025-10-24 10:00:00,formal_winter_event_2026,584.0,380.0,584.0,780.0
2025-10-24 10:30:00,formal_winter_event_2026,592.0,390.0,592.0,792.0
2025-10-24 11:00:00,formal_winter_event_2026,556.0,348.0,556.0,756.0
2025-10-24 11:30:00,formal_winter_event_2026,584.0,378.0,584.0,792.0
2025-10-24 12:00:00,formal_winter_event_2026,540.0,332.0,540.0,752.0
2025-10-24 12:30:00,formal_winter_event_2026,624.0,428.0,624.0,844.0
2025-10-24 13:00:00,formal_winter_event_2026,564.0,352.0,564.0,772.0
2025-10-24 13:30:00,formal_winter_event_2026,466.0,251.0,466.0,660.0
2025-10-24 14:00:00,formal_winter_event_2026,536.0,332.0,536.0,740.0
2025-10-24 14:30:00,formal_winter_event_2026,588.0,388.0,588.0,788.0
2025-10-24 15:00:00,formal_winter_event_2026,600.0,404.0,600.0,800.0
2025-10-24 15:30:00,formal_winter_event_2026,548.0,344.0,548.0,740.0
2025-10-24 16:00:00,formal_winter_event_2026,584.0,376.0,584.0,784.0
2025-10-24 16:30:00,formal_winter_event_2026,616.0,414.0,616.0,812.0
2025-10-24 17:00:00,formal_winter_event_2026,572.0,368.0,572.0,768.0
2025-10-24 17:30:00,formal_winter_event_2026,576.0,368.0,576.0,772.0
2025-10-24 18:00:00,formal_winter_event_2026,612.0,414.0,612.0,812.0
2025-10-24 18:30:00,formal_winter_event_2026,656.0,462.0,656.0,848.0
2025-10-24 19:00:00,formal_winter_event_2026,576.0,386.0,576.0,772.0
2025-10-24 19:30:00,formal_winter_event_2026,560.0,374.0,560.0,752.0
2025-10-24 20:00:00,formal_winter_event_2026,580.0,390.0,580.0,780.0
2025-10-24 20:30:00,formal_winter_event_2026,632.0,454.0,632.0,832.0
2025-10-24 21:00:00,formal_winter_event_2026,600.0,414.0,600.0,800.0
2025-10-24 21:30:00,formal_winter_event_2026,580.0,384.0,580.0,772.0
2025-10-24 22:00:00,formal_winter_event_2026,556.0,366.0,556.0,740.0
2025-10-24 22:30:00,formal_winter_event_2026,628.0,436.0,628.0,824.0
2025-10-24 23:00:00,formal_winter_event_2026,636.0,440.0,636.0,828.0
2025-10-24 23:30:00,formal_winter_event_2026,568.0,368.0,568.0,760.0
2025-10-25 00:00:00,formal_winter_event_2026,560.0,360.0,560.0,756.0
2025-10-25 00:30:00,formal_winter_event_2026,508.0,458.0,508.0,580.0
2025-10-25 01:00:00,formal_winter_event_2026,532.0,468.0,532.0,616.0
2025-10-25 01:30:00,formal_winter_event_2026,498.0,438.0,498.0,576.0
2025-10-25 02:00:00,formal_winter_event_2026,508.0,448.0,508.0,588.0
2025-10-25 02:30:00,formal_winter_event_2026,492.0,424.0,492.0,580.0
2025-10-25 03:00:00,formal_winter_event_2026,458.0,384.0,458.0,536.0
2025-10-25 03:30:00,formal_winter_event_2026,446.0,372.0,446.0,524.0
2025-10-25 04:00:00,formal_winter_event_2026,458.0,368.0,458.0,560.0
2025-10-25 04:30:00,formal_winter_event_2026,444.0,346.0,444.0,560.0
2025-10-25 05:00:00,formal_winter_event_2026,468.0,356.0,468.0,612.0
2025-10-25 05:30:00,formal_winter_event_2026,568.0,432.0,568.0,752.0
2025-10-25 06:00:00,formal_winter_event_2026,688.0,502.0,688.0,920.0
2025-10-25 06:30:00,formal_winter_event_2026,752.0,552.0,752.0,1024.0
2025-10-25 07:00:00,formal_winter_event_2026,748.0,556.0,748.0,1012.0
2025-10-25 07:30:00,formal_winter_event_2026,692.0,512.0,692.0,932.0
2025-10-25 08:00:00,formal_winter_event_2026,616.0,450.0,616.0,812.0
2025-10-25 08:30:00,formal_winter_event_2026,380.0,233.0,380.0,516.0
2025-10-25 09:00:00,formal_winter_event_2026,362.0,203.0,362.0,504.0
2025-10-25 09:30:00,formal_winter_event_2026,370.0,190.0,370.0,528.0
2025-10-25 10:00:00,formal_winter_event_2026,330.0,135.0,330.0,496.0
2025-10-25 10:30:00,formal_winter_event_2026,310.0,101.5,310.0,472.0
2025-10-25 11:00:00,formal_winter_event_2026,248.0,28.625,248.0,418.0
2025-10-25 11:30:00,formal_winter_event_2026,376.0,212.0,376.0,536.0
2025-10-25 12:00:00,formal_winter_event_2026,322.0,154.0,322.0,476.0
2025-10-25 12:30:00,formal_winter_event_2026,404.0,243.0,404.0,576.0
2025-10-25 13:00:00,formal_winter_event_2026,440.0,258.0,440.0,640.0
2025-10-25 13:30:00,formal_winter_event_2026,197.0,-90.0,197.0,410.0
2025-10-25 14:00:00,formal_winter_event_2026,324.0,109.5,324.0,508.0
2025-10-25 14:30:00,formal_winter_event_2026,388.0,193.0,388.0,588.0
2025-10-25 15:00:00,formal_winter_event_2026,548.0,366.0,548.0,796.0
2025-10-25 15:30:00,formal_winter_event_2026,720.0,524.0,720.0,1056.0
2025-10-25 16:00:00,formal_winter_event_2026,676.0,480.0,676.0,972.0
2025-10-25 16:30:00,formal_winter_event_2026,684.0,472.0,684.0,1248.0
2025-10-25 17:00:00,formal_winter_event_2026,692.0,474.0,692.0,1192.0
2025-10-25 17:30:00,formal_winter_event_2026,752.0,512.0,752.0,1328.0
2025-10-25 18:00:00,formal_winter_event_2026,964.0,644.0,964.0,1720.0
2025-10-25 18:30:00,formal_winter_event_2026,1016.0,692.0,1016.0,1784.0
2025-10-25 19:00:00,formal_winter_event_2026,676.0,490.0,676.0,1056.0
2025-10-25 19:30:00,formal_winter_event_2026,640.0,494.0,640.0,952.0
2025-10-25 20:00:00,formal_winter_event_2026,628.0,496.0,628.0,908.0
2025-10-25 20:30:00,formal_winter_event_2026,632.0,488.0,632.0,924.0
2025-10-25 21:00:00,formal_winter_event_2026,568.0,440.0,568.0,820.0
2025-10-25 21:30:00,formal_winter_event_2026,592.0,466.0,592.0,832.0
2025-10-25 22:00:00,formal_winter_event_2026,640.0,506.0,640.0,908.0
2025-10-25 22:30:00,formal_winter_event_2026,688.0,528.0,688.0,1024.0
2025-10-25 23:00:00,formal_winter_event_2026,676.0,528.0,676.0,972.0
2025-10-25 23:30:00,formal_winter_event_2026,628.0,496.0,628.0,868.0
2025-10-26 00:00:00,formal_winter_event_2026,624.0,484.0,624.0,860.0
2025-10-27 00:30:00,formal_winter_event_2026,516.0,434.0,516.0,624.0
2025-10-27 01:00:00,formal_winter_event_2026,436.0,364.0,436.0,516.0
2025-10-27 01:30:00,formal_winter_event_2026,516.0,434.0,516.0,620.0
2025-10-27 02:00:00,formal_winter_event_2026,510.0,414.0,510.0,636.0
2025-10-27 02:30:00,formal_winter_event_2026,502.0,384.0,502.0,652.0
2025-10-27 03:00:00,formal_winter_event_2026,490.0,372.0,490.0,644.0
2025-10-27 03:30:00,formal_winter_event_2026,454.0,338.0,454.0,596.0
2025-10-27 04:00:00,formal_winter_event_2026,424.0,296.0,424.0,580.0
2025-10-27 04:30:00,formal_winter_event_2026,376.0,229.0,376.0,524.0
2025-10-27 05:00:00,formal_winter_event_2026,412.0,260.0,412.0,604.0
2025-10-27 05:30:00,formal_winter_event_2026,486.0,322.0,486.0,732.0
2025-10-27 06:00:00,formal_winter_event_2026,588.0,388.0,588.0,896.0
2025-10-27 06:30:00,formal_winter_event_2026,556.0,366.0,556.0,856.0
2025-10-27 07:00:00,formal_winter_event_2026,488.0,332.0,488.0,712.0
2025-10-27 07:30:00,formal_winter_event_2026,488.0,352.0,488.0,664.0
2025-10-27 08:00:00,formal_winter_event_2026,480.0,348.0,480.0,652.0
2025-10-27 08:30:00,formal_winter_event_2026,332.0,152.0,332.0,498.0
2025-10-27 09:00:00,formal_winter_event_2026,372.0,203.0,372.0,536.0
2025-10-27 09:30:00,formal_winter_event_2026,328.0,154.0,328.0,482.0
2025-10-27 10:00:00,formal_winter_event_2026,304.0,86.0,304.0,480.0
2025-10-27 10:30:00,formal_winter_event_2026,302.0,42.25,302.0,500.0
2025-10-27 11:00:00,formal_winter_event_2026,264.0,13.25,264.0,456.0
2025-10-27 11:30:00,formal_winter_event_2026,268.0,1.9453125,268.0,460.0
2025-10-27 12:00:00,formal_winter_event_2026,170.0,-155.0,170.0,394.0
2025-10-27 12:30:00,formal_winter_event_2026,217.0,-93.5,217.0,448.0
2025-10-27 13:00:00,formal_winter_event_2026,282.0,-9.625,282.0,504.0
2025-10-27 13:30:00,formal_winter_event_2026,170.0,-165.0,170.0,402.0
2025-10-27 14:00:00,formal_winter_event_2026,298.0,42.25,298.0,498.0
2025-10-27 14:30:00,formal_winter_event_2026,334.0,102.0,334.0,532.0
2025-10-27 15:00:00,formal_winter_event_2026,468.0,286.0,468.0,688.0
2025-10-27 15:30:00,formal_winter_event_2026,440.0,266.0,440.0,636.0
2025-10-27 16:00:00,formal_winter_event_2026,490.0,302.0,490.0,720.0
2025-10-27 16:30:00,formal_winter_event_2026,472.0,300.0,472.0,764.0
2025-10-27 17:00:00,formal_winter_event_2026,442.0,286.0,442.0,664.0
2025-10-27 17:30:00,formal_winter_event_2026,440.0,300.0,440.0,628.0
2025-10-27 18:00:00,formal_winter_event_2026,564.0,378.0,564.0,896.0
2025-10-27 18:30:00,formal_winter_event_2026,688.0,402.0,688.0,1136.0
2025-10-27 19:00:00,formal_winter_event_2026,504.0,340.0,504.0,776.0
2025-10-27 19:30:00,formal_winter_event_2026,504.0,368.0,504.0,708.0
2025-10-27 20:00:00,formal_winter_event_2026,572.0,412.0,572.0,856.0
2025-10-27 20:30:00,formal_winter_event_2026,520.0,390.0,520.0,732.0
2025-10-27 21:00:00,formal_winter_event_2026,452.0,344.0,452.0,580.0
2025-10-27 21:30:00,formal_winter_event_2026,444.0,334.0,444.0,576.0
2025-10-27 22:00:00,formal_winter_event_2026,442.0,318.0,442.0,596.0
2025-10-27 22:30:00,formal_winter_event_2026,528.0,344.0,528.0,872.0
2025-10-27 23:00:00,formal_winter_event_2026,576.0,366.0,576.0,972.0
2025-10-27 23:30:00,formal_winter_event_2026,584.0,388.0,584.0,948.0
2025-10-28 00:00:00,formal_winter_event_2026,532.0,362.0,532.0,844.0
2025-10-28 00:30:00,formal_winter_event_2026,494.0,436.0,494.0,568.0
2025-10-28 01:00:00,formal_winter_event_2026,456.0,396.0,456.0,528.0
2025-10-28 01:30:00,formal_winter_event_2026,438.0,378.0,438.0,512.0
2025-10-28 02:00:00,formal_winter_event_2026,442.0,376.0,442.0,520.0
2025-10-28 02:30:00,formal_winter_event_2026,438.0,370.0,438.0,520.0
2025-10-28 03:00:00,formal_winter_event_2026,416.0,354.0,416.0,482.0
2025-10-28 03:30:00,formal_winter_event_2026,396.0,334.0,396.0,460.0
2025-10-28 04:00:00,formal_winter_event_2026,384.0,320.0,384.0,448.0
2025-10-28 04:30:00,formal_winter_event_2026,382.0,312.0,382.0,444.0
2025-10-28 05:00:00,formal_winter_event_2026,384.0,312.0,384.0,456.0
2025-10-28 05:30:00,formal_winter_event_2026,420.0,342.0,420.0,508.0
2025-10-28 06:00:00,formal_winter_event_2026,506.0,410.0,506.0,632.0
2025-10-28 06:30:00,formal_winter_event_2026,560.0,446.0,560.0,740.0
2025-10-28 07:00:00,formal_winter_event_2026,584.0,446.0,584.0,800.0
2025-10-28 07:30:00,formal_winter_event_2026,568.0,444.0,568.0,764.0
2025-10-28 08:00:00,formal_winter_event_2026,540.0,424.0,540.0,712.0
2025-10-28 08:30:00,formal_winter_event_2026,372.0,254.0,372.0,494.0
2025-10-28 09:00:00,formal_winter_event_2026,392.0,286.0,392.0,510.0
2025-10-28 09:30:00,formal_winter_event_2026,388.0,282.0,388.0,496.0
2025-10-28 10:00:00,formal_winter_event_2026,378.0,272.0,378.0,486.0
2025-10-28 10:30:00,formal_winter_event_2026,394.0,274.0,394.0,520.0
2025-10-28 11:00:00,formal_winter_event_2026,366.0,246.0,366.0,494.0
2025-10-28 11:30:00,formal_winter_event_2026,376.0,246.0,376.0,536.0
2025-10-28 12:00:00,formal_winter_event_2026,314.0,174.0,314.0,470.0
2025-10-28 12:30:00,formal_winter_event_2026,456.0,304.0,456.0,680.0
2025-10-28 13:00:00,formal_winter_event_2026,460.0,314.0,460.0,652.0
2025-10-28 13:30:00,formal_winter_event_2026,294.0,149.0,294.0,428.0
2025-10-28 14:00:00,formal_winter_event_2026,352.0,222.0,352.0,480.0
2025-10-28 14:30:00,formal_winter_event_2026,376.0,252.0,376.0,508.0
2025-10-28 15:00:00,formal_winter_event_2026,422.0,300.0,422.0,560.0
2025-10-28 15:30:00,formal_winter_event_2026,484.0,366.0,484.0,632.0
2025-10-28 16:00:00,formal_winter_event_2026,504.0,378.0,504.0,664.0
2025-10-28 16:30:00,formal_winter_event_2026,588.0,456.0,588.0,752.0
2025-10-28 17:00:00,formal_winter_event_2026,632.0,486.0,632.0,800.0
2025-10-28 17:30:00,formal_winter_event_2026,660.0,508.0,660.0,852.0
2025-10-28 18:00:00,formal_winter_event_2026,864.0,624.0,864.0,1144.0
2025-10-28 18:30:00,formal_winter_event_2026,860.0,616.0,860.0,1136.0
2025-10-28 19:00:00,formal_winter_event_2026,788.0,568.0,788.0,1032.0
2025-10-28 19:30:00,formal_winter_event_2026,712.0,528.0,712.0,928.0
2025-10-28 20:00:00,formal_winter_event_2026,640.0,494.0,640.0,820.0
2025-10-28 20:30:00,formal_winter_event_2026,640.0,490.0,640.0,812.0
2025-10-28 21:00:00,formal_winter_event_2026,616.0,476.0,616.0,780.0
2025-10-28 21:30:00,formal_winter_event_2026,652.0,500.0,652.0,820.0
2025-10-28 22:00:00,formal_winter_event_2026,636.0,478.0,636.0,812.0
2025-10-28 22:30:00,formal_winter_event_2026,728.0,516.0,728.0,980.0
2025-10-28 23:00:00,formal_winter_event_2026,784.0,540.0,784.0,1048.0
2025-10-28 23:30:00,formal_winter_event_2026,572.0,420.0,572.0,764.0
2025-10-29 00:00:00,formal_winter_event_2026,468.0,336.0,468.0,620.0
2025-10-29 00:30:00,formal_winter_event_2026,388.0,336.0,388.0,438.0
2025-10-29 01:00:00,formal_winter_event_2026,400.0,350.0,400.0,442.0
2025-10-29 01:30:00,formal_winter_event_2026,412.0,368.0,412.0,452.0
2025-10-29 02:00:00,formal_winter_event_2026,414.0,370.0,414.0,454.0
2025-10-29 02:30:00,formal_winter_event_2026,426.0,380.0,426.0,470.0
2025-10-29 03:00:00,formal_winter_event_2026,424.0,380.0,424.0,464.0
2025-10-29 03:30:00,formal_winter_event_2026,418.0,372.0,418.0,458.0
2025-10-29 04:00:00,formal_winter_event_2026,410.0,366.0,410.0,448.0
2025-10-29 04:30:00,formal_winter_event_2026,410.0,362.0,410.0,452.0
2025-10-29 05:00:00,formal_winter_event_2026,408.0,364.0,408.0,448.0
2025-10-29 05:30:00,formal_winter_event_2026,418.0,372.0,418.0,458.0
2025-10-29 06:00:00,formal_winter_event_2026,432.0,388.0,432.0,476.0
2025-10-29 06:30:00,formal_winter_event_2026,446.0,402.0,446.0,494.0
2025-10-29 07:00:00,formal_winter_event_2026,450.0,402.0,450.0,502.0
2025-10-29 07:30:00,formal_winter_event_2026,456.0,408.0,456.0,516.0
2025-10-29 08:00:00,formal_winter_event_2026,448.0,396.0,448.0,510.0
2025-10-29 08:30:00,formal_winter_event_2026,408.0,342.0,408.0,474.0
2025-10-29 09:00:00,formal_winter_event_2026,404.0,336.0,404.0,468.0
2025-10-29 09:30:00,formal_winter_event_2026,388.0,324.0,388.0,450.0
2025-10-29 10:00:00,formal_winter_event_2026,378.0,310.0,378.0,440.0
2025-10-29 10:30:00,formal_winter_event_2026,372.0,298.0,372.0,440.0
2025-10-29 11:00:00,formal_winter_event_2026,352.0,268.0,352.0,428.0
2025-10-29 11:30:00,formal_winter_event_2026,348.0,260.0,348.0,434.0
2025-10-29 12:00:00,formal_winter_event_2026,282.0,171.0,282.0,374.0
2025-10-29 12:30:00,formal_winter_event_2026,336.0,234.0,336.0,426.0
2025-10-29 13:00:00,formal_winter_event_2026,380.0,290.0,380.0,480.0
2025-10-29 13:30:00,formal_winter_event_2026,324.0,230.0,324.0,402.0
2025-10-29 14:00:00,formal_winter_event_2026,390.0,316.0,390.0,462.0
2025-10-29 14:30:00,formal_winter_event_2026,406.0,334.0,406.0,474.0
2025-10-29 15:00:00,formal_winter_event_2026,448.0,372.0,448.0,532.0
2025-10-29 15:30:00,formal_winter_event_2026,436.0,366.0,436.0,512.0
2025-10-29 16:00:00,formal_winter_event_2026,500.0,422.0,500.0,592.0
2025-10-29 16:30:00,formal_winter_event_2026,508.0,424.0,508.0,624.0
2025-10-29 17:00:00,formal_winter_event_2026,540.0,442.0,540.0,672.0
2025-10-29 17:30:00,formal_winter_event_2026,524.0,430.0,524.0,652.0
2025-10-29 18:00:00,formal_winter_event_2026,696.0,560.0,696.0,836.0
2025-10-29 18:30:00,formal_winter_event_2026,684.0,536.0,684.0,836.0
2025-10-29 19:00:00,formal_winter_event_2026,656.0,498.0,656.0,816.0
2025-10-29 19:30:00,formal_winter_event_2026,624.0,482.0,624.0,792.0
2025-10-29 20:00:00,formal_winter_event_2026,560.0,442.0,560.0,720.0
2025-10-29 20:30:00,formal_winter_event_2026,524.0,418.0,524.0,688.0
2025-10-29 21:00:00,formal_winter_event_2026,508.0,404.0,508.0,660.0
2025-10-29 21:30:00,formal_winter_event_2026,532.0,422.0,532.0,680.0
2025-10-29 22:00:00,formal_winter_event_2026,500.0,402.0,500.0,644.0
2025-10-29 22:30:00,formal_winter_event_2026,552.0,426.0,552.0,732.0
2025-10-29 23:00:00,formal_winter_event_2026,740.0,580.0,740.0,940.0
2025-10-29 23:30:00,formal_winter_event_2026,474.0,370.0,474.0,624.0
2025-10-30 00:00:00,formal_winter_event_2026,414.0,326.0,414.0,536.0
2025-11-04 00:30:00,formal_winter_event_2026,284.0,111.5,284.0,384.0
2025-11-04 01:00:00,formal_winter_event_2026,464.0,332.0,464.0,584.0
2025-11-04 01:30:00,formal_winter_event_2026,434.0,336.0,434.0,524.0
2025-11-04 02:00:00,formal_winter_event_2026,408.0,334.0,408.0,466.0
2025-11-04 02:30:00,formal_winter_event_2026,392.0,320.0,392.0,440.0
2025-11-04 03:00:00,formal_winter_event_2026,388.0,324.0,388.0,434.0
2025-11-04 03:30:00,formal_winter_event_2026,396.0,340.0,396.0,440.0
2025-11-04 04:00:00,formal_winter_event_2026,392.0,336.0,392.0,436.0
2025-11-04 04:30:00,formal_winter_event_2026,386.0,326.0,386.0,434.0
2025-11-04 05:00:00,formal_winter_event_2026,388.0,326.0,388.0,434.0
2025-11-04 05:30:00,formal_winter_event_2026,404.0,344.0,404.0,448.0
2025-11-04 06:00:00,formal_winter_event_2026,422.0,354.0,422.0,474.0
2025-11-04 06:30:00,formal_winter_event_2026,420.0,332.0,420.0,488.0
2025-11-04 07:00:00,formal_winter_event_2026,436.0,328.0,436.0,528.0
2025-11-04 07:30:00,formal_winter_event_2026,386.0,262.0,386.0,476.0
2025-11-04 08:00:00,formal_winter_event_2026,448.0,334.0,448.0,572.0
2025-11-04 08:30:00,formal_winter_event_2026,600.0,408.0,600.0,888.0
2025-11-04 09:00:00,formal_winter_event_2026,976.0,536.0,976.0,1536.0
2025-11-04 09:30:00,formal_winter_event_2026,896.0,496.0,896.0,1488.0
2025-11-04 10:00:00,formal_winter_event_2026,944.0,524.0,944.0,1552.0
2025-11-04 10:30:00,formal_winter_event_2026,764.0,448.0,764.0,1256.0
2025-11-04 11:00:00,formal_winter_event_2026,524.0,328.0,524.0,864.0
2025-11-04 11:30:00,formal_winter_event_2026,784.0,468.0,784.0,1392.0
2025-11-04 12:00:00,formal_winter_event_2026,396.0,247.0,396.0,544.0
2025-11-04 12:30:00,formal_winter_event_2026,500.0,342.0,500.0,716.0
2025-11-04 13:00:00,formal_winter_event_2026,520.0,358.0,520.0,736.0
2025-11-04 13:30:00,formal_winter_event_2026,428.0,294.0,428.0,548.0
2025-11-04 14:00:00,formal_winter_event_2026,460.0,330.0,460.0,584.0
2025-11-04 14:30:00,formal_winter_event_2026,380.0,251.0,380.0,482.0
2025-11-04 15:00:00,formal_winter_event_2026,768.0,524.0,768.0,1104.0
2025-11-04 15:30:00,formal_winter_event_2026,508.0,382.0,508.0,656.0
2025-11-04 16:00:00,formal_winter_event_2026,560.0,426.0,560.0,724.0
2025-11-04 16:30:00,formal_winter_event_2026,704.0,498.0,704.0,960.0
2025-11-04 17:00:00,formal_winter_event_2026,540.0,404.0,540.0,760.0
2025-11-04 17:30:00,formal_winter_event_2026,600.0,440.0,600.0,840.0
2025-11-04 18:00:00,formal_winter_event_2026,588.0,440.0,588.0,812.0
2025-11-04 18:30:00,formal_winter_event_2026,656.0,478.0,656.0,888.0
2025-11-04 19:00:00,formal_winter_event_2026,500.0,396.0,500.0,668.0
2025-11-04 19:30:00,formal_winter_event_2026,452.0,370.0,452.0,568.0
2025-11-04 20:00:00,formal_winter_event_2026,418.0,342.0,418.0,508.0
2025-11-04 20:30:00,formal_winter_event_2026,474.0,398.0,474.0,596.0
2025-11-04 21:00:00,formal_winter_event_2026,502.0,416.0,502.0,636.0
2025-11-04 21:30:00,formal_winter_event_2026,500.0,416.0,500.0,636.0
2025-11-04 22:00:00,formal_winter_event_2026,470.0,388.0,470.0,604.0
2025-11-04 22:30:00,formal_winter_event_2026,462.0,374.0,462.0,604.0
2025-11-04 23:00:00,formal_winter_event_2026,544.0,418.0,544.0,720.0
2025-11-04 23:30:00,formal_winter_event_2026,412.0,326.0,412.0,516.0
2025-11-05 00:00:00,formal_winter_event_2026,346.0,255.0,346.0,418.0
2025-11-05 00:30:00,formal_winter_event_2026,418.0,382.0,418.0,458.0
2025-11-05 01:00:00,formal_winter_event_2026,452.0,406.0,452.0,516.0
2025-11-05 01:30:00,formal_winter_event_2026,494.0,434.0,494.0,580.0
2025-11-05 02:00:00,formal_winter_event_2026,454.0,412.0,454.0,512.0
2025-11-05 02:30:00,formal_winter_event_2026,442.0,400.0,442.0,486.0
2025-11-05 03:00:00,formal_winter_event_2026,480.0,430.0,480.0,540.0
2025-11-05 03:30:00,formal_winter_event_2026,468.0,418.0,468.0,532.0
2025-11-05 04:00:00,formal_winter_event_2026,424.0,390.0,424.0,466.0
2025-11-05 04:30:00,formal_winter_event_2026,424.0,390.0,424.0,462.0
2025-11-05 05:00:00,formal_winter_event_2026,430.0,392.0,430.0,480.0
2025-11-05 05:30:00,formal_winter_event_2026,454.0,406.0,454.0,524.0
2025-11-05 06:00:00,formal_winter_event_2026,506.0,442.0,506.0,592.0
2025-11-05 06:30:00,formal_winter_event_2026,502.0,440.0,502.0,596.0
2025-11-05 07:00:00,formal_winter_event_2026,436.0,386.0,436.0,516.0
2025-11-05 07:30:00,formal_winter_event_2026,508.0,422.0,508.0,644.0
2025-11-05 08:00:00,formal_winter_event_2026,532.0,420.0,532.0,700.0
2025-11-05 08:30:00,formal_winter_event_2026,442.0,332.0,442.0,552.0
2025-11-05 09:00:00,formal_winter_event_2026,422.0,306.0,422.0,544.0
2025-11-05 09:30:00,formal_winter_event_2026,378.0,268.0,378.0,494.0
2025-11-05 10:00:00,formal_winter_event_2026,370.0,258.0,370.0,478.0
2025-11-05 10:30:00,formal_winter_event_2026,356.0,238.0,356.0,454.0
2025-11-05 11:00:00,formal_winter_event_2026,306.0,167.0,306.0,412.0
2025-11-05 11:30:00,formal_winter_event_2026,416.0,286.0,416.0,552.0
2025-11-05 12:00:00,formal_winter_event_2026,342.0,222.0,342.0,464.0
2025-11-05 12:30:00,formal_winter_event_2026,392.0,278.0,392.0,536.0
2025-11-05 13:00:00,formal_winter_event_2026,470.0,340.0,470.0,596.0
2025-11-05 13:30:00,formal_winter_event_2026,344.0,219.0,344.0,458.0
2025-11-05 14:00:00,formal_winter_event_2026,372.0,258.0,372.0,496.0
2025-11-05 14:30:00,formal_winter_event_2026,360.0,243.0,360.0,466.0
2025-11-05 15:00:00,formal_winter_event_2026,482.0,362.0,482.0,608.0
2025-11-05 15:30:00,formal_winter_event_2026,580.0,454.0,580.0,712.0
2025-11-05 16:00:00,formal_winter_event_2026,640.0,516.0,640.0,776.0
2025-11-05 16:30:00,formal_winter_event_2026,536.0,450.0,536.0,640.0
2025-11-05 17:00:00,formal_winter_event_2026,496.0,414.0,496.0,600.0
2025-11-05 17:30:00,formal_winter_event_2026,486.0,406.0,486.0,584.0
2025-11-05 18:00:00,formal_winter_event_2026,492.0,416.0,492.0,588.0
2025-11-05 18:30:00,formal_winter_event_2026,478.0,404.0,478.0,568.0
2025-11-05 19:00:00,formal_winter_event_2026,452.0,382.0,452.0,540.0
2025-11-05 19:30:00,formal_winter_event_2026,482.0,408.0,482.0,572.0
2025-11-05 20:00:00,formal_winter_event_2026,450.0,382.0,450.0,532.0
2025-11-05 20:30:00,formal_winter_event_2026,454.0,384.0,454.0,540.0
2025-11-05 21:00:00,formal_winter_event_2026,464.0,390.0,464.0,552.0
2025-11-05 21:30:00,formal_winter_event_2026,452.0,384.0,452.0,536.0
2025-11-05 22:00:00,formal_winter_event_2026,434.0,370.0,434.0,510.0
2025-11-05 22:30:00,formal_winter_event_2026,442.0,370.0,442.0,516.0
2025-11-05 23:00:00,formal_winter_event_2026,616.0,516.0,616.0,724.0
2025-11-05 23:30:00,formal_winter_event_2026,454.0,382.0,454.0,540.0
2025-11-06 00:00:00,formal_winter_event_2026,410.0,338.0,410.0,484.0
2025-11-08 00:30:00,formal_winter_event_2026,472.0,432.0,472.0,544.0
2025-11-08 01:00:00,formal_winter_event_2026,458.0,422.0,458.0,528.0
2025-11-08 01:30:00,formal_winter_event_2026,510.0,456.0,510.0,624.0
2025-11-08 02:00:00,formal_winter_event_2026,472.0,432.0,472.0,548.0
2025-11-08 02:30:00,formal_winter_event_2026,474.0,432.0,474.0,568.0
2025-11-08 03:00:00,formal_winter_event_2026,462.0,426.0,462.0,540.0
2025-11-08 03:30:00,formal_winter_event_2026,454.0,420.0,454.0,528.0
2025-11-08 04:00:00,formal_winter_event_2026,432.0,406.0,432.0,470.0
2025-11-08 04:30:00,formal_winter_event_2026,428.0,404.0,428.0,472.0
2025-11-08 05:00:00,formal_winter_event_2026,426.0,402.0,426.0,468.0
2025-11-08 05:30:00,formal_winter_event_2026,454.0,420.0,454.0,532.0
2025-11-08 06:00:00,formal_winter_event_2026,446.0,414.0,446.0,502.0
2025-11-08 06:30:00,formal_winter_event_2026,556.0,482.0,556.0,684.0
2025-11-08 07:00:00,formal_winter_event_2026,434.0,402.0,434.0,498.0
2025-11-08 07:30:00,formal_winter_event_2026,536.0,460.0,536.0,688.0
2025-11-08 08:00:00,formal_winter_event_2026,556.0,458.0,556.0,740.0
2025-11-08 08:30:00,formal_winter_event_2026,418.0,366.0,418.0,492.0
2025-11-08 09:00:00,formal_winter_event_2026,446.0,388.0,446.0,544.0
2025-11-08 09:30:00,formal_winter_event_2026,420.0,370.0,420.0,502.0
2025-11-08 10:00:00,formal_winter_event_2026,418.0,368.0,418.0,486.0
2025-11-08 10:30:00,formal_winter_event_2026,438.0,384.0,438.0,520.0
2025-11-08 11:00:00,formal_winter_event_2026,412.0,366.0,412.0,478.0
2025-11-08 11:30:00,formal_winter_event_2026,486.0,410.0,486.0,620.0
2025-11-08 12:00:00,formal_winter_event_2026,398.0,348.0,398.0,476.0
2025-11-08 12:30:00,formal_winter_event_2026,456.0,390.0,456.0,576.0
2025-11-08 13:00:00,formal_winter_event_2026,524.0,430.0,524.0,704.0
2025-11-08 13:30:00,formal_winter_event_2026,366.0,310.0,366.0,434.0
2025-11-08 14:00:00,formal_winter_event_2026,396.0,344.0,396.0,468.0
2025-11-08 14:30:00,formal_winter_event_2026,398.0,346.0,398.0,468.0
2025-11-08 15:00:00,formal_winter_event_2026,468.0,388.0,468.0,636.0
2025-11-08 15:30:00,formal_winter_event_2026,454.0,378.0,454.0,600.0
2025-11-08 16:00:00,formal_winter_event_2026,548.0,440.0,548.0,728.0
2025-11-08 16:30:00,formal_winter_event_2026,532.0,432.0,532.0,748.0
2025-11-08 17:00:00,formal_winter_event_2026,464.0,408.0,464.0,628.0
2025-11-08 17:30:00,formal_winter_event_2026,446.0,402.0,446.0,564.0
2025-11-08 18:00:00,formal_winter_event_2026,480.0,430.0,480.0,596.0
2025-11-08 18:30:00,formal_winter_event_2026,520.0,460.0,520.0,652.0
2025-11-08 19:00:00,formal_winter_event_2026,476.0,428.0,476.0,592.0
2025-11-08 19:30:00,formal_winter_event_2026,456.0,418.0,456.0,560.0
2025-11-08 20:00:00,formal_winter_event_2026,442.0,408.0,442.0,510.0
2025-11-08 20:30:00,formal_winter_event_2026,458.0,422.0,458.0,544.0
2025-11-08 21:00:00,formal_winter_event_2026,456.0,420.0,456.0,536.0
2025-11-08 21:30:00,formal_winter_event_2026,438.0,408.0,438.0,488.0
2025-11-08 22:00:00,formal_winter_event_2026,436.0,406.0,436.0,484.0
2025-11-08 22:30:00,formal_winter_event_2026,462.0,422.0,462.0,540.0
2025-11-08 23:00:00,formal_winter_event_2026,612.0,492.0,612.0,776.0
2025-11-08 23:30:00,formal_winter_event_2026,460.0,418.0,460.0,552.0
2025-11-09 00:00:00,formal_winter_event_2026,426.0,396.0,426.0,474.0
2025-11-09 00:30:00,formal_winter_event_2026,468.0,436.0,468.0,544.0
2025-11-09 01:00:00,formal_winter_event_2026,486.0,444.0,486.0,604.0
2025-11-09 01:30:00,formal_winter_event_2026,510.0,456.0,510.0,648.0
2025-11-09 02:00:00,formal_winter_event_2026,484.0,442.0,484.0,584.0
2025-11-09 02:30:00,formal_winter_event_2026,484.0,444.0,484.0,584.0
2025-11-09 03:00:00,formal_winter_event_2026,512.0,460.0,512.0,632.0
2025-11-09 03:30:00,formal_winter_event_2026,510.0,460.0,510.0,640.0
2025-11-09 04:00:00,formal_winter_event_2026,490.0,450.0,490.0,592.0
2025-11-09 04:30:00,formal_winter_event_2026,482.0,446.0,482.0,584.0
2025-11-09 05:00:00,formal_winter_event_2026,480.0,446.0,480.0,572.0
2025-11-09 05:30:00,formal_winter_event_2026,500.0,456.0,500.0,616.0
2025-11-09 06:00:00,formal_winter_event_2026,516.0,460.0,516.0,644.0
2025-11-09 06:30:00,formal_winter_event_2026,520.0,464.0,520.0,664.0
2025-11-09 07:00:00,formal_winter_event_2026,482.0,442.0,482.0,604.0
2025-11-09 07:30:00,formal_winter_event_2026,548.0,474.0,548.0,744.0
2025-11-09 08:00:00,formal_winter_event_2026,596.0,496.0,596.0,836.0
2025-11-09 08:30:00,formal_winter_event_2026,490.0,420.0,490.0,648.0
2025-11-09 09:00:00,formal_winter_event_2026,548.0,448.0,548.0,768.0
2025-11-09 09:30:00,formal_winter_event_2026,560.0,452.0,560.0,800.0
2025-11-09 10:00:00,formal_winter_event_2026,528.0,436.0,528.0,748.0
2025-11-09 10:30:00,formal_winter_event_2026,584.0,468.0,584.0,848.0
2025-11-09 11:00:00,formal_winter_event_2026,540.0,438.0,540.0,780.0
2025-11-09 11:30:00,formal_winter_event_2026,624.0,486.0,624.0,944.0
2025-11-09 12:00:00,formal_winter_event_2026,506.0,416.0,506.0,712.0
2025-11-09 12:30:00,formal_winter_event_2026,664.0,510.0,664.0,980.0
2025-11-09 13:00:00,formal_winter_event_2026,684.0,512.0,684.0,1008.0
2025-11-09 13:30:00,formal_winter_event_2026,612.0,466.0,612.0,912.0
2025-11-09 14:00:00,formal_winter_event_2026,724.0,532.0,724.0,1048.0
2025-11-09 14:30:00,formal_winter_event_2026,616.0,478.0,616.0,908.0
2025-11-09 15:00:00,formal_winter_event_2026,628.0,480.0,628.0,920.0
2025-11-09 15:30:00,formal_winter_event_2026,496.0,420.0,496.0,664.0
2025-11-09 16:00:00,formal_winter_event_2026,486.0,418.0,486.0,644.0
2025-11-09 16:30:00,formal_winter_event_2026,524.0,450.0,524.0,712.0
2025-11-09 17:00:00,formal_winter_event_2026,486.0,434.0,486.0,632.0
2025-11-09 17:30:00,formal_winter_event_2026,498.0,440.0,498.0,652.0
2025-11-09 18:00:00,formal_winter_event_2026,482.0,430.0,482.0,612.0
2025-11-09 18:30:00,formal_winter_event_2026,486.0,434.0,486.0,612.0
2025-11-09 19:00:00,formal_winter_event_2026,478.0,430.0,478.0,596.0
2025-11-09 19:30:00,formal_winter_event_2026,516.0,450.0,516.0,680.0
2025-11-09 20:00:00,formal_winter_event_2026,480.0,430.0,480.0,596.0
2025-11-09 20:30:00,formal_winter_event_2026,492.0,442.0,492.0,628.0
2025-11-09 21:00:00,formal_winter_event_2026,512.0,450.0,512.0,704.0
2025-11-09 21:30:00,formal_winter_event_2026,488.0,438.0,488.0,628.0
2025-11-09 22:00:00,formal_winter_event_2026,472.0,430.0,472.0,568.0
2025-11-09 22:30:00,formal_winter_event_2026,472.0,428.0,472.0,592.0
2025-11-09 23:00:00,formal_winter_event_2026,524.0,452.0,524.0,708.0
2025-11-09 23:30:00,formal_winter_event_2026,478.0,426.0,478.0,604.0
2025-11-10 00:00:00,formal_winter_event_2026,460.0,416.0,460.0,552.0
2025-11-10 00:30:00,formal_winter_event_2026,612.0,528.0,612.0,764.0
2025-11-10 01:00:00,formal_winter_event_2026,548.0,484.0,548.0,676.0
2025-11-10 01:30:00,formal_winter_event_2026,616.0,536.0,616.0,764.0
2025-11-10 02:00:00,formal_winter_event_2026,520.0,470.0,520.0,628.0
2025-11-10 02:30:00,formal_winter_event_2026,560.0,498.0,560.0,684.0
2025-11-10 03:00:00,formal_winter_event_2026,486.0,452.0,486.0,580.0
2025-11-10 03:30:00,formal_winter_event_2026,474.0,448.0,474.0,556.0
2025-11-10 04:00:00,formal_winter_event_2026,458.0,440.0,458.0,504.0
2025-11-10 04:30:00,formal_winter_event_2026,450.0,432.0,450.0,490.0
2025-11-10 05:00:00,formal_winter_event_2026,450.0,426.0,450.0,492.0
2025-11-10 05:30:00,formal_winter_event_2026,468.0,440.0,468.0,540.0
2025-11-10 06:00:00,formal_winter_event_2026,568.0,498.0,568.0,696.0
2025-11-10 06:30:00,formal_winter_event_2026,608.0,532.0,608.0,756.0
2025-11-10 07:00:00,formal_winter_event_2026,472.0,442.0,472.0,556.0
2025-11-10 07:30:00,formal_winter_event_2026,528.0,472.0,528.0,656.0
2025-11-10 08:00:00,formal_winter_event_2026,740.0,616.0,740.0,932.0
2025-11-10 08:30:00,formal_winter_event_2026,908.0,640.0,908.0,1312.0
2025-11-10 09:00:00,formal_winter_event_2026,1032.0,680.0,1032.0,1496.0
2025-11-10 09:30:00,formal_winter_event_2026,768.0,548.0,768.0,1112.0
2025-11-10 10:00:00,formal_winter_event_2026,592.0,466.0,592.0,820.0
2025-11-10 10:30:00,formal_winter_event_2026,494.0,414.0,494.0,680.0
2025-11-10 11:00:00,formal_winter_event_2026,448.0,394.0,448.0,604.0
2025-11-10 11:30:00,formal_winter_event_2026,494.0,418.0,494.0,704.0
2025-11-10 12:00:00,formal_winter_event_2026,422.0,374.0,422.0,504.0
2025-11-10 12:30:00,formal_winter_event_2026,424.0,380.0,424.0,512.0
2025-11-10 13:00:00,formal_winter_event_2026,448.0,398.0,448.0,588.0
2025-11-10 13:30:00,formal_winter_event_2026,410.0,358.0,410.0,494.0
2025-11-10 14:00:00,formal_winter_event_2026,548.0,448.0,548.0,716.0
2025-11-10 14:30:00,formal_winter_event_2026,652.0,512.0,652.0,900.0
2025-11-10 15:00:00,formal_winter_event_2026,616.0,488.0,616.0,836.0
2025-11-10 15:30:00,formal_winter_event_2026,484.0,420.0,484.0,616.0
2025-11-10 16:00:00,formal_winter_event_2026,484.0,420.0,484.0,588.0
2025-11-10 16:30:00,formal_winter_event_2026,500.0,436.0,500.0,660.0
2025-11-10 17:00:00,formal_winter_event_2026,430.0,398.0,430.0,498.0
2025-11-10 17:30:00,formal_winter_event_2026,426.0,394.0,426.0,488.0
2025-11-10 18:00:00,formal_winter_event_2026,464.0,416.0,464.0,596.0
2025-11-10 18:30:00,formal_winter_event_2026,496.0,434.0,496.0,636.0
2025-11-10 19:00:00,formal_winter_event_2026,450.0,416.0,450.0,556.0
2025-11-10 19:30:00,formal_winter_event_2026,442.0,414.0,442.0,524.0
2025-11-10 20:00:00,formal_winter_event_2026,440.0,412.0,440.0,520.0
2025-11-10 20:30:00,formal_winter_event_2026,516.0,458.0,516.0,640.0
2025-11-10 21:00:00,formal_winter_event_2026,470.0,428.0,470.0,588.0
2025-11-10 21:30:00,formal_winter_event_2026,448.0,416.0,448.0,544.0
2025-11-10 22:00:00,formal_winter_event_2026,436.0,410.0,436.0,488.0
2025-11-10 22:30:00,formal_winter_event_2026,436.0,410.0,436.0,506.0
2025-11-10 23:00:00,formal_winter_event_2026,556.0,472.0,556.0,720.0
2025-11-10 23:30:00,formal_winter_event_2026,436.0,410.0,436.0,528.0
2025-11-11 00:00:00,formal_winter_event_2026,430.0,404.0,430.0,492.0
2025-11-11 00:30:00,formal_winter_event_2026,436.0,410.0,436.0,478.0
2025-11-11 01:00:00,formal_winter_event_2026,470.0,438.0,470.0,540.0
2025-11-11 01:30:00,formal_winter_event_2026,474.0,442.0,474.0,544.0
2025-11-11 02:00:00,formal_winter_event_2026,458.0,430.0,458.0,516.0
2025-11-11 02:30:00,formal_winter_event_2026,454.0,428.0,454.0,508.0
2025-11-11 03:00:00,formal_winter_event_2026,458.0,432.0,458.0,512.0
2025-11-11 03:30:00,formal_winter_event_2026,466.0,438.0,466.0,520.0
2025-11-11 04:00:00,formal_winter_event_2026,446.0,426.0,446.0,490.0
2025-11-11 04:30:00,formal_winter_event_2026,434.0,414.0,434.0,472.0
2025-11-11 05:00:00,formal_winter_event_2026,436.0,414.0,436.0,480.0
2025-11-11 05:30:00,formal_winter_event_2026,456.0,426.0,456.0,524.0
2025-11-11 06:00:00,formal_winter_event_2026,448.0,416.0,448.0,520.0
2025-11-11 06:30:00,formal_winter_event_2026,438.0,404.0,438.0,524.0
2025-11-11 07:00:00,formal_winter_event_2026,426.0,396.0,426.0,506.0
2025-11-11 07:30:00,formal_winter_event_2026,470.0,418.0,470.0,604.0
2025-11-11 08:00:00,formal_winter_event_2026,504.0,440.0,504.0,648.0
2025-11-11 08:30:00,formal_winter_event_2026,438.0,380.0,438.0,568.0
2025-11-11 09:00:00,formal_winter_event_2026,444.0,380.0,444.0,612.0
2025-11-11 09:30:00,formal_winter_event_2026,462.0,394.0,462.0,636.0
2025-11-11 10:00:00,formal_winter_event_2026,436.0,380.0,436.0,576.0
2025-11-11 10:30:00,formal_winter_event_2026,428.0,372.0,428.0,548.0
2025-11-11 11:00:00,formal_winter_event_2026,420.0,368.0,420.0,548.0
2025-11-11 11:30:00,formal_winter_event_2026,460.0,398.0,460.0,612.0
2025-11-11 12:00:00,formal_winter_event_2026,398.0,352.0,398.0,494.0
2025-11-11 12:30:00,formal_winter_event_2026,430.0,378.0,430.0,548.0
2025-11-11 13:00:00,formal_winter_event_2026,486.0,418.0,486.0,664.0
2025-11-11 13:30:00,formal_winter_event_2026,380.0,330.0,380.0,486.0
2025-11-11 14:00:00,formal_winter_event_2026,452.0,386.0,452.0,604.0
2025-11-11 14:30:00,formal_winter_event_2026,456.0,390.0,456.0,628.0
2025-11-11 15:00:00,formal_winter_event_2026,428.0,366.0,428.0,580.0
2025-11-11 15:30:00,formal_winter_event_2026,408.0,366.0,408.0,516.0
2025-11-11 16:00:00,formal_winter_event_2026,406.0,366.0,406.0,482.0
2025-11-11 16:30:00,formal_winter_event_2026,424.0,382.0,424.0,508.0
2025-11-11 17:00:00,formal_winter_event_2026,408.0,370.0,408.0,480.0
2025-11-11 17:30:00,formal_winter_event_2026,408.0,374.0,408.0,470.0
2025-11-11 18:00:00,formal_winter_event_2026,420.0,388.0,420.0,482.0
2025-11-11 18:30:00,formal_winter_event_2026,426.0,392.0,426.0,490.0
2025-11-11 19:00:00,formal_winter_event_2026,412.0,382.0,412.0,468.0
2025-11-11 19:30:00,formal_winter_event_2026,412.0,384.0,412.0,474.0
2025-11-11 20:00:00,formal_winter_event_2026,424.0,394.0,424.0,496.0
2025-11-11 20:30:00,formal_winter_event_2026,452.0,416.0,452.0,544.0
2025-11-11 21:00:00,formal_winter_event_2026,450.0,414.0,450.0,540.0
2025-11-11 21:30:00,formal_winter_event_2026,440.0,404.0,440.0,532.0
2025-11-11 22:00:00,formal_winter_event_2026,426.0,392.0,426.0,510.0
2025-11-11 22:30:00,formal_winter_event_2026,426.0,388.0,426.0,524.0
2025-11-11 23:00:00,formal_winter_event_2026,482.0,424.0,482.0,628.0
2025-11-11 23:30:00,formal_winter_event_2026,452.0,408.0,452.0,572.0
2025-11-12 00:00:00,formal_winter_event_2026,436.0,398.0,436.0,540.0
2025-11-12 00:30:00,formal_winter_event_2026,460.0,406.0,460.0,584.0
2025-11-12 01:00:00,formal_winter_event_2026,474.0,410.0,474.0,624.0
2025-11-12 01:30:00,formal_winter_event_2026,456.0,402.0,456.0,580.0
2025-11-12 02:00:00,formal_winter_event_2026,452.0,404.0,452.0,552.0
2025-11-12 02:30:00,formal_winter_event_2026,456.0,406.0,456.0,556.0
2025-11-12 03:00:00,formal_winter_event_2026,440.0,400.0,440.0,516.0
2025-11-12 03:30:00,formal_winter_event_2026,434.0,398.0,434.0,502.0
2025-11-12 04:00:00,formal_winter_event_2026,432.0,396.0,432.0,498.0
2025-11-12 04:30:00,formal_winter_event_2026,426.0,394.0,426.0,480.0
2025-11-12 05:00:00,formal_winter_event_2026,416.0,386.0,416.0,474.0
2025-11-12 05:30:00,formal_winter_event_2026,430.0,394.0,430.0,498.0
2025-11-12 06:00:00,formal_winter_event_2026,458.0,408.0,458.0,556.0
2025-11-12 06:30:00,formal_winter_event_2026,486.0,420.0,486.0,640.0
2025-11-12 07:00:00,formal_winter_event_2026,506.0,420.0,506.0,712.0
2025-11-12 07:30:00,formal_winter_event_2026,604.0,450.0,604.0,888.0
2025-11-12 08:00:00,formal_winter_event_2026,736.0,508.0,736.0,1112.0
2025-11-12 08:30:00,formal_winter_event_2026,474.0,396.0,474.0,628.0
2025-11-12 09:00:00,formal_winter_event_2026,488.0,402.0,488.0,640.0
2025-11-12 09:30:00,formal_winter_event_2026,494.0,408.0,494.0,644.0
2025-11-12 10:00:00,formal_winter_event_2026,484.0,398.0,484.0,628.0
2025-11-12 10:30:00,formal_winter_event_2026,470.0,388.0,470.0,612.0
2025-11-12 11:00:00,formal_winter_event_2026,470.0,388.0,470.0,612.0
2025-11-12 11:30:00,formal_winter_event_2026,524.0,434.0,524.0,688.0
2025-11-12 12:00:00,formal_winter_event_2026,472.0,392.0,472.0,604.0
2025-11-12 12:30:00,formal_winter_event_2026,498.0,408.0,498.0,640.0
2025-11-12 13:00:00,formal_winter_event_2026,564.0,452.0,564.0,732.0
2025-11-12 13:30:00,formal_winter_event_2026,480.0,394.0,480.0,620.0
2025-11-12 14:00:00,formal_winter_event_2026,492.0,402.0,492.0,628.0
2025-11-12 14:30:00,formal_winter_event_2026,486.0,406.0,486.0,612.0
2025-11-12 15:00:00,formal_winter_event_2026,472.0,402.0,472.0,584.0
2025-11-12 15:30:00,formal_winter_event_2026,460.0,398.0,460.0,552.0
2025-11-12 16:00:00,formal_winter_event_2026,440.0,382.0,440.0,520.0
2025-11-12 16:30:00,formal_winter_event_2026,440.0,380.0,440.0,536.0
2025-11-12 17:00:00,formal_winter_event_2026,422.0,368.0,422.0,510.0
2025-11-12 17:30:00,formal_winter_event_2026,436.0,378.0,436.0,524.0
2025-11-12 18:00:00,formal_winter_event_2026,442.0,386.0,442.0,528.0
2025-11-12 18:30:00,formal_winter_event_2026,444.0,388.0,444.0,528.0
2025-11-12 19:00:00,formal_winter_event_2026,436.0,384.0,436.0,516.0
2025-11-12 19:30:00,formal_winter_event_2026,434.0,384.0,434.0,506.0
2025-11-12 20:00:00,formal_winter_event_2026,434.0,384.0,434.0,504.0
2025-11-12 20:30:00,formal_winter_event_2026,482.0,426.0,482.0,572.0
2025-11-12 21:00:00,formal_winter_event_2026,462.0,410.0,462.0,544.0
2025-11-12 21:30:00,formal_winter_event_2026,440.0,388.0,440.0,512.0
2025-11-12 22:00:00,formal_winter_event_2026,434.0,382.0,434.0,504.0
2025-11-12 22:30:00,formal_winter_event_2026,438.0,386.0,438.0,512.0
2025-11-12 23:00:00,formal_winter_event_2026,486.0,420.0,486.0,588.0
2025-11-12 23:30:00,formal_winter_event_2026,428.0,376.0,428.0,506.0
2025-11-13 00:00:00,formal_winter_event_2026,422.0,370.0,422.0,498.0
2025-11-13 00:30:00,formal_winter_event_2026,500.0,442.0,500.0,628.0
2025-11-13 01:00:00,formal_winter_event_2026,524.0,454.0,524.0,664.0
2025-11-13 01:30:00,formal_winter_event_2026,492.0,436.0,492.0,600.0
2025-11-13 02:00:00,formal_winter_event_2026,494.0,442.0,494.0,584.0
2025-11-13 02:30:00,formal_winter_event_2026,476.0,432.0,476.0,552.0
2025-11-13 03:00:00,formal_winter_event_2026,454.0,416.0,454.0,512.0
2025-11-13 03:30:00,formal_winter_event_2026,432.0,402.0,432.0,478.0
2025-11-13 04:00:00,formal_winter_event_2026,422.0,392.0,422.0,456.0
2025-11-13 04:30:00,formal_winter_event_2026,416.0,388.0,416.0,456.0
2025-11-13 05:00:00,formal_winter_event_2026,406.0,378.0,406.0,452.0
2025-11-13 05:30:00,formal_winter_event_2026,440.0,398.0,440.0,504.0
2025-11-13 06:00:00,formal_winter_event_2026,524.0,450.0,524.0,652.0
2025-11-13 06:30:00,formal_winter_event_2026,568.0,452.0,568.0,764.0
2025-11-13 07:00:00,formal_winter_event_2026,544.0,432.0,544.0,792.0
2025-11-13 07:30:00,formal_winter_event_2026,628.0,474.0,628.0,860.0
2025-11-13 08:00:00,formal_winter_event_2026,576.0,452.0,576.0,804.0
2025-11-13 08:30:00,formal_winter_event_2026,354.0,221.0,354.0,476.0
2025-11-13 09:00:00,formal_winter_event_2026,318.0,181.0,318.0,448.0
2025-11-13 09:30:00,formal_winter_event_2026,292.0,146.0,292.0,430.0
2025-11-13 10:00:00,formal_winter_event_2026,248.0,90.0,248.0,390.0
2025-11-13 10:30:00,formal_winter_event_2026,212.0,45.0,212.0,366.0
2025-11-13 11:00:00,formal_winter_event_2026,171.0,-8.5625,171.0,314.0
2025-11-13 11:30:00,formal_winter_event_2026,154.0,-16.75,154.0,306.0
2025-11-13 12:00:00,formal_winter_event_2026,109.5,-95.5,109.5,272.0
2025-11-13 12:30:00,formal_winter_event_2026,146.0,-50.5,146.0,304.0
2025-11-13 13:00:00,formal_winter_event_2026,143.0,-50.5,143.0,312.0
2025-11-13 13:30:00,formal_winter_event_2026,83.5,-145.0,83.5,258.0
2025-11-13 14:00:00,formal_winter_event_2026,140.0,-50.5,140.0,290.0
2025-11-13 14:30:00,formal_winter_event_2026,197.0,18.875,197.0,342.0
2025-11-13 15:00:00,formal_winter_event_2026,264.0,106.0,264.0,388.0
2025-11-13 15:30:00,formal_winter_event_2026,336.0,214.0,336.0,444.0
2025-11-13 16:00:00,formal_winter_event_2026,388.0,284.0,388.0,480.0
2025-11-13 16:30:00,formal_winter_event_2026,384.0,332.0,384.0,458.0
2025-11-13 17:00:00,formal_winter_event_2026,408.0,354.0,408.0,494.0
2025-11-13 17:30:00,formal_winter_event_2026,470.0,408.0,470.0,580.0
2025-11-13 18:00:00,formal_winter_event_2026,520.0,450.0,520.0,640.0
2025-11-13 18:30:00,formal_winter_event_2026,470.0,416.0,470.0,556.0
2025-11-13 19:00:00,formal_winter_event_2026,454.0,408.0,454.0,528.0
2025-11-13 19:30:00,formal_winter_event_2026,438.0,396.0,438.0,500.0
2025-11-13 20:00:00,formal_winter_event_2026,424.0,388.0,424.0,480.0
2025-11-13 20:30:00,formal_winter_event_2026,446.0,406.0,446.0,516.0
2025-11-13 21:00:00,formal_winter_event_2026,462.0,416.0,462.0,544.0
2025-11-13 21:30:00,formal_winter_event_2026,432.0,388.0,432.0,500.0
2025-11-13 22:00:00,formal_winter_event_2026,414.0,370.0,414.0,476.0
2025-11-13 22:30:00,formal_winter_event_2026,410.0,362.0,410.0,476.0
2025-11-13 23:00:00,formal_winter_event_2026,426.0,372.0,426.0,516.0
2025-11-13 23:30:00,formal_winter_event_2026,402.0,354.0,402.0,478.0
2025-11-14 00:00:00,formal_winter_event_2026,396.0,348.0,396.0,464.0
2025-11-14 00:30:00,formal_winter_event_2026,454.0,400.0,454.0,540.0
2025-11-14 01:00:00,formal_winter_event_2026,432.0,380.0,432.0,532.0
2025-11-14 01:30:00,formal_winter_event_2026,416.0,370.0,416.0,490.0
2025-11-14 02:00:00,formal_winter_event_2026,448.0,400.0,448.0,528.0
2025-11-14 02:30:00,formal_winter_event_2026,448.0,400.0,448.0,516.0
2025-11-14 03:00:00,formal_winter_event_2026,440.0,400.0,440.0,496.0
2025-11-14 03:30:00,formal_winter_event_2026,420.0,386.0,420.0,468.0
2025-11-14 04:00:00,formal_winter_event_2026,406.0,374.0,406.0,450.0
2025-11-14 04:30:00,formal_winter_event_2026,396.0,364.0,396.0,438.0
2025-11-14 05:00:00,formal_winter_event_2026,386.0,352.0,386.0,434.0
2025-11-14 05:30:00,formal_winter_event_2026,400.0,358.0,400.0,460.0
2025-11-14 06:00:00,formal_winter_event_2026,430.0,380.0,430.0,516.0
2025-11-14 06:30:00,formal_winter_event_2026,470.0,396.0,470.0,624.0
2025-11-14 07:00:00,formal_winter_event_2026,442.0,358.0,442.0,640.0
2025-11-14 07:30:00,formal_winter_event_2026,412.0,318.0,412.0,616.0
2025-11-14 08:00:00,formal_winter_event_2026,404.0,306.0,404.0,620.0
2025-11-14 08:30:00,formal_winter_event_2026,178.0,50.5,178.0,312.0
2025-11-14 09:00:00,formal_winter_event_2026,114.0,-23.75,114.0,258.0
2025-11-14 09:30:00,formal_winter_event_2026,82.0,-59.25,82.0,223.0
2025-11-14 10:00:00,formal_winter_event_2026,66.5,-80.0,66.5,221.0
2025-11-14 10:30:00,formal_winter_event_2026,33.75,-110.5,33.75,188.0
2025-11-14 11:00:00,formal_winter_event_2026,-75.5,-228.0,-75.5,72.5
2025-11-14 11:30:00,formal_winter_event_2026,-63.25,-196.0,-63.25,91.0
2025-11-14 12:00:00,formal_winter_event_2026,-84.0,-228.0,-84.0,72.5
2025-11-14 12:30:00,formal_winter_event_2026,13.0,-110.5,13.0,159.0
2025-11-14 13:00:00,formal_winter_event_2026,5.90625,-119.5,5.90625,157.0
2025-11-14 13:30:00,formal_winter_event_2026,-88.5,-238.0,-88.5,53.75
2025-11-14 14:00:00,formal_winter_event_2026,-5.0,-138.0,-5.0,136.0
2025-11-14 14:30:00,formal_winter_event_2026,88.0,-27.5,88.0,214.0
2025-11-14 15:00:00,formal_winter_event_2026,243.0,139.0,243.0,336.0
2025-11-14 15:30:00,formal_winter_event_2026,356.0,276.0,356.0,434.0
2025-11-14 16:00:00,formal_winter_event_2026,416.0,348.0,416.0,492.0
2025-11-14 16:30:00,formal_winter_event_2026,400.0,358.0,400.0,458.0
2025-11-14 17:00:00,formal_winter_event_2026,424.0,378.0,424.0,494.0
2025-11-14 17:30:00,formal_winter_event_2026,446.0,396.0,446.0,524.0
2025-11-14 18:00:00,formal_winter_event_2026,460.0,412.0,460.0,552.0
2025-11-14 18:30:00,formal_winter_event_2026,444.0,398.0,444.0,512.0
2025-11-14 19:00:00,formal_winter_event_2026,442.0,402.0,442.0,504.0
2025-11-14 19:30:00,formal_winter_event_2026,420.0,384.0,420.0,466.0
2025-11-14 20:00:00,formal_winter_event_2026,410.0,376.0,410.0,452.0
2025-11-14 20:30:00,formal_winter_event_2026,420.0,388.0,420.0,462.0
2025-11-14 21:00:00,formal_winter_event_2026,430.0,394.0,430.0,484.0
2025-11-14 21:30:00,formal_winter_event_2026,418.0,384.0,418.0,464.0
2025-11-14 22:00:00,formal_winter_event_2026,412.0,376.0,412.0,458.0
2025-11-14 22:30:00,formal_winter_event_2026,440.0,394.0,440.0,516.0
2025-11-14 23:00:00,formal_winter_event_2026,472.0,414.0,472.0,576.0
2025-11-14 23:30:00,formal_winter_event_2026,448.0,402.0,448.0,520.0
2025-11-15 00:00:00,formal_winter_event_2026,428.0,384.0,428.0,490.0
2025-11-15 00:30:00,formal_winter_event_2026,540.0,478.0,540.0,644.0
2025-11-15 01:00:00,formal_winter_event_2026,476.0,426.0,476.0,552.0
2025-11-15 01:30:00,formal_winter_event_2026,448.0,410.0,448.0,506.0
2025-11-15 02:00:00,formal_winter_event_2026,452.0,414.0,452.0,502.0
2025-11-15 02:30:00,formal_winter_event_2026,456.0,414.0,456.0,512.0
2025-11-15 03:00:00,formal_winter_event_2026,450.0,414.0,450.0,502.0
2025-11-15 03:30:00,formal_winter_event_2026,436.0,404.0,436.0,482.0
2025-11-15 04:00:00,formal_winter_event_2026,432.0,398.0,432.0,476.0
2025-11-15 04:30:00,formal_winter_event_2026,424.0,392.0,424.0,466.0
2025-11-15 05:00:00,formal_winter_event_2026,422.0,388.0,422.0,468.0
2025-11-15 05:30:00,formal_winter_event_2026,428.0,390.0,428.0,478.0
2025-11-15 06:00:00,formal_winter_event_2026,446.0,402.0,446.0,504.0
2025-11-15 06:30:00,formal_winter_event_2026,502.0,438.0,502.0,612.0
2025-11-15 07:00:00,formal_winter_event_2026,506.0,432.0,506.0,640.0
2025-11-15 07:30:00,formal_winter_event_2026,516.0,434.0,516.0,672.0
2025-11-15 08:00:00,formal_winter_event_2026,532.0,436.0,532.0,724.0
2025-11-15 08:30:00,formal_winter_event_2026,324.0,203.0,324.0,480.0
2025-11-15 09:00:00,formal_winter_event_2026,374.0,251.0,374.0,540.0
2025-11-15 09:30:00,formal_winter_event_2026,350.0,226.0,350.0,506.0
2025-11-15 10:00:00,formal_winter_event_2026,346.0,218.0,346.0,498.0
2025-11-15 10:30:00,formal_winter_event_2026,322.0,201.0,322.0,470.0
2025-11-15 11:00:00,formal_winter_event_2026,249.0,124.5,249.0,400.0
2025-11-15 11:30:00,formal_winter_event_2026,288.0,158.0,288.0,462.0
2025-11-15 12:00:00,formal_winter_event_2026,230.0,96.5,230.0,396.0
2025-11-15 12:30:00,formal_winter_event_2026,284.0,158.0,284.0,452.0
2025-11-15 13:00:00,formal_winter_event_2026,262.0,137.0,262.0,410.0
2025-11-15 13:30:00,formal_winter_event_2026,160.0,24.625,160.0,300.0
2025-11-15 14:00:00,formal_winter_event_2026,278.0,165.0,278.0,404.0
2025-11-15 14:30:00,formal_winter_event_2026,324.0,218.0,324.0,452.0
2025-11-15 15:00:00,formal_winter_event_2026,462.0,352.0,462.0,620.0
2025-11-15 15:30:00,formal_winter_event_2026,512.0,404.0,512.0,676.0
2025-11-15 16:00:00,formal_winter_event_2026,516.0,416.0,516.0,664.0
2025-11-15 16:30:00,formal_winter_event_2026,474.0,404.0,474.0,640.0
2025-11-15 17:00:00,formal_winter_event_2026,454.0,392.0,454.0,588.0
2025-11-15 17:30:00,formal_winter_event_2026,430.0,374.0,430.0,532.0
2025-11-15 18:00:00,formal_winter_event_2026,446.0,390.0,446.0,560.0
2025-11-15 18:30:00,formal_winter_event_2026,438.0,392.0,438.0,520.0
2025-11-15 19:00:00,formal_winter_event_2026,432.0,392.0,432.0,504.0
2025-11-15 19:30:00,formal_winter_event_2026,420.0,388.0,420.0,476.0
2025-11-15 20:00:00,formal_winter_event_2026,424.0,390.0,424.0,476.0
2025-11-15 20:30:00,formal_winter_event_2026,430.0,398.0,430.0,488.0
2025-11-15 21:00:00,formal_winter_event_2026,434.0,400.0,434.0,494.0
2025-11-15 21:30:00,formal_winter_event_2026,440.0,404.0,440.0,508.0
2025-11-15 22:00:00,formal_winter_event_2026,452.0,408.0,452.0,532.0
2025-11-15 22:30:00,formal_winter_event_2026,474.0,418.0,474.0,592.0
2025-11-15 23:00:00,formal_winter_event_2026,508.0,436.0,508.0,660.0
2025-11-15 23:30:00,formal_winter_event_2026,434.0,386.0,434.0,520.0
2025-11-16 00:00:00,formal_winter_event_2026,414.0,368.0,414.0,484.0
2025-11-16 00:30:00,formal_winter_event_2026,512.0,462.0,512.0,652.0
2025-11-16 01:00:00,formal_winter_event_2026,480.0,432.0,480.0,600.0
2025-11-16 01:30:00,formal_winter_event_2026,446.0,408.0,446.0,532.0
2025-11-16 02:00:00,formal_winter_event_2026,436.0,406.0,436.0,510.0
2025-11-16 02:30:00,formal_winter_event_2026,440.0,402.0,440.0,528.0
2025-11-16 03:00:00,formal_winter_event_2026,434.0,400.0,434.0,524.0
2025-11-16 03:30:00,formal_winter_event_2026,428.0,396.0,428.0,498.0
2025-11-16 04:00:00,formal_winter_event_2026,408.0,378.0,408.0,464.0
2025-11-16 04:30:00,formal_winter_event_2026,400.0,374.0,400.0,450.0
2025-11-16 05:00:00,formal_winter_event_2026,396.0,368.0,396.0,452.0
2025-11-16 05:30:00,formal_winter_event_2026,400.0,374.0,400.0,466.0
2025-11-16 06:00:00,formal_winter_event_2026,428.0,390.0,428.0,508.0
2025-11-16 06:30:00,formal_winter_event_2026,464.0,410.0,464.0,620.0
2025-11-16 07:00:00,formal_winter_event_2026,500.0,416.0,500.0,716.0
2025-11-16 07:30:00,formal_winter_event_2026,474.0,398.0,474.0,688.0
2025-11-16 08:00:00,formal_winter_event_2026,424.0,348.0,424.0,616.0
2025-11-16 08:30:00,formal_winter_event_2026,59.25,-104.5,59.25,237.0
2025-11-16 09:00:00,formal_winter_event_2026,113.0,-42.75,113.0,286.0
2025-11-16 09:30:00,formal_winter_event_2026,23.125,-189.0,23.125,225.0
2025-11-16 10:00:00,formal_winter_event_2026,-50.5,-284.0,-50.5,200.0
2025-11-16 10:30:00,formal_winter_event_2026,-199.0,-478.0,-199.0,93.0
2025-11-16 11:00:00,formal_winter_event_2026,-396.0,-740.0,-396.0,-62.5
2025-11-16 11:30:00,formal_winter_event_2026,-8.6875,-241.0,-8.6875,231.0
2025-11-16 12:00:00,formal_winter_event_2026,-189.0,-450.0,-189.0,90.0
2025-11-16 12:30:00,formal_winter_event_2026,33.25,-155.0,33.25,251.0
2025-11-16 13:00:00,formal_winter_event_2026,75.0,-122.5,75.0,282.0
2025-11-16 13:30:00,formal_winter_event_2026,-584.0,-1004.0,-584.0,-179.0
2025-11-16 14:00:00,formal_winter_event_2026,-155.0,-396.0,-155.0,90.0
2025-11-16 14:30:00,formal_winter_event_2026,121.0,-35.0,121.0,284.0
2025-11-16 15:00:00,formal_winter_event_2026,292.0,170.0,292.0,418.0
2025-11-16 15:30:00,formal_winter_event_2026,404.0,308.0,404.0,516.0
2025-11-16 16:00:00,formal_winter_event_2026,466.0,380.0,466.0,580.0
2025-11-16 16:30:00,formal_winter_event_2026,420.0,366.0,420.0,528.0
2025-11-16 17:00:00,formal_winter_event_2026,426.0,366.0,426.0,548.0
2025-11-16 17:30:00,formal_winter_event_2026,398.0,352.0,398.0,478.0
2025-11-16 18:00:00,formal_winter_event_2026,410.0,370.0,410.0,476.0
2025-11-16 18:30:00,formal_winter_event_2026,392.0,356.0,392.0,442.0
2025-11-16 19:00:00,formal_winter_event_2026,388.0,354.0,388.0,434.0
2025-11-16 19:30:00,formal_winter_event_2026,384.0,350.0,384.0,426.0
2025-11-16 20:00:00,formal_winter_event_2026,392.0,364.0,392.0,430.0
2025-11-16 20:30:00,formal_winter_event_2026,416.0,392.0,416.0,454.0
2025-11-16 21:00:00,formal_winter_event_2026,428.0,398.0,428.0,486.0
2025-11-16 21:30:00,formal_winter_event_2026,420.0,390.0,420.0,482.0
2025-11-16 22:00:00,formal_winter_event_2026,412.0,380.0,412.0,464.0
2025-11-16 22:30:00,formal_winter_event_2026,418.0,374.0,418.0,504.0
2025-11-16 23:00:00,formal_winter_event_2026,580.0,476.0,580.0,780.0
2025-11-16 23:30:00,formal_winter_event_2026,414.0,370.0,414.0,500.0
2025-11-17 00:00:00,formal_winter_event_2026,390.0,348.0,390.0,444.0
2025-11-17 00:30:00,formal_winter_event_2026,436.0,402.0,436.0,520.0
2025-11-17 01:00:00,formal_winter_event_2026,410.0,372.0,410.0,476.0
2025-11-17 01:30:00,formal_winter_event_2026,412.0,376.0,412.0,472.0
2025-11-17 02:00:00,formal_winter_event_2026,426.0,390.0,426.0,506.0
2025-11-17 02:30:00,formal_winter_event_2026,428.0,386.0,428.0,536.0
2025-11-17 03:00:00,formal_winter_event_2026,420.0,380.0,420.0,528.0
2025-11-17 03:30:00,formal_winter_event_2026,392.0,360.0,392.0,458.0
2025-11-17 04:00:00,formal_winter_event_2026,378.0,346.0,378.0,432.0
2025-11-17 04:30:00,formal_winter_event_2026,372.0,342.0,372.0,424.0
2025-11-17 05:00:00,formal_winter_event_2026,372.0,342.0,372.0,426.0
2025-11-17 05:30:00,formal_winter_event_2026,386.0,358.0,386.0,448.0
2025-11-17 06:00:00,formal_winter_event_2026,396.0,356.0,396.0,470.0
2025-11-17 06:30:00,formal_winter_event_2026,450.0,390.0,450.0,628.0
2025-11-17 07:00:00,formal_winter_event_2026,474.0,390.0,474.0,704.0
2025-11-17 07:30:00,formal_winter_event_2026,484.0,376.0,484.0,756.0
2025-11-17 08:00:00,formal_winter_event_2026,498.0,354.0,498.0,796.0
2025-11-17 08:30:00,formal_winter_event_2026,145.0,-60.0,145.0,370.0
2025-11-17 09:00:00,formal_winter_event_2026,181.0,-37.75,181.0,406.0
2025-11-17 09:30:00,formal_winter_event_2026,188.0,-37.75,188.0,408.0
2025-11-17 10:00:00,formal_winter_event_2026,282.0,54.0,282.0,482.0
2025-11-17 10:30:00,formal_winter_event_2026,346.0,118.0,346.0,560.0
2025-11-17 11:00:00,formal_winter_event_2026,356.0,112.5,356.0,588.0
2025-11-17 11:30:00,formal_winter_event_2026,408.0,168.0,408.0,684.0
2025-11-17 12:00:00,formal_winter_event_2026,362.0,107.5,362.0,620.0
2025-11-17 12:30:00,formal_winter_event_2026,446.0,182.0,446.0,724.0
2025-11-17 13:00:00,formal_winter_event_2026,480.0,256.0,480.0,748.0
2025-11-17 13:30:00,formal_winter_event_2026,390.0,165.0,390.0,616.0
2025-11-17 14:00:00,formal_winter_event_2026,406.0,235.0,406.0,584.0
2025-11-17 14:30:00,formal_winter_event_2026,462.0,314.0,462.0,652.0
2025-11-17 15:00:00,formal_winter_event_2026,478.0,360.0,478.0,644.0
2025-11-17 15:30:00,formal_winter_event_2026,470.0,358.0,470.0,616.0
2025-11-17 16:00:00,formal_winter_event_2026,442.0,348.0,442.0,580.0
2025-11-17 16:30:00,formal_winter_event_2026,418.0,362.0,418.0,520.0
2025-11-17 17:00:00,formal_winter_event_2026,400.0,344.0,400.0,496.0
2025-11-17 17:30:00,formal_winter_event_2026,396.0,354.0,396.0,458.0
2025-11-17 18:00:00,formal_winter_event_2026,408.0,372.0,408.0,466.0
2025-11-17 18:30:00,formal_winter_event_2026,416.0,376.0,416.0,484.0
2025-11-17 19:00:00,formal_winter_event_2026,400.0,366.0,400.0,458.0
2025-11-17 19:30:00,formal_winter_event_2026,392.0,362.0,392.0,440.0
2025-11-17 20:00:00,formal_winter_event_2026,382.0,352.0,382.0,420.0
2025-11-17 20:30:00,formal_winter_event_2026,420.0,388.0,420.0,474.0
2025-11-17 21:00:00,formal_winter_event_2026,426.0,394.0,426.0,482.0
2025-11-17 21:30:00,formal_winter_event_2026,422.0,394.0,422.0,476.0
2025-11-17 22:00:00,formal_winter_event_2026,420.0,388.0,420.0,474.0
2025-11-17 22:30:00,formal_winter_event_2026,420.0,378.0,420.0,512.0
2025-11-17 23:00:00,formal_winter_event_2026,488.0,428.0,488.0,624.0
2025-11-17 23:30:00,formal_winter_event_2026,424.0,382.0,424.0,502.0
2025-11-18 00:00:00,formal_winter_event_2026,396.0,360.0,396.0,454.0
2025-11-18 00:30:00,formal_winter_event_2026,330.0,296.0,330.0,366.0
2025-11-18 01:00:00,formal_winter_event_2026,334.0,298.0,334.0,370.0
2025-11-18 01:30:00,formal_winter_event_2026,334.0,298.0,334.0,372.0
2025-11-18 02:00:00,formal_winter_event_2026,326.0,288.0,326.0,362.0
2025-11-18 02:30:00,formal_winter_event_2026,322.0,280.0,322.0,362.0
2025-11-18 03:00:00,formal_winter_event_2026,328.0,280.0,328.0,370.0
2025-11-18 03:30:00,formal_winter_event_2026,318.0,272.0,318.0,362.0
2025-11-18 04:00:00,formal_winter_event_2026,304.0,256.0,304.0,348.0
2025-11-18 04:30:00,formal_winter_event_2026,294.0,238.0,294.0,338.0
2025-11-18 05:00:00,formal_winter_event_2026,298.0,245.0,298.0,346.0
2025-11-18 05:30:00,formal_winter_event_2026,316.0,258.0,316.0,366.0
2025-11-18 06:00:00,formal_winter_event_2026,326.0,266.0,326.0,388.0
2025-11-18 06:30:00,formal_winter_event_2026,348.0,270.0,348.0,478.0
2025-11-18 07:00:00,formal_winter_event_2026,386.0,274.0,386.0,556.0
2025-11-18 07:30:00,formal_winter_event_2026,388.0,280.0,388.0,540.0
2025-11-18 08:00:00,formal_winter_event_2026,392.0,284.0,392.0,544.0
2025-11-18 08:30:00,formal_winter_event_2026,247.0,51.25,247.0,466.0
2025-11-18 09:00:00,formal_winter_event_2026,282.0,63.75,282.0,504.0
2025-11-18 09:30:00,formal_winter_event_2026,247.0,38.25,247.0,472.0
2025-11-18 10:00:00,formal_winter_event_2026,241.0,28.5,241.0,474.0
2025-11-18 10:30:00,formal_winter_event_2026,251.0,25.125,251.0,500.0
2025-11-18 11:00:00,formal_winter_event_2026,151.0,-54.0,151.0,418.0
2025-11-18 11:30:00,formal_winter_event_2026,268.0,41.5,268.0,552.0
2025-11-18 12:00:00,formal_winter_event_2026,145.0,-58.0,145.0,408.0
2025-11-18 12:30:00,formal_winter_event_2026,182.0,-42.5,182.0,454.0
2025-11-18 13:00:00,formal_winter_event_2026,153.0,-54.0,153.0,396.0
2025-11-18 13:30:00,formal_winter_event_2026,81.5,-115.5,81.5,278.0
2025-11-18 14:00:00,formal_winter_event_2026,200.0,15.0625,200.0,390.0
2025-11-18 14:30:00,formal_winter_event_2026,302.0,116.0,302.0,490.0
2025-11-18 15:00:00,formal_winter_event_2026,360.0,184.0,360.0,536.0
2025-11-18 15:30:00,formal_winter_event_2026,374.0,225.0,374.0,532.0
2025-11-18 16:00:00,formal_winter_event_2026,388.0,254.0,388.0,544.0
2025-11-18 16:30:00,formal_winter_event_2026,340.0,246.0,340.0,490.0
2025-11-18 17:00:00,formal_winter_event_2026,336.0,244.0,336.0,488.0
2025-11-18 17:30:00,formal_winter_event_2026,350.0,254.0,350.0,512.0
2025-11-18 18:00:00,formal_winter_event_2026,358.0,262.0,358.0,532.0
2025-11-18 18:30:00,formal_winter_event_2026,358.0,258.0,358.0,536.0
2025-11-18 19:00:00,formal_winter_event_2026,354.0,256.0,354.0,512.0
2025-11-18 19:30:00,formal_winter_event_2026,340.0,258.0,340.0,466.0
2025-11-18 20:00:00,formal_winter_event_2026,338.0,258.0,338.0,454.0
2025-11-18 20:30:00,formal_winter_event_2026,346.0,256.0,346.0,480.0
2025-11-18 21:00:00,formal_winter_event_2026,358.0,262.0,358.0,502.0
2025-11-18 21:30:00,formal_winter_event_2026,348.0,254.0,348.0,470.0
2025-11-18 22:00:00,formal_winter_event_2026,332.0,244.0,332.0,428.0
2025-11-18 22:30:00,formal_winter_event_2026,330.0,238.0,330.0,438.0
2025-11-18 23:00:00,formal_winter_event_2026,350.0,242.0,350.0,490.0
2025-11-18 23:30:00,formal_winter_event_2026,328.0,227.0,328.0,438.0
2025-11-19 00:00:00,formal_winter_event_2026,314.0,212.0,314.0,404.0
2025-11-19 00:30:00,formal_winter_event_2026,344.0,312.0,344.0,374.0
2025-11-19 01:00:00,formal_winter_event_2026,342.0,308.0,342.0,376.0
2025-11-19 01:30:00,formal_winter_event_2026,344.0,310.0,344.0,378.0
2025-11-19 02:00:00,formal_winter_event_2026,346.0,312.0,346.0,382.0
2025-11-19 02:30:00,formal_winter_event_2026,346.0,306.0,346.0,384.0
2025-11-19 03:00:00,formal_winter_event_2026,342.0,302.0,342.0,378.0
2025-11-19 03:30:00,formal_winter_event_2026,328.0,290.0,328.0,364.0
2025-11-19 04:00:00,formal_winter_event_2026,318.0,280.0,318.0,356.0
2025-11-19 04:30:00,formal_winter_event_2026,314.0,274.0,314.0,352.0
2025-11-19 05:00:00,formal_winter_event_2026,320.0,280.0,320.0,356.0
2025-11-19 05:30:00,formal_winter_event_2026,338.0,298.0,338.0,374.0
2025-11-19 06:00:00,formal_winter_event_2026,356.0,312.0,356.0,396.0
2025-11-19 06:30:00,formal_winter_event_2026,386.0,338.0,386.0,436.0
2025-11-19 07:00:00,formal_winter_event_2026,404.0,354.0,404.0,464.0
2025-11-19 07:30:00,formal_winter_event_2026,418.0,360.0,418.0,484.0
2025-11-19 08:00:00,formal_winter_event_2026,424.0,358.0,424.0,496.0
2025-11-19 08:30:00,formal_winter_event_2026,326.0,193.0,326.0,470.0
2025-11-19 09:00:00,formal_winter_event_2026,253.0,108.5,253.0,408.0
2025-11-19 09:30:00,formal_winter_event_2026,224.0,83.0,224.0,374.0
2025-11-19 10:00:00,formal_winter_event_2026,215.0,65.0,215.0,370.0
2025-11-19 10:30:00,formal_winter_event_2026,229.0,65.0,229.0,402.0
2025-11-19 11:00:00,formal_winter_event_2026,179.0,7.46875,179.0,360.0
2025-11-19 11:30:00,formal_winter_event_2026,231.0,65.0,231.0,404.0
2025-11-19 12:00:00,formal_winter_event_2026,245.0,80.0,245.0,424.0
2025-11-19 12:30:00,formal_winter_event_2026,284.0,119.5,284.0,470.0
2025-11-19 13:00:00,formal_winter_event_2026,266.0,100.0,266.0,442.0
2025-11-19 13:30:00,formal_winter_event_2026,258.0,116.5,258.0,408.0
2025-11-19 14:00:00,formal_winter_event_2026,328.0,197.0,328.0,466.0
2025-11-19 14:30:00,formal_winter_event_2026,406.0,274.0,406.0,548.0
2025-11-19 15:00:00,formal_winter_event_2026,454.0,340.0,454.0,600.0
2025-11-19 15:30:00,formal_winter_event_2026,450.0,352.0,450.0,568.0
2025-11-19 16:00:00,formal_winter_event_2026,436.0,346.0,436.0,552.0
2025-11-19 16:30:00,formal_winter_event_2026,400.0,334.0,400.0,532.0
2025-11-19 17:00:00,formal_winter_event_2026,408.0,338.0,408.0,552.0
2025-11-19 17:30:00,formal_winter_event_2026,404.0,346.0,404.0,520.0
2025-11-19 18:00:00,formal_winter_event_2026,416.0,358.0,416.0,536.0
2025-11-19 18:30:00,formal_winter_event_2026,474.0,384.0,474.0,660.0
2025-11-19 19:00:00,formal_winter_event_2026,460.0,380.0,460.0,632.0
2025-11-19 19:30:00,formal_winter_event_2026,408.0,354.0,408.0,532.0
2025-11-19 20:00:00,formal_winter_event_2026,388.0,338.0,388.0,496.0
2025-11-19 20:30:00,formal_winter_event_2026,408.0,346.0,408.0,552.0
2025-11-19 21:00:00,formal_winter_event_2026,416.0,352.0,416.0,572.0
2025-11-19 21:30:00,formal_winter_event_2026,394.0,338.0,394.0,524.0
2025-11-19 22:00:00,formal_winter_event_2026,408.0,342.0,408.0,576.0
2025-11-19 22:30:00,formal_winter_event_2026,462.0,362.0,462.0,740.0
2025-11-19 23:00:00,formal_winter_event_2026,492.0,372.0,492.0,800.0
2025-11-19 23:30:00,formal_winter_event_2026,442.0,352.0,442.0,656.0
2025-11-20 00:00:00,formal_winter_event_2026,406.0,332.0,406.0,592.0
2025-11-20 00:30:00,formal_winter_event_2026,400.0,360.0,400.0,498.0
2025-11-20 01:00:00,formal_winter_event_2026,398.0,358.0,398.0,498.0
2025-11-20 01:30:00,formal_winter_event_2026,416.0,378.0,416.0,516.0
2025-11-20 02:00:00,formal_winter_event_2026,416.0,376.0,416.0,524.0
2025-11-20 02:30:00,formal_winter_event_2026,402.0,358.0,402.0,500.0
2025-11-20 03:00:00,formal_winter_event_2026,394.0,356.0,394.0,482.0
2025-11-20 03:30:00,formal_winter_event_2026,384.0,350.0,384.0,454.0
2025-11-20 04:00:00,formal_winter_event_2026,374.0,342.0,374.0,432.0
2025-11-20 04:30:00,formal_winter_event_2026,368.0,336.0,368.0,420.0
2025-11-20 05:00:00,formal_winter_event_2026,366.0,338.0,366.0,422.0
2025-11-20 05:30:00,formal_winter_event_2026,372.0,344.0,372.0,432.0
2025-11-20 06:00:00,formal_winter_event_2026,400.0,358.0,400.0,468.0
2025-11-20 06:30:00,formal_winter_event_2026,442.0,390.0,442.0,560.0
2025-11-20 07:00:00,formal_winter_event_2026,440.0,384.0,440.0,556.0
2025-11-20 07:30:00,formal_winter_event_2026,444.0,386.0,444.0,556.0
2025-11-20 08:00:00,formal_winter_event_2026,420.0,366.0,420.0,532.0
2025-11-20 08:30:00,formal_winter_event_2026,278.0,155.0,278.0,422.0
2025-11-20 09:00:00,formal_winter_event_2026,199.0,62.0,199.0,352.0
2025-11-20 09:30:00,formal_winter_event_2026,170.0,30.0,170.0,326.0
2025-11-20 10:00:00,formal_winter_event_2026,167.0,20.0,167.0,344.0
2025-11-20 10:30:00,formal_winter_event_2026,184.0,13.125,184.0,380.0
2025-11-20 11:00:00,formal_winter_event_2026,160.0,-15.0625,160.0,382.0
2025-11-20 11:30:00,formal_winter_event_2026,207.0,20.0,207.0,464.0
2025-11-20 12:00:00,formal_winter_event_2026,184.0,-11.4375,184.0,462.0
2025-11-20 12:30:00,formal_winter_event_2026,173.0,-29.75,173.0,464.0
2025-11-20 13:00:00,formal_winter_event_2026,147.0,-60.5,147.0,414.0
2025-11-20 13:30:00,formal_winter_event_2026,140.0,-56.5,140.0,400.0
2025-11-20 14:00:00,formal_winter_event_2026,189.0,-4.3125,189.0,432.0
2025-11-20 14:30:00,formal_winter_event_2026,249.0,71.5,249.0,484.0
2025-11-20 15:00:00,formal_winter_event_2026,356.0,188.0,356.0,564.0
2025-11-20 15:30:00,formal_winter_event_2026,390.0,258.0,390.0,564.0
2025-11-20 16:00:00,formal_winter_event_2026,382.0,256.0,382.0,556.0
2025-11-20 16:30:00,formal_winter_event_2026,414.0,346.0,414.0,648.0
2025-11-20 17:00:00,formal_winter_event_2026,426.0,354.0,426.0,676.0
2025-11-20 17:30:00,formal_winter_event_2026,436.0,362.0,436.0,696.0
2025-11-20 18:00:00,formal_winter_event_2026,434.0,362.0,434.0,720.0
2025-11-20 18:30:00,formal_winter_event_2026,456.0,374.0,456.0,792.0
2025-11-20 19:00:00,formal_winter_event_2026,460.0,380.0,460.0,788.0
2025-11-20 19:30:00,formal_winter_event_2026,420.0,364.0,420.0,704.0
2025-11-20 20:00:00,formal_winter_event_2026,404.0,352.0,404.0,680.0
2025-11-20 20:30:00,formal_winter_event_2026,404.0,352.0,404.0,676.0
2025-11-20 21:00:00,formal_winter_event_2026,404.0,354.0,404.0,680.0
2025-11-20 21:30:00,formal_winter_event_2026,390.0,346.0,390.0,616.0
2025-11-20 22:00:00,formal_winter_event_2026,370.0,328.0,370.0,548.0
2025-11-20 22:30:00,formal_winter_event_2026,374.0,332.0,374.0,544.0
2025-11-20 23:00:00,formal_winter_event_2026,386.0,342.0,386.0,556.0
2025-11-20 23:30:00,formal_winter_event_2026,366.0,328.0,366.0,498.0
2025-11-21 00:00:00,formal_winter_event_2026,336.0,300.0,336.0,434.0
2025-11-21 00:30:00,formal_winter_event_2026,392.0,372.0,392.0,434.0
2025-11-21 01:00:00,formal_winter_event_2026,402.0,380.0,402.0,452.0
2025-11-21 01:30:00,formal_winter_event_2026,412.0,392.0,412.0,464.0
2025-11-21 02:00:00,formal_winter_event_2026,416.0,390.0,416.0,476.0
2025-11-21 02:30:00,formal_winter_event_2026,406.0,380.0,406.0,482.0
2025-11-21 03:00:00,formal_winter_event_2026,394.0,372.0,394.0,450.0
2025-11-21 03:30:00,formal_winter_event_2026,378.0,360.0,378.0,422.0
2025-11-21 04:00:00,formal_winter_event_2026,370.0,354.0,370.0,410.0
2025-11-21 04:30:00,formal_winter_event_2026,360.0,348.0,360.0,412.0
2025-11-21 05:00:00,formal_winter_event_2026,360.0,344.0,360.0,450.0
2025-11-21 05:30:00,formal_winter_event_2026,376.0,344.0,376.0,564.0
2025-11-21 06:00:00,formal_winter_event_2026,406.0,348.0,406.0,780.0
2025-11-21 06:30:00,formal_winter_event_2026,432.0,344.0,432.0,964.0
2025-11-21 07:00:00,formal_winter_event_2026,466.0,356.0,466.0,932.0
2025-11-21 07:30:00,formal_winter_event_2026,484.0,372.0,484.0,888.0
2025-11-21 08:00:00,formal_winter_event_2026,462.0,366.0,462.0,816.0
2025-11-21 08:30:00,formal_winter_event_2026,328.0,245.0,328.0,488.0
2025-11-21 09:00:00,formal_winter_event_2026,304.0,223.0,304.0,458.0
2025-11-21 09:30:00,formal_winter_event_2026,243.0,158.0,243.0,384.0
2025-11-21 10:00:00,formal_winter_event_2026,252.0,166.0,252.0,402.0
2025-11-21 10:30:00,formal_winter_event_2026,242.0,143.0,242.0,396.0
2025-11-21 11:00:00,formal_winter_event_2026,185.0,78.0,185.0,322.0
2025-11-21 11:30:00,formal_winter_event_2026,402.0,314.0,402.0,572.0
2025-11-21 12:00:00,formal_winter_event_2026,292.0,218.0,292.0,416.0
2025-11-21 12:30:00,formal_winter_event_2026,324.0,258.0,324.0,436.0
2025-11-21 13:00:00,formal_winter_event_2026,308.0,245.0,308.0,410.0
2025-11-21 13:30:00,formal_winter_event_2026,221.0,148.0,221.0,330.0
2025-11-21 14:00:00,formal_winter_event_2026,306.0,243.0,306.0,404.0
2025-11-21 14:30:00,formal_winter_event_2026,320.0,256.0,320.0,422.0
2025-11-21 15:00:00,formal_winter_event_2026,390.0,322.0,390.0,502.0
2025-11-21 15:30:00,formal_winter_event_2026,422.0,362.0,422.0,544.0
2025-11-21 16:00:00,formal_winter_event_2026,420.0,360.0,420.0,544.0
2025-11-21 16:30:00,formal_winter_event_2026,414.0,356.0,414.0,652.0
2025-11-21 17:00:00,formal_winter_event_2026,434.0,364.0,434.0,716.0
2025-11-21 17:30:00,formal_winter_event_2026,516.0,406.0,516.0,916.0
2025-11-21 18:00:00,formal_winter_event_2026,456.0,378.0,456.0,816.0
2025-11-21 18:30:00,formal_winter_event_2026,460.0,384.0,460.0,856.0
2025-11-21 19:00:00,formal_winter_event_2026,462.0,386.0,462.0,832.0
2025-11-21 19:30:00,formal_winter_event_2026,432.0,374.0,432.0,740.0
2025-11-21 20:00:00,formal_winter_event_2026,426.0,370.0,426.0,716.0
2025-11-21 20:30:00,formal_winter_event_2026,472.0,390.0,472.0,836.0
2025-11-21 21:00:00,formal_winter_event_2026,532.0,414.0,532.0,1008.0
2025-11-21 21:30:00,formal_winter_event_2026,468.0,384.0,468.0,864.0
2025-11-21 22:00:00,formal_winter_event_2026,442.0,374.0,442.0,772.0
2025-11-21 22:30:00,formal_winter_event_2026,426.0,372.0,426.0,716.0
2025-11-21 23:00:00,formal_winter_event_2026,452.0,390.0,452.0,716.0
2025-11-21 23:30:00,formal_winter_event_2026,396.0,362.0,396.0,552.0
2025-11-22 00:00:00,formal_winter_event_2026,366.0,342.0,366.0,466.0
2025-11-22 00:30:00,formal_winter_event_2026,386.0,366.0,386.0,440.0
2025-11-22 01:00:00,formal_winter_event_2026,384.0,360.0,384.0,446.0
2025-11-22 01:30:00,formal_winter_event_2026,388.0,364.0,388.0,470.0
2025-11-22 02:00:00,formal_winter_event_2026,416.0,386.0,416.0,552.0
2025-11-22 02:30:00,formal_winter_event_2026,416.0,384.0,416.0,572.0
2025-11-22 03:00:00,formal_winter_event_2026,394.0,364.0,394.0,528.0
2025-11-22 03:30:00,formal_winter_event_2026,382.0,358.0,382.0,482.0
2025-11-22 04:00:00,formal_winter_event_2026,376.0,350.0,376.0,454.0
2025-11-22 04:30:00,formal_winter_event_2026,372.0,354.0,372.0,444.0
2025-11-22 05:00:00,formal_winter_event_2026,366.0,344.0,366.0,448.0
2025-11-22 05:30:00,formal_winter_event_2026,364.0,338.0,364.0,478.0
2025-11-22 06:00:00,formal_winter_event_2026,390.0,358.0,390.0,540.0
2025-11-22 06:30:00,formal_winter_event_2026,394.0,360.0,394.0,568.0
2025-11-22 07:00:00,formal_winter_event_2026,396.0,354.0,396.0,572.0
2025-11-22 07:30:00,formal_winter_event_2026,414.0,360.0,414.0,616.0
2025-11-22 08:00:00,formal_winter_event_2026,390.0,340.0,390.0,564.0
2025-11-22 08:30:00,formal_winter_event_2026,266.0,197.0,266.0,336.0
2025-11-22 09:00:00,formal_winter_event_2026,250.0,178.0,250.0,320.0
2025-11-22 09:30:00,formal_winter_event_2026,210.0,115.5,210.0,288.0
2025-11-22 10:00:00,formal_winter_event_2026,204.0,96.5,204.0,286.0
2025-11-22 10:30:00,formal_winter_event_2026,180.0,53.0,180.0,280.0
2025-11-22 11:00:00,formal_winter_event_2026,120.5,-34.25,120.5,230.0
2025-11-22 11:30:00,formal_winter_event_2026,266.0,158.0,266.0,366.0
2025-11-22 12:00:00,formal_winter_event_2026,216.0,102.0,216.0,314.0
2025-11-22 12:30:00,formal_winter_event_2026,272.0,199.0,272.0,342.0
2025-11-22 13:00:00,formal_winter_event_2026,210.0,133.0,210.0,280.0
2025-11-22 13:30:00,formal_winter_event_2026,133.0,31.125,133.0,222.0
2025-11-22 14:00:00,formal_winter_event_2026,254.0,193.0,254.0,310.0
2025-11-22 14:30:00,formal_winter_event_2026,282.0,234.0,282.0,332.0
2025-11-22 15:00:00,formal_winter_event_2026,338.0,294.0,338.0,384.0
2025-11-22 15:30:00,formal_winter_event_2026,378.0,334.0,378.0,432.0
2025-11-22 16:00:00,formal_winter_event_2026,406.0,364.0,406.0,466.0
2025-11-22 16:30:00,formal_winter_event_2026,384.0,350.0,384.0,462.0
2025-11-22 17:00:00,formal_winter_event_2026,376.0,342.0,376.0,456.0
2025-11-22 17:30:00,formal_winter_event_2026,382.0,348.0,382.0,462.0
2025-11-22 18:00:00,formal_winter_event_2026,386.0,356.0,386.0,466.0
2025-11-22 18:30:00,formal_winter_event_2026,396.0,364.0,396.0,476.0
2025-11-22 19:00:00,formal_winter_event_2026,392.0,364.0,392.0,466.0
2025-11-22 19:30:00,formal_winter_event_2026,388.0,366.0,388.0,444.0
2025-11-22 20:00:00,formal_winter_event_2026,386.0,362.0,386.0,432.0
2025-11-22 20:30:00,formal_winter_event_2026,390.0,370.0,390.0,440.0
2025-11-22 21:00:00,formal_winter_event_2026,400.0,376.0,400.0,466.0
2025-11-22 21:30:00,formal_winter_event_2026,400.0,376.0,400.0,474.0
2025-11-22 22:00:00,formal_winter_event_2026,394.0,368.0,394.0,456.0
2025-11-22 22:30:00,formal_winter_event_2026,396.0,372.0,396.0,462.0
2025-11-22 23:00:00,formal_winter_event_2026,430.0,398.0,430.0,528.0
2025-11-22 23:30:00,formal_winter_event_2026,404.0,374.0,404.0,466.0
2025-11-23 00:00:00,formal_winter_event_2026,380.0,354.0,380.0,436.0
2026-01-08 00:30:00,formal_winter_event_2026,364.0,318.0,364.0,446.0
2026-01-08 01:00:00,formal_winter_event_2026,378.0,328.0,378.0,490.0
2026-01-08 01:30:00,formal_winter_event_2026,390.0,342.0,390.0,512.0
2026-01-08 02:00:00,formal_winter_event_2026,402.0,360.0,402.0,552.0
2026-01-08 02:30:00,formal_winter_event_2026,408.0,362.0,408.0,568.0
2026-01-08 03:00:00,formal_winter_event_2026,396.0,348.0,396.0,532.0
2026-01-08 03:30:00,formal_winter_event_2026,386.0,350.0,386.0,486.0
2026-01-08 04:00:00,formal_winter_event_2026,378.0,342.0,378.0,440.0
2026-01-08 04:30:00,formal_winter_event_2026,372.0,346.0,372.0,426.0
2026-01-08 05:00:00,formal_winter_event_2026,374.0,342.0,374.0,436.0
2026-01-08 05:30:00,formal_winter_event_2026,376.0,344.0,376.0,466.0
2026-01-08 06:00:00,formal_winter_event_2026,386.0,348.0,386.0,506.0
2026-01-08 06:30:00,formal_winter_event_2026,384.0,324.0,384.0,572.0
2026-01-08 07:00:00,formal_winter_event_2026,390.0,308.0,390.0,644.0
2026-01-08 07:30:00,formal_winter_event_2026,398.0,300.0,398.0,712.0
2026-01-08 08:00:00,formal_winter_event_2026,410.0,292.0,410.0,752.0
2026-01-08 08:30:00,formal_winter_event_2026,372.0,272.0,372.0,496.0
2026-01-08 09:00:00,formal_winter_event_2026,374.0,247.0,374.0,548.0
2026-01-08 09:30:00,formal_winter_event_2026,372.0,240.0,372.0,548.0
2026-01-08 10:00:00,formal_winter_event_2026,374.0,260.0,374.0,540.0
2026-01-08 10:30:00,formal_winter_event_2026,358.0,228.0,358.0,536.0
2026-01-08 11:00:00,formal_winter_event_2026,352.0,184.0,352.0,568.0
2026-01-08 11:30:00,formal_winter_event_2026,386.0,251.0,386.0,632.0
2026-01-08 12:00:00,formal_winter_event_2026,346.0,216.0,346.0,528.0
2026-01-08 12:30:00,formal_winter_event_2026,386.0,290.0,386.0,540.0
2026-01-08 13:00:00,formal_winter_event_2026,394.0,298.0,394.0,548.0
2026-01-08 13:30:00,formal_winter_event_2026,344.0,240.0,344.0,480.0
2026-01-08 14:00:00,formal_winter_event_2026,380.0,300.0,380.0,502.0
2026-01-08 14:30:00,formal_winter_event_2026,374.0,290.0,374.0,496.0
2026-01-08 15:00:00,formal_winter_event_2026,388.0,310.0,388.0,512.0
2026-01-08 15:30:00,formal_winter_event_2026,372.0,298.0,372.0,472.0
2026-01-08 16:00:00,formal_winter_event_2026,388.0,326.0,388.0,478.0
2026-01-08 16:30:00,formal_winter_event_2026,390.0,346.0,390.0,604.0
2026-01-08 17:00:00,formal_winter_event_2026,388.0,336.0,388.0,632.0
2026-01-08 17:30:00,formal_winter_event_2026,376.0,332.0,376.0,584.0
2026-01-08 18:00:00,formal_winter_event_2026,382.0,342.0,382.0,580.0
2026-01-08 18:30:00,formal_winter_event_2026,382.0,336.0,382.0,580.0
2026-01-08 19:00:00,formal_winter_event_2026,380.0,334.0,380.0,608.0
2026-01-08 19:30:00,formal_winter_event_2026,382.0,340.0,382.0,604.0
2026-01-08 20:00:00,formal_winter_event_2026,380.0,338.0,380.0,580.0
2026-01-08 20:30:00,formal_winter_event_2026,386.0,346.0,386.0,616.0
2026-01-08 21:00:00,formal_winter_event_2026,398.0,350.0,398.0,692.0
2026-01-08 21:30:00,formal_winter_event_2026,398.0,354.0,398.0,676.0
2026-01-08 22:00:00,formal_winter_event_2026,392.0,350.0,392.0,644.0
2026-01-08 22:30:00,formal_winter_event_2026,394.0,344.0,394.0,680.0
2026-01-08 23:00:00,formal_winter_event_2026,420.0,356.0,420.0,732.0
2026-01-08 23:30:00,formal_winter_event_2026,380.0,338.0,380.0,584.0
2026-01-09 00:00:00,formal_winter_event_2026,368.0,328.0,368.0,528.0
2026-01-09 00:30:00,formal_winter_event_2026,340.0,326.0,340.0,350.0
2026-01-09 01:00:00,formal_winter_event_2026,336.0,320.0,336.0,350.0
2026-01-09 01:30:00,formal_winter_event_2026,338.0,322.0,338.0,354.0
2026-01-09 02:00:00,formal_winter_event_2026,344.0,326.0,344.0,358.0
2026-01-09 02:30:00,formal_winter_event_2026,344.0,324.0,344.0,360.0
2026-01-09 03:00:00,formal_winter_event_2026,338.0,320.0,338.0,356.0
2026-01-09 03:30:00,formal_winter_event_2026,332.0,312.0,332.0,350.0
2026-01-09 04:00:00,formal_winter_event_2026,326.0,306.0,326.0,344.0
2026-01-09 04:30:00,formal_winter_event_2026,322.0,300.0,322.0,340.0
2026-01-09 05:00:00,formal_winter_event_2026,324.0,302.0,324.0,342.0
2026-01-09 05:30:00,formal_winter_event_2026,334.0,314.0,334.0,352.0
2026-01-09 06:00:00,formal_winter_event_2026,344.0,326.0,344.0,362.0
2026-01-09 06:30:00,formal_winter_event_2026,350.0,330.0,350.0,368.0
2026-01-09 07:00:00,formal_winter_event_2026,354.0,334.0,354.0,374.0
2026-01-09 07:30:00,formal_winter_event_2026,354.0,334.0,354.0,374.0
2026-01-09 08:00:00,formal_winter_event_2026,346.0,322.0,346.0,366.0
2026-01-09 08:30:00,formal_winter_event_2026,326.0,298.0,326.0,352.0
2026-01-09 09:00:00,formal_winter_event_2026,306.0,278.0,306.0,334.0
2026-01-09 09:30:00,formal_winter_event_2026,290.0,258.0,290.0,320.0
2026-01-09 10:00:00,formal_winter_event_2026,282.0,247.0,282.0,312.0
2026-01-09 10:30:00,formal_winter_event_2026,276.0,239.0,276.0,310.0
2026-01-09 11:00:00,formal_winter_event_2026,282.0,245.0,282.0,318.0
2026-01-09 11:30:00,formal_winter_event_2026,302.0,264.0,302.0,342.0
2026-01-09 12:00:00,formal_winter_event_2026,252.0,210.0,252.0,294.0
2026-01-09 12:30:00,formal_winter_event_2026,248.0,211.0,248.0,288.0
2026-01-09 13:00:00,formal_winter_event_2026,243.0,203.0,243.0,288.0
2026-01-09 13:30:00,formal_winter_event_2026,258.0,220.0,258.0,300.0
2026-01-09 14:00:00,formal_winter_event_2026,264.0,225.0,264.0,302.0
2026-01-09 14:30:00,formal_winter_event_2026,266.0,227.0,266.0,302.0
2026-01-09 15:00:00,formal_winter_event_2026,276.0,238.0,276.0,310.0
2026-01-09 15:30:00,formal_winter_event_2026,286.0,253.0,286.0,316.0
2026-01-09 16:00:00,formal_winter_event_2026,294.0,262.0,294.0,324.0
2026-01-09 16:30:00,formal_winter_event_2026,294.0,252.0,294.0,338.0
2026-01-09 17:00:00,formal_winter_event_2026,310.0,270.0,310.0,350.0
2026-01-09 17:30:00,formal_winter_event_2026,336.0,300.0,336.0,368.0
2026-01-09 18:00:00,formal_winter_event_2026,346.0,314.0,346.0,376.0
2026-01-09 18:30:00,formal_winter_event_2026,346.0,318.0,346.0,374.0
2026-01-09 19:00:00,formal_winter_event_2026,344.0,318.0,344.0,368.0
2026-01-09 19:30:00,formal_winter_event_2026,340.0,316.0,340.0,364.0
2026-01-09 20:00:00,formal_winter_event_2026,338.0,314.0,338.0,362.0
2026-01-09 20:30:00,formal_winter_event_2026,340.0,316.0,340.0,364.0
2026-01-09 21:00:00,formal_winter_event_2026,338.0,314.0,338.0,362.0
2026-01-09 21:30:00,formal_winter_event_2026,338.0,314.0,338.0,362.0
2026-01-09 22:00:00,formal_winter_event_2026,340.0,316.0,340.0,362.0
2026-01-09 22:30:00,formal_winter_event_2026,346.0,320.0,346.0,374.0
2026-01-09 23:00:00,formal_winter_event_2026,362.0,336.0,362.0,392.0
2026-01-09 23:30:00,formal_winter_event_2026,360.0,332.0,360.0,390.0
2026-01-10 00:00:00,formal_winter_event_2026,348.0,320.0,348.0,374.0
2026-01-10 00:30:00,formal_winter_event_2026,338.0,328.0,338.0,346.0
2026-01-10 01:00:00,formal_winter_event_2026,342.0,332.0,342.0,352.0
2026-01-10 01:30:00,formal_winter_event_2026,346.0,334.0,346.0,356.0
2026-01-10 02:00:00,formal_winter_event_2026,350.0,338.0,350.0,360.0
2026-01-10 02:30:00,formal_winter_event_2026,350.0,338.0,350.0,362.0
2026-01-10 03:00:00,formal_winter_event_2026,348.0,336.0,348.0,360.0
2026-01-10 03:30:00,formal_winter_event_2026,346.0,332.0,346.0,358.0
2026-01-10 04:00:00,formal_winter_event_2026,342.0,330.0,342.0,354.0
2026-01-10 04:30:00,formal_winter_event_2026,340.0,326.0,340.0,352.0
2026-01-10 05:00:00,formal_winter_event_2026,338.0,324.0,338.0,352.0
2026-01-10 05:30:00,formal_winter_event_2026,344.0,330.0,344.0,356.0
2026-01-10 06:00:00,formal_winter_event_2026,350.0,336.0,350.0,362.0
2026-01-10 06:30:00,formal_winter_event_2026,354.0,340.0,354.0,368.0
2026-01-10 07:00:00,formal_winter_event_2026,360.0,344.0,360.0,378.0
2026-01-10 07:30:00,formal_winter_event_2026,370.0,352.0,370.0,392.0
2026-01-10 08:00:00,formal_winter_event_2026,376.0,354.0,376.0,400.0
2026-01-10 08:30:00,formal_winter_event_2026,358.0,336.0,358.0,384.0
2026-01-10 09:00:00,formal_winter_event_2026,342.0,316.0,342.0,368.0
2026-01-10 09:30:00,formal_winter_event_2026,344.0,314.0,344.0,370.0
2026-01-10 10:00:00,formal_winter_event_2026,338.0,306.0,338.0,364.0
2026-01-10 10:30:00,formal_winter_event_2026,338.0,302.0,338.0,368.0
2026-01-10 11:00:00,formal_winter_event_2026,342.0,302.0,342.0,380.0
2026-01-10 11:30:00,formal_winter_event_2026,392.0,334.0,392.0,486.0
2026-01-10 12:00:00,formal_winter_event_2026,300.0,241.0,300.0,344.0
2026-01-10 12:30:00,formal_winter_event_2026,322.0,276.0,322.0,362.0
2026-01-10 13:00:00,formal_winter_event_2026,322.0,276.0,322.0,358.0
2026-01-10 13:30:00,formal_winter_event_2026,328.0,292.0,328.0,360.0
2026-01-10 14:00:00,formal_winter_event_2026,332.0,298.0,332.0,358.0
2026-01-10 14:30:00,formal_winter_event_2026,336.0,302.0,336.0,366.0
2026-01-10 15:00:00,formal_winter_event_2026,342.0,308.0,342.0,372.0
2026-01-10 15:30:00,formal_winter_event_2026,342.0,310.0,342.0,370.0
2026-01-10 16:00:00,formal_winter_event_2026,356.0,328.0,356.0,388.0
2026-01-10 16:30:00,formal_winter_event_2026,360.0,322.0,360.0,402.0
2026-01-10 17:00:00,formal_winter_event_2026,356.0,326.0,356.0,392.0
2026-01-10 17:30:00,formal_winter_event_2026,358.0,334.0,358.0,386.0
2026-01-10 18:00:00,formal_winter_event_2026,362.0,340.0,362.0,388.0
2026-01-10 18:30:00,formal_winter_event_2026,364.0,342.0,364.0,392.0
2026-01-10 19:00:00,formal_winter_event_2026,364.0,342.0,364.0,388.0
2026-01-10 19:30:00,formal_winter_event_2026,358.0,336.0,358.0,380.0
2026-01-10 20:00:00,formal_winter_event_2026,354.0,334.0,354.0,376.0
2026-01-10 20:30:00,formal_winter_event_2026,356.0,334.0,356.0,376.0
2026-01-10 21:00:00,formal_winter_event_2026,356.0,334.0,356.0,378.0
2026-01-10 21:30:00,formal_winter_event_2026,356.0,334.0,356.0,378.0
2026-01-10 22:00:00,formal_winter_event_2026,356.0,334.0,356.0,378.0
2026-01-10 22:30:00,formal_winter_event_2026,358.0,334.0,358.0,384.0
2026-01-10 23:00:00,formal_winter_event_2026,368.0,344.0,368.0,398.0
2026-01-10 23:30:00,formal_winter_event_2026,360.0,336.0,360.0,386.0
2026-01-11 00:00:00,formal_winter_event_2026,346.0,324.0,346.0,368.0
2026-01-11 00:30:00,formal_winter_event_2026,328.0,322.0,328.0,334.0
2026-01-11 01:00:00,formal_winter_event_2026,328.0,320.0,328.0,336.0
2026-01-11 01:30:00,formal_winter_event_2026,328.0,318.0,328.0,336.0
2026-01-11 02:00:00,formal_winter_event_2026,326.0,316.0,326.0,334.0
2026-01-11 02:30:00,formal_winter_event_2026,326.0,316.0,326.0,336.0
2026-01-11 03:00:00,formal_winter_event_2026,324.0,316.0,324.0,334.0
2026-01-11 03:30:00,formal_winter_event_2026,322.0,312.0,322.0,332.0
2026-01-11 04:00:00,formal_winter_event_2026,318.0,308.0,318.0,328.0
2026-01-11 04:30:00,formal_winter_event_2026,316.0,306.0,316.0,326.0
2026-01-11 05:00:00,formal_winter_event_2026,316.0,304.0,316.0,326.0
2026-01-11 05:30:00,formal_winter_event_2026,320.0,308.0,320.0,330.0
2026-01-11 06:00:00,formal_winter_event_2026,324.0,312.0,324.0,334.0
2026-01-11 06:30:00,formal_winter_event_2026,328.0,316.0,328.0,340.0
2026-01-11 07:00:00,formal_winter_event_2026,336.0,324.0,336.0,350.0
2026-01-11 07:30:00,formal_winter_event_2026,342.0,328.0,342.0,358.0
2026-01-11 08:00:00,formal_winter_event_2026,344.0,328.0,344.0,362.0
2026-01-11 08:30:00,formal_winter_event_2026,334.0,318.0,334.0,350.0
2026-01-11 09:00:00,formal_winter_event_2026,322.0,304.0,322.0,338.0
2026-01-11 09:30:00,formal_winter_event_2026,314.0,292.0,314.0,332.0
2026-01-11 10:00:00,formal_winter_event_2026,312.0,286.0,312.0,334.0
2026-01-11 10:30:00,formal_winter_event_2026,308.0,280.0,308.0,334.0
2026-01-11 11:00:00,formal_winter_event_2026,300.0,270.0,300.0,330.0
2026-01-11 11:30:00,formal_winter_event_2026,438.0,360.0,438.0,568.0
2026-01-11 12:00:00,formal_winter_event_2026,248.0,204.0,248.0,290.0
2026-01-11 12:30:00,formal_winter_event_2026,304.0,272.0,304.0,338.0
2026-01-11 13:00:00,formal_winter_event_2026,304.0,272.0,304.0,334.0
2026-01-11 13:30:00,formal_winter_event_2026,298.0,266.0,298.0,328.0
2026-01-11 14:00:00,formal_winter_event_2026,306.0,276.0,306.0,330.0
2026-01-11 14:30:00,formal_winter_event_2026,306.0,280.0,306.0,330.0
2026-01-11 15:00:00,formal_winter_event_2026,312.0,286.0,312.0,334.0
2026-01-11 15:30:00,formal_winter_event_2026,310.0,284.0,310.0,330.0
2026-01-11 16:00:00,formal_winter_event_2026,320.0,300.0,320.0,340.0
2026-01-11 16:30:00,formal_winter_event_2026,318.0,300.0,318.0,334.0
2026-01-11 17:00:00,formal_winter_event_2026,320.0,304.0,320.0,338.0
2026-01-11 17:30:00,formal_winter_event_2026,324.0,310.0,324.0,340.0
2026-01-11 18:00:00,formal_winter_event_2026,326.0,312.0,326.0,342.0
2026-01-11 18:30:00,formal_winter_event_2026,328.0,312.0,328.0,342.0
2026-01-11 19:00:00,formal_winter_event_2026,324.0,310.0,324.0,338.0
2026-01-11 19:30:00,formal_winter_event_2026,320.0,306.0,320.0,332.0
2026-01-11 20:00:00,formal_winter_event_2026,320.0,306.0,320.0,332.0
2026-01-11 20:30:00,formal_winter_event_2026,324.0,310.0,324.0,338.0
2026-01-11 21:00:00,formal_winter_event_2026,326.0,314.0,326.0,340.0
2026-01-11 21:30:00,formal_winter_event_2026,326.0,312.0,326.0,340.0
2026-01-11 22:00:00,formal_winter_event_2026,326.0,314.0,326.0,340.0
2026-01-11 22:30:00,formal_winter_event_2026,330.0,316.0,330.0,346.0
2026-01-11 23:00:00,formal_winter_event_2026,344.0,328.0,344.0,360.0
2026-01-11 23:30:00,formal_winter_event_2026,338.0,324.0,338.0,356.0
2026-01-12 00:00:00,formal_winter_event_2026,326.0,312.0,326.0,340.0
2026-01-12 00:30:00,formal_winter_event_2026,330.0,326.0,330.0,336.0
2026-01-12 01:00:00,formal_winter_event_2026,338.0,330.0,338.0,344.0
2026-01-12 01:30:00,formal_winter_event_2026,336.0,330.0,336.0,344.0
2026-01-12 02:00:00,formal_winter_event_2026,334.0,326.0,334.0,342.0
2026-01-12 02:30:00,formal_winter_event_2026,332.0,324.0,332.0,340.0
2026-01-12 03:00:00,formal_winter_event_2026,330.0,322.0,330.0,338.0
2026-01-12 03:30:00,formal_winter_event_2026,330.0,320.0,330.0,338.0
2026-01-12 04:00:00,formal_winter_event_2026,326.0,316.0,326.0,334.0
2026-01-12 04:30:00,formal_winter_event_2026,324.0,316.0,324.0,332.0
2026-01-12 05:00:00,formal_winter_event_2026,326.0,316.0,326.0,334.0
2026-01-12 05:30:00,formal_winter_event_2026,332.0,322.0,332.0,340.0
2026-01-12 06:00:00,formal_winter_event_2026,338.0,328.0,338.0,348.0
2026-01-12 06:30:00,formal_winter_event_2026,344.0,334.0,344.0,356.0
2026-01-12 07:00:00,formal_winter_event_2026,356.0,344.0,356.0,368.0
2026-01-12 07:30:00,formal_winter_event_2026,368.0,352.0,368.0,384.0
2026-01-12 08:00:00,formal_winter_event_2026,366.0,350.0,366.0,382.0
2026-01-12 08:30:00,formal_winter_event_2026,356.0,342.0,356.0,374.0
2026-01-12 09:00:00,formal_winter_event_2026,350.0,334.0,350.0,368.0
2026-01-12 09:30:00,formal_winter_event_2026,344.0,326.0,344.0,364.0
2026-01-12 10:00:00,formal_winter_event_2026,338.0,318.0,338.0,354.0
2026-01-12 10:30:00,formal_winter_event_2026,332.0,310.0,332.0,354.0
2026-01-12 11:00:00,formal_winter_event_2026,330.0,298.0,330.0,364.0
2026-01-12 11:30:00,formal_winter_event_2026,396.0,340.0,396.0,480.0
2026-01-12 12:00:00,formal_winter_event_2026,306.0,256.0,306.0,352.0
2026-01-12 12:30:00,formal_winter_event_2026,336.0,306.0,336.0,370.0
2026-01-12 13:00:00,formal_winter_event_2026,334.0,302.0,334.0,364.0
2026-01-12 13:30:00,formal_winter_event_2026,324.0,296.0,324.0,348.0
2026-01-12 14:00:00,formal_winter_event_2026,330.0,306.0,330.0,350.0
2026-01-12 14:30:00,formal_winter_event_2026,340.0,318.0,340.0,364.0
2026-01-12 15:00:00,formal_winter_event_2026,346.0,320.0,346.0,372.0
2026-01-12 15:30:00,formal_winter_event_2026,334.0,308.0,334.0,360.0
2026-01-12 16:00:00,formal_winter_event_2026,352.0,332.0,352.0,378.0
2026-01-12 16:30:00,formal_winter_event_2026,348.0,330.0,348.0,364.0
2026-01-12 17:00:00,formal_winter_event_2026,348.0,332.0,348.0,366.0
2026-01-12 17:30:00,formal_winter_event_2026,354.0,338.0,354.0,372.0
2026-01-12 18:00:00,formal_winter_event_2026,356.0,342.0,356.0,372.0
2026-01-12 18:30:00,formal_winter_event_2026,356.0,340.0,356.0,372.0
2026-01-12 19:00:00,formal_winter_event_2026,354.0,338.0,354.0,370.0
2026-01-12 19:30:00,formal_winter_event_2026,348.0,334.0,348.0,364.0
2026-01-12 20:00:00,formal_winter_event_2026,348.0,332.0,348.0,362.0
2026-01-12 20:30:00,formal_winter_event_2026,352.0,338.0,352.0,366.0
2026-01-12 21:00:00,formal_winter_event_2026,354.0,340.0,354.0,368.0
2026-01-12 21:30:00,formal_winter_event_2026,356.0,342.0,356.0,370.0
2026-01-12 22:00:00,formal_winter_event_2026,354.0,342.0,354.0,370.0
2026-01-12 22:30:00,formal_winter_event_2026,356.0,342.0,356.0,370.0
2026-01-12 23:00:00,formal_winter_event_2026,368.0,352.0,368.0,384.0
2026-01-12 23:30:00,formal_winter_event_2026,364.0,348.0,364.0,380.0
2026-01-13 00:00:00,formal_winter_event_2026,350.0,336.0,350.0,364.0
2026-01-13 00:30:00,formal_winter_event_2026,320.0,314.0,320.0,326.0
2026-01-13 01:00:00,formal_winter_event_2026,324.0,316.0,324.0,330.0
2026-01-13 01:30:00,formal_winter_event_2026,326.0,318.0,326.0,332.0
2026-01-13 02:00:00,formal_winter_event_2026,328.0,318.0,328.0,336.0
2026-01-13 02:30:00,formal_winter_event_2026,326.0,318.0,326.0,336.0
2026-01-13 03:00:00,formal_winter_event_2026,324.0,314.0,324.0,334.0
2026-01-13 03:30:00,formal_winter_event_2026,322.0,312.0,322.0,332.0
2026-01-13 04:00:00,formal_winter_event_2026,318.0,308.0,318.0,328.0
2026-01-13 04:30:00,formal_winter_event_2026,316.0,304.0,316.0,326.0
2026-01-13 05:00:00,formal_winter_event_2026,316.0,304.0,316.0,326.0
2026-01-13 05:30:00,formal_winter_event_2026,320.0,308.0,320.0,330.0
2026-01-13 06:00:00,formal_winter_event_2026,324.0,312.0,324.0,334.0
2026-01-13 06:30:00,formal_winter_event_2026,326.0,314.0,326.0,338.0
2026-01-13 07:00:00,formal_winter_event_2026,334.0,320.0,334.0,346.0
2026-01-13 07:30:00,formal_winter_event_2026,342.0,328.0,342.0,358.0
2026-01-13 08:00:00,formal_winter_event_2026,352.0,336.0,352.0,368.0
2026-01-13 08:30:00,formal_winter_event_2026,336.0,322.0,336.0,352.0
2026-01-13 09:00:00,formal_winter_event_2026,336.0,320.0,336.0,354.0
2026-01-13 09:30:00,formal_winter_event_2026,316.0,298.0,316.0,330.0
2026-01-13 10:00:00,formal_winter_event_2026,304.0,286.0,304.0,320.0
2026-01-13 10:30:00,formal_winter_event_2026,290.0,270.0,290.0,306.0
2026-01-13 11:00:00,formal_winter_event_2026,274.0,253.0,274.0,294.0
2026-01-13 11:30:00,formal_winter_event_2026,338.0,306.0,338.0,382.0
2026-01-13 12:00:00,formal_winter_event_2026,254.0,228.0,254.0,282.0
2026-01-13 12:30:00,formal_winter_event_2026,280.0,260.0,280.0,302.0
2026-01-13 13:00:00,formal_winter_event_2026,284.0,262.0,284.0,306.0
2026-01-13 13:30:00,formal_winter_event_2026,268.0,243.0,268.0,290.0
2026-01-13 14:00:00,formal_winter_event_2026,280.0,256.0,280.0,302.0
2026-01-13 14:30:00,formal_winter_event_2026,294.0,272.0,294.0,314.0
2026-01-13 15:00:00,formal_winter_event_2026,300.0,276.0,300.0,322.0
2026-01-13 15:30:00,formal_winter_event_2026,294.0,270.0,294.0,318.0
2026-01-13 16:00:00,formal_winter_event_2026,322.0,306.0,322.0,338.0
2026-01-13 16:30:00,formal_winter_event_2026,320.0,304.0,320.0,338.0
2026-01-13 17:00:00,formal_winter_event_2026,318.0,302.0,318.0,336.0
2026-01-13 17:30:00,formal_winter_event_2026,318.0,300.0,318.0,334.0
2026-01-13 18:00:00,formal_winter_event_2026,320.0,302.0,320.0,336.0
2026-01-13 18:30:00,formal_winter_event_2026,320.0,304.0,320.0,336.0
2026-01-13 19:00:00,formal_winter_event_2026,314.0,296.0,314.0,328.0
2026-01-13 19:30:00,formal_winter_event_2026,310.0,294.0,310.0,326.0
2026-01-13 20:00:00,formal_winter_event_2026,306.0,290.0,306.0,322.0
2026-01-13 20:30:00,formal_winter_event_2026,312.0,296.0,312.0,328.0
2026-01-13 21:00:00,formal_winter_event_2026,318.0,302.0,318.0,332.0
2026-01-13 21:30:00,formal_winter_event_2026,318.0,302.0,318.0,334.0
2026-01-13 22:00:00,formal_winter_event_2026,318.0,302.0,318.0,332.0
2026-01-13 22:30:00,formal_winter_event_2026,320.0,304.0,320.0,334.0
2026-01-13 23:00:00,formal_winter_event_2026,336.0,318.0,336.0,354.0
2026-01-13 23:30:00,formal_winter_event_2026,330.0,312.0,330.0,346.0
2026-01-14 00:00:00,formal_winter_event_2026,314.0,298.0,314.0,330.0
2026-01-14 00:30:00,formal_winter_event_2026,314.0,308.0,314.0,318.0
2026-01-14 01:00:00,formal_winter_event_2026,318.0,310.0,318.0,324.0
2026-01-14 01:30:00,formal_winter_event_2026,316.0,308.0,316.0,322.0
2026-01-14 02:00:00,formal_winter_event_2026,316.0,308.0,316.0,324.0
2026-01-14 02:30:00,formal_winter_event_2026,318.0,308.0,318.0,326.0
2026-01-14 03:00:00,formal_winter_event_2026,316.0,308.0,316.0,324.0
2026-01-14 03:30:00,formal_winter_event_2026,316.0,308.0,316.0,324.0
2026-01-14 04:00:00,formal_winter_event_2026,314.0,306.0,314.0,322.0
2026-01-14 04:30:00,formal_winter_event_2026,314.0,306.0,314.0,322.0
2026-01-14 05:00:00,formal_winter_event_2026,312.0,304.0,312.0,322.0
2026-01-14 05:30:00,formal_winter_event_2026,316.0,308.0,316.0,326.0
2026-01-14 06:00:00,formal_winter_event_2026,322.0,312.0,322.0,330.0
2026-01-14 06:30:00,formal_winter_event_2026,328.0,318.0,328.0,338.0
2026-01-14 07:00:00,formal_winter_event_2026,336.0,326.0,336.0,346.0
2026-01-14 07:30:00,formal_winter_event_2026,352.0,338.0,352.0,366.0
2026-01-14 08:00:00,formal_winter_event_2026,364.0,350.0,364.0,382.0
2026-01-14 08:30:00,formal_winter_event_2026,346.0,332.0,346.0,366.0
2026-01-14 09:00:00,formal_winter_event_2026,330.0,316.0,330.0,348.0
2026-01-14 09:30:00,formal_winter_event_2026,316.0,302.0,316.0,330.0
2026-01-14 10:00:00,formal_winter_event_2026,310.0,296.0,310.0,322.0
2026-01-14 10:30:00,formal_winter_event_2026,296.0,278.0,296.0,308.0
2026-01-14 11:00:00,formal_winter_event_2026,290.0,268.0,290.0,310.0
2026-01-14 11:30:00,formal_winter_event_2026,334.0,290.0,334.0,402.0
2026-01-14 12:00:00,formal_winter_event_2026,288.0,264.0,288.0,316.0
2026-01-14 12:30:00,formal_winter_event_2026,290.0,272.0,290.0,308.0
2026-01-14 13:00:00,formal_winter_event_2026,290.0,272.0,290.0,310.0
2026-01-14 13:30:00,formal_winter_event_2026,264.0,239.0,264.0,284.0
2026-01-14 14:00:00,formal_winter_event_2026,284.0,264.0,284.0,302.0
2026-01-14 14:30:00,formal_winter_event_2026,294.0,274.0,294.0,312.0
2026-01-14 15:00:00,formal_winter_event_2026,304.0,282.0,304.0,328.0
2026-01-14 15:30:00,formal_winter_event_2026,276.0,254.0,276.0,298.0
2026-01-14 16:00:00,formal_winter_event_2026,318.0,302.0,318.0,332.0
2026-01-14 16:30:00,formal_winter_event_2026,320.0,306.0,320.0,332.0
2026-01-14 17:00:00,formal_winter_event_2026,316.0,306.0,316.0,328.0
2026-01-14 17:30:00,formal_winter_event_2026,314.0,304.0,314.0,324.0
2026-01-14 18:00:00,formal_winter_event_2026,318.0,306.0,318.0,328.0
2026-01-14 18:30:00,formal_winter_event_2026,316.0,304.0,316.0,326.0
2026-01-14 19:00:00,formal_winter_event_2026,312.0,300.0,312.0,322.0
2026-01-14 19:30:00,formal_winter_event_2026,302.0,290.0,302.0,312.0
2026-01-14 20:00:00,formal_winter_event_2026,302.0,290.0,302.0,312.0
2026-01-14 20:30:00,formal_winter_event_2026,304.0,292.0,304.0,314.0
2026-01-14 21:00:00,formal_winter_event_2026,308.0,296.0,308.0,318.0
2026-01-14 21:30:00,formal_winter_event_2026,310.0,300.0,310.0,322.0
2026-01-14 22:00:00,formal_winter_event_2026,310.0,298.0,310.0,320.0
2026-01-14 22:30:00,formal_winter_event_2026,316.0,304.0,316.0,326.0
2026-01-14 23:00:00,formal_winter_event_2026,326.0,314.0,326.0,336.0
2026-01-14 23:30:00,formal_winter_event_2026,320.0,310.0,320.0,332.0
2026-01-15 00:00:00,formal_winter_event_2026,312.0,302.0,312.0,324.0
2026-01-15 00:30:00,formal_winter_event_2026,298.0,288.0,298.0,302.0
2026-01-15 01:00:00,formal_winter_event_2026,296.0,286.0,296.0,304.0
2026-01-15 01:30:00,formal_winter_event_2026,294.0,282.0,294.0,300.0
2026-01-15 02:00:00,formal_winter_event_2026,294.0,282.0,294.0,302.0
2026-01-15 02:30:00,formal_winter_event_2026,302.0,290.0,302.0,310.0
2026-01-15 03:00:00,formal_winter_event_2026,302.0,292.0,302.0,310.0
2026-01-15 03:30:00,formal_winter_event_2026,302.0,292.0,302.0,310.0
2026-01-15 04:00:00,formal_winter_event_2026,304.0,294.0,304.0,312.0
2026-01-15 04:30:00,formal_winter_event_2026,302.0,292.0,302.0,312.0
2026-01-15 05:00:00,formal_winter_event_2026,304.0,292.0,304.0,312.0
2026-01-15 05:30:00,formal_winter_event_2026,306.0,294.0,306.0,314.0
2026-01-15 06:00:00,formal_winter_event_2026,312.0,302.0,312.0,322.0
2026-01-15 06:30:00,formal_winter_event_2026,314.0,302.0,314.0,324.0
2026-01-15 07:00:00,formal_winter_event_2026,330.0,318.0,330.0,342.0
2026-01-15 07:30:00,formal_winter_event_2026,348.0,330.0,348.0,364.0
2026-01-15 08:00:00,formal_winter_event_2026,356.0,332.0,356.0,376.0
2026-01-15 08:30:00,formal_winter_event_2026,340.0,326.0,340.0,360.0
2026-01-15 09:00:00,formal_winter_event_2026,324.0,306.0,324.0,340.0
2026-01-15 09:30:00,formal_winter_event_2026,310.0,290.0,310.0,326.0
2026-01-15 10:00:00,formal_winter_event_2026,310.0,290.0,310.0,324.0
2026-01-15 10:30:00,formal_winter_event_2026,308.0,288.0,308.0,324.0
2026-01-15 11:00:00,formal_winter_event_2026,304.0,278.0,304.0,328.0
2026-01-15 11:30:00,formal_winter_event_2026,340.0,288.0,340.0,420.0
2026-01-15 12:00:00,formal_winter_event_2026,298.0,260.0,298.0,328.0
2026-01-15 12:30:00,formal_winter_event_2026,302.0,276.0,302.0,324.0
2026-01-15 13:00:00,formal_winter_event_2026,310.0,286.0,310.0,332.0
2026-01-15 13:30:00,formal_winter_event_2026,260.0,218.0,260.0,290.0
2026-01-15 14:00:00,formal_winter_event_2026,298.0,270.0,298.0,318.0
2026-01-15 14:30:00,formal_winter_event_2026,302.0,276.0,302.0,324.0
2026-01-15 15:00:00,formal_winter_event_2026,306.0,274.0,306.0,336.0
2026-01-15 15:30:00,formal_winter_event_2026,286.0,252.0,286.0,312.0
2026-01-15 16:00:00,formal_winter_event_2026,316.0,296.0,316.0,336.0
2026-01-15 16:30:00,formal_winter_event_2026,310.0,292.0,310.0,324.0
2026-01-15 17:00:00,formal_winter_event_2026,306.0,290.0,306.0,320.0
2026-01-15 17:30:00,formal_winter_event_2026,310.0,294.0,310.0,320.0
2026-01-15 18:00:00,formal_winter_event_2026,308.0,294.0,308.0,320.0
2026-01-15 18:30:00,formal_winter_event_2026,310.0,294.0,310.0,322.0
2026-01-15 19:00:00,formal_winter_event_2026,308.0,292.0,308.0,320.0
2026-01-15 19:30:00,formal_winter_event_2026,298.0,282.0,298.0,310.0
2026-01-15 20:00:00,formal_winter_event_2026,292.0,276.0,292.0,306.0
2026-01-15 20:30:00,formal_winter_event_2026,294.0,276.0,294.0,308.0
2026-01-15 21:00:00,formal_winter_event_2026,296.0,280.0,296.0,310.0
2026-01-15 21:30:00,formal_winter_event_2026,298.0,282.0,298.0,310.0
2026-01-15 22:00:00,formal_winter_event_2026,294.0,278.0,294.0,308.0
2026-01-15 22:30:00,formal_winter_event_2026,308.0,294.0,308.0,320.0
2026-01-15 23:00:00,formal_winter_event_2026,314.0,302.0,314.0,326.0
2026-01-15 23:30:00,formal_winter_event_2026,312.0,298.0,312.0,324.0
2026-01-16 00:00:00,formal_winter_event_2026,302.0,288.0,302.0,314.0
2026-01-16 00:30:00,formal_winter_event_2026,308.0,300.0,308.0,314.0
2026-01-16 01:00:00,formal_winter_event_2026,304.0,294.0,304.0,312.0
2026-01-16 01:30:00,formal_winter_event_2026,306.0,296.0,306.0,314.0
2026-01-16 02:00:00,formal_winter_event_2026,306.0,296.0,306.0,314.0
2026-01-16 02:30:00,formal_winter_event_2026,314.0,304.0,314.0,320.0
2026-01-16 03:00:00,formal_winter_event_2026,312.0,302.0,312.0,318.0
2026-01-16 03:30:00,formal_winter_event_2026,312.0,302.0,312.0,318.0
2026-01-16 04:00:00,formal_winter_event_2026,312.0,302.0,312.0,318.0
2026-01-16 04:30:00,formal_winter_event_2026,310.0,302.0,310.0,316.0
2026-01-16 05:00:00,formal_winter_event_2026,310.0,302.0,310.0,316.0
2026-01-16 05:30:00,formal_winter_event_2026,314.0,304.0,314.0,320.0
2026-01-16 06:00:00,formal_winter_event_2026,318.0,308.0,318.0,324.0
2026-01-16 06:30:00,formal_winter_event_2026,322.0,312.0,322.0,330.0
2026-01-16 07:00:00,formal_winter_event_2026,338.0,326.0,338.0,348.0
2026-01-16 07:30:00,formal_winter_event_2026,342.0,330.0,342.0,356.0
2026-01-16 08:00:00,formal_winter_event_2026,354.0,338.0,354.0,370.0
2026-01-16 08:30:00,formal_winter_event_2026,336.0,324.0,336.0,350.0
2026-01-16 09:00:00,formal_winter_event_2026,330.0,316.0,330.0,346.0
2026-01-16 09:30:00,formal_winter_event_2026,320.0,304.0,320.0,332.0
2026-01-16 10:00:00,formal_winter_event_2026,316.0,300.0,316.0,330.0
2026-01-16 10:30:00,formal_winter_event_2026,314.0,296.0,314.0,330.0
2026-01-16 11:00:00,formal_winter_event_2026,302.0,282.0,302.0,320.0
2026-01-16 11:30:00,formal_winter_event_2026,430.0,388.0,430.0,494.0
2026-01-16 12:00:00,formal_winter_event_2026,282.0,258.0,282.0,304.0
2026-01-16 12:30:00,formal_winter_event_2026,306.0,288.0,306.0,322.0
2026-01-16 13:00:00,formal_winter_event_2026,314.0,294.0,314.0,328.0
2026-01-16 13:30:00,formal_winter_event_2026,312.0,292.0,312.0,328.0
2026-01-16 14:00:00,formal_winter_event_2026,316.0,298.0,316.0,330.0
2026-01-16 14:30:00,formal_winter_event_2026,326.0,306.0,326.0,344.0
2026-01-16 15:00:00,formal_winter_event_2026,322.0,302.0,322.0,344.0
2026-01-16 15:30:00,formal_winter_event_2026,310.0,288.0,310.0,328.0
2026-01-16 16:00:00,formal_winter_event_2026,330.0,312.0,330.0,346.0
2026-01-16 16:30:00,formal_winter_event_2026,322.0,308.0,322.0,332.0
2026-01-16 17:00:00,formal_winter_event_2026,316.0,302.0,316.0,324.0
2026-01-16 17:30:00,formal_winter_event_2026,318.0,304.0,318.0,326.0
2026-01-16 18:00:00,formal_winter_event_2026,320.0,308.0,320.0,332.0
2026-01-16 18:30:00,formal_winter_event_2026,322.0,308.0,322.0,332.0
2026-01-16 19:00:00,formal_winter_event_2026,316.0,302.0,316.0,326.0
2026-01-16 19:30:00,formal_winter_event_2026,310.0,294.0,310.0,322.0
2026-01-16 20:00:00,formal_winter_event_2026,308.0,290.0,308.0,320.0
2026-01-16 20:30:00,formal_winter_event_2026,310.0,294.0,310.0,320.0
2026-01-16 21:00:00,formal_winter_event_2026,308.0,292.0,308.0,318.0
2026-01-16 21:30:00,formal_winter_event_2026,308.0,294.0,308.0,318.0
2026-01-16 22:00:00,formal_winter_event_2026,310.0,296.0,310.0,318.0
2026-01-16 22:30:00,formal_winter_event_2026,310.0,296.0,310.0,320.0
2026-01-16 23:00:00,formal_winter_event_2026,322.0,308.0,322.0,332.0
2026-01-16 23:30:00,formal_winter_event_2026,318.0,304.0,318.0,328.0
2026-01-17 00:00:00,formal_winter_event_2026,306.0,286.0,306.0,316.0
2026-01-17 00:30:00,formal_winter_event_2026,326.0,320.0,326.0,332.0
2026-01-17 01:00:00,formal_winter_event_2026,326.0,320.0,326.0,332.0
2026-01-17 01:30:00,formal_winter_event_2026,324.0,318.0,324.0,330.0
2026-01-17 02:00:00,formal_winter_event_2026,324.0,318.0,324.0,330.0
2026-01-17 02:30:00,formal_winter_event_2026,324.0,318.0,324.0,330.0
2026-01-17 03:00:00,formal_winter_event_2026,324.0,318.0,324.0,330.0
2026-01-17 03:30:00,formal_winter_event_2026,320.0,314.0,320.0,326.0
2026-01-17 04:00:00,formal_winter_event_2026,318.0,312.0,318.0,324.0
2026-01-17 04:30:00,formal_winter_event_2026,318.0,312.0,318.0,324.0
2026-01-17 05:00:00,formal_winter_event_2026,318.0,310.0,318.0,324.0
2026-01-17 05:30:00,formal_winter_event_2026,322.0,314.0,322.0,328.0
2026-01-17 06:00:00,formal_winter_event_2026,328.0,320.0,328.0,334.0
2026-01-17 06:30:00,formal_winter_event_2026,332.0,324.0,332.0,340.0
2026-01-17 07:00:00,formal_winter_event_2026,342.0,332.0,342.0,350.0
2026-01-17 07:30:00,formal_winter_event_2026,356.0,342.0,356.0,368.0
2026-01-17 08:00:00,formal_winter_event_2026,360.0,346.0,360.0,378.0
2026-01-17 08:30:00,formal_winter_event_2026,352.0,338.0,352.0,370.0
2026-01-17 09:00:00,formal_winter_event_2026,348.0,334.0,348.0,366.0
2026-01-17 09:30:00,formal_winter_event_2026,340.0,324.0,340.0,356.0
2026-01-17 10:00:00,formal_winter_event_2026,340.0,322.0,340.0,362.0
2026-01-17 10:30:00,formal_winter_event_2026,336.0,316.0,336.0,364.0
2026-01-17 11:00:00,formal_winter_event_2026,302.0,266.0,302.0,332.0
2026-01-17 11:30:00,formal_winter_event_2026,436.0,374.0,436.0,528.0
2026-01-17 12:00:00,formal_winter_event_2026,298.0,262.0,298.0,320.0
2026-01-17 12:30:00,formal_winter_event_2026,322.0,306.0,322.0,336.0
2026-01-17 13:00:00,formal_winter_event_2026,326.0,310.0,326.0,340.0
2026-01-17 13:30:00,formal_winter_event_2026,318.0,302.0,318.0,330.0
2026-01-17 14:00:00,formal_winter_event_2026,322.0,306.0,322.0,334.0
2026-01-17 14:30:00,formal_winter_event_2026,334.0,320.0,334.0,350.0
2026-01-17 15:00:00,formal_winter_event_2026,330.0,316.0,330.0,346.0
2026-01-17 15:30:00,formal_winter_event_2026,326.0,310.0,326.0,338.0
2026-01-17 16:00:00,formal_winter_event_2026,340.0,326.0,340.0,358.0
2026-01-17 16:30:00,formal_winter_event_2026,330.0,322.0,330.0,340.0
2026-01-17 17:00:00,formal_winter_event_2026,326.0,316.0,326.0,334.0
2026-01-17 17:30:00,formal_winter_event_2026,328.0,318.0,328.0,336.0
2026-01-17 18:00:00,formal_winter_event_2026,330.0,320.0,330.0,340.0
2026-01-17 18:30:00,formal_winter_event_2026,328.0,318.0,328.0,340.0
2026-01-17 19:00:00,formal_winter_event_2026,324.0,312.0,324.0,334.0
2026-01-17 19:30:00,formal_winter_event_2026,316.0,306.0,316.0,326.0
2026-01-17 20:00:00,formal_winter_event_2026,316.0,304.0,316.0,324.0
2026-01-17 20:30:00,formal_winter_event_2026,316.0,306.0,316.0,326.0
2026-01-17 21:00:00,formal_winter_event_2026,316.0,306.0,316.0,324.0
2026-01-17 21:30:00,formal_winter_event_2026,316.0,306.0,316.0,326.0
2026-01-17 22:00:00,formal_winter_event_2026,318.0,308.0,318.0,328.0
2026-01-17 22:30:00,formal_winter_event_2026,318.0,308.0,318.0,328.0
2026-01-17 23:00:00,formal_winter_event_2026,332.0,322.0,332.0,342.0
2026-01-17 23:30:00,formal_winter_event_2026,332.0,320.0,332.0,344.0
2026-01-18 00:00:00,formal_winter_event_2026,324.0,312.0,324.0,334.0
2026-01-18 00:30:00,formal_winter_event_2026,318.0,312.0,318.0,322.0
2026-01-18 01:00:00,formal_winter_event_2026,316.0,310.0,316.0,322.0
2026-01-18 01:30:00,formal_winter_event_2026,314.0,308.0,314.0,318.0
2026-01-18 02:00:00,formal_winter_event_2026,312.0,306.0,312.0,316.0
2026-01-18 02:30:00,formal_winter_event_2026,314.0,308.0,314.0,318.0
2026-01-18 03:00:00,formal_winter_event_2026,314.0,308.0,314.0,318.0
2026-01-18 03:30:00,formal_winter_event_2026,312.0,306.0,312.0,316.0
2026-01-18 04:00:00,formal_winter_event_2026,310.0,306.0,310.0,314.0
2026-01-18 04:30:00,formal_winter_event_2026,310.0,304.0,310.0,314.0
2026-01-18 05:00:00,formal_winter_event_2026,308.0,302.0,308.0,312.0
2026-01-18 05:30:00,formal_winter_event_2026,310.0,302.0,310.0,314.0
2026-01-18 06:00:00,formal_winter_event_2026,310.0,304.0,310.0,316.0
2026-01-18 06:30:00,formal_winter_event_2026,312.0,306.0,312.0,318.0
2026-01-18 07:00:00,formal_winter_event_2026,316.0,308.0,316.0,322.0
2026-01-18 07:30:00,formal_winter_event_2026,324.0,314.0,324.0,336.0
2026-01-18 08:00:00,formal_winter_event_2026,328.0,314.0,328.0,344.0
2026-01-18 08:30:00,formal_winter_event_2026,314.0,298.0,314.0,330.0
2026-01-18 09:00:00,formal_winter_event_2026,312.0,292.0,312.0,328.0
2026-01-18 09:30:00,formal_winter_event_2026,306.0,284.0,306.0,324.0
2026-01-18 10:00:00,formal_winter_event_2026,318.0,296.0,318.0,342.0
2026-01-18 10:30:00,formal_winter_event_2026,314.0,288.0,314.0,354.0
2026-01-18 11:00:00,formal_winter_event_2026,288.0,233.0,288.0,364.0
2026-01-18 11:30:00,formal_winter_event_2026,364.0,282.0,364.0,684.0
2026-01-18 12:00:00,formal_winter_event_2026,294.0,246.0,294.0,388.0
2026-01-18 12:30:00,formal_winter_event_2026,318.0,282.0,318.0,416.0
2026-01-18 13:00:00,formal_winter_event_2026,326.0,282.0,326.0,440.0
2026-01-18 13:30:00,formal_winter_event_2026,304.0,272.0,304.0,350.0
2026-01-18 14:00:00,formal_winter_event_2026,310.0,286.0,310.0,332.0
2026-01-18 14:30:00,formal_winter_event_2026,314.0,290.0,314.0,338.0
2026-01-18 15:00:00,formal_winter_event_2026,314.0,286.0,314.0,340.0
2026-01-18 15:30:00,formal_winter_event_2026,294.0,268.0,294.0,314.0
2026-01-18 16:00:00,formal_winter_event_2026,312.0,290.0,312.0,328.0
2026-01-18 16:30:00,formal_winter_event_2026,312.0,304.0,312.0,318.0
2026-01-18 17:00:00,formal_winter_event_2026,312.0,304.0,312.0,318.0
2026-01-18 17:30:00,formal_winter_event_2026,314.0,306.0,314.0,320.0
2026-01-18 18:00:00,formal_winter_event_2026,316.0,308.0,316.0,322.0
2026-01-18 18:30:00,formal_winter_event_2026,314.0,306.0,314.0,320.0
2026-01-18 19:00:00,formal_winter_event_2026,312.0,304.0,312.0,316.0
2026-01-18 19:30:00,formal_winter_event_2026,306.0,298.0,306.0,312.0
2026-01-18 20:00:00,formal_winter_event_2026,306.0,298.0,306.0,312.0
2026-01-18 20:30:00,formal_winter_event_2026,308.0,300.0,308.0,312.0
2026-01-18 21:00:00,formal_winter_event_2026,310.0,302.0,310.0,314.0
2026-01-18 21:30:00,formal_winter_event_2026,310.0,302.0,310.0,314.0
2026-01-18 22:00:00,formal_winter_event_2026,312.0,304.0,312.0,316.0
2026-01-18 22:30:00,formal_winter_event_2026,314.0,306.0,314.0,318.0
2026-01-18 23:00:00,formal_winter_event_2026,322.0,314.0,322.0,328.0
2026-01-18 23:30:00,formal_winter_event_2026,320.0,312.0,320.0,328.0
2026-01-19 00:00:00,formal_winter_event_2026,316.0,308.0,316.0,322.0
2026-01-19 00:30:00,formal_winter_event_2026,314.0,306.0,314.0,322.0
2026-01-19 01:00:00,formal_winter_event_2026,322.0,312.0,322.0,334.0
2026-01-19 01:30:00,formal_winter_event_2026,324.0,314.0,324.0,334.0
2026-01-19 02:00:00,formal_winter_event_2026,320.0,310.0,320.0,330.0
2026-01-19 02:30:00,formal_winter_event_2026,320.0,310.0,320.0,328.0
2026-01-19 03:00:00,formal_winter_event_2026,318.0,308.0,318.0,326.0
2026-01-19 03:30:00,formal_winter_event_2026,316.0,306.0,316.0,324.0
2026-01-19 04:00:00,formal_winter_event_2026,316.0,306.0,316.0,324.0
2026-01-19 04:30:00,formal_winter_event_2026,314.0,304.0,314.0,322.0
2026-01-19 05:00:00,formal_winter_event_2026,314.0,304.0,314.0,322.0
2026-01-19 05:30:00,formal_winter_event_2026,314.0,304.0,314.0,322.0
2026-01-19 06:00:00,formal_winter_event_2026,320.0,310.0,320.0,330.0
2026-01-19 06:30:00,formal_winter_event_2026,322.0,310.0,322.0,334.0
2026-01-19 07:00:00,formal_winter_event_2026,332.0,316.0,332.0,350.0
2026-01-19 07:30:00,formal_winter_event_2026,334.0,316.0,334.0,356.0
2026-01-19 08:00:00,formal_winter_event_2026,342.0,322.0,342.0,372.0
2026-01-19 08:30:00,formal_winter_event_2026,330.0,312.0,330.0,346.0
2026-01-19 09:00:00,formal_winter_event_2026,324.0,300.0,324.0,346.0
2026-01-19 09:30:00,formal_winter_event_2026,336.0,310.0,336.0,366.0
2026-01-19 10:00:00,formal_winter_event_2026,340.0,314.0,340.0,374.0
2026-01-19 10:30:00,formal_winter_event_2026,340.0,304.0,340.0,402.0
2026-01-19 11:00:00,formal_winter_event_2026,310.0,244.0,310.0,410.0
2026-01-19 11:30:00,formal_winter_event_2026,418.0,328.0,418.0,792.0
2026-01-19 12:00:00,formal_winter_event_2026,322.0,278.0,322.0,416.0
2026-01-19 12:30:00,formal_winter_event_2026,366.0,322.0,366.0,506.0
2026-01-19 13:00:00,formal_winter_event_2026,354.0,308.0,354.0,476.0
2026-01-19 13:30:00,formal_winter_event_2026,342.0,310.0,342.0,396.0
2026-01-19 14:00:00,formal_winter_event_2026,342.0,314.0,342.0,372.0
2026-01-19 14:30:00,formal_winter_event_2026,344.0,322.0,344.0,376.0
2026-01-19 15:00:00,formal_winter_event_2026,348.0,316.0,348.0,394.0
2026-01-19 15:30:00,formal_winter_event_2026,328.0,304.0,328.0,350.0
2026-01-19 16:00:00,formal_winter_event_2026,332.0,308.0,332.0,354.0
2026-01-19 16:30:00,formal_winter_event_2026,320.0,308.0,320.0,332.0
2026-01-19 17:00:00,formal_winter_event_2026,318.0,306.0,318.0,330.0
2026-01-19 17:30:00,formal_winter_event_2026,320.0,308.0,320.0,332.0
2026-01-19 18:00:00,formal_winter_event_2026,322.0,310.0,322.0,338.0
2026-01-19 18:30:00,formal_winter_event_2026,324.0,312.0,324.0,340.0
2026-01-19 19:00:00,formal_winter_event_2026,324.0,312.0,324.0,340.0
2026-01-19 19:30:00,formal_winter_event_2026,320.0,308.0,320.0,334.0
2026-01-19 20:00:00,formal_winter_event_2026,318.0,306.0,318.0,332.0
2026-01-19 20:30:00,formal_winter_event_2026,320.0,308.0,320.0,330.0
2026-01-19 21:00:00,formal_winter_event_2026,320.0,310.0,320.0,332.0
2026-01-19 21:30:00,formal_winter_event_2026,320.0,310.0,320.0,332.0
2026-01-19 22:00:00,formal_winter_event_2026,318.0,310.0,318.0,330.0
2026-01-19 22:30:00,formal_winter_event_2026,320.0,308.0,320.0,330.0
2026-01-19 23:00:00,formal_winter_event_2026,324.0,312.0,324.0,338.0
2026-01-19 23:30:00,formal_winter_event_2026,320.0,308.0,320.0,332.0
2026-01-20 00:00:00,formal_winter_event_2026,316.0,304.0,316.0,328.0
2026-01-20 00:30:00,formal_winter_event_2026,308.0,302.0,308.0,314.0
2026-01-20 01:00:00,formal_winter_event_2026,312.0,306.0,312.0,320.0
2026-01-20 01:30:00,formal_winter_event_2026,314.0,306.0,314.0,322.0
2026-01-20 02:00:00,formal_winter_event_2026,312.0,304.0,312.0,320.0
2026-01-20 02:30:00,formal_winter_event_2026,312.0,302.0,312.0,320.0
2026-01-20 03:00:00,formal_winter_event_2026,308.0,298.0,308.0,316.0
2026-01-20 03:30:00,formal_winter_event_2026,304.0,296.0,304.0,314.0
2026-01-20 04:00:00,formal_winter_event_2026,302.0,292.0,302.0,310.0
2026-01-20 04:30:00,formal_winter_event_2026,298.0,286.0,298.0,308.0
2026-01-20 05:00:00,formal_winter_event_2026,298.0,286.0,298.0,308.0
2026-01-20 05:30:00,formal_winter_event_2026,302.0,290.0,302.0,312.0
2026-01-20 06:00:00,formal_winter_event_2026,306.0,296.0,306.0,318.0
2026-01-20 06:30:00,formal_winter_event_2026,312.0,298.0,312.0,322.0
2026-01-20 07:00:00,formal_winter_event_2026,320.0,306.0,320.0,332.0
2026-01-20 07:30:00,formal_winter_event_2026,334.0,320.0,334.0,352.0
2026-01-20 08:00:00,formal_winter_event_2026,340.0,324.0,340.0,360.0
2026-01-20 08:30:00,formal_winter_event_2026,328.0,310.0,328.0,344.0
2026-01-20 09:00:00,formal_winter_event_2026,334.0,310.0,334.0,356.0
2026-01-20 09:30:00,formal_winter_event_2026,336.0,312.0,336.0,356.0
2026-01-20 10:00:00,formal_winter_event_2026,340.0,318.0,340.0,366.0
2026-01-20 10:30:00,formal_winter_event_2026,346.0,314.0,346.0,394.0
2026-01-20 11:00:00,formal_winter_event_2026,328.0,288.0,328.0,396.0
2026-01-20 11:30:00,formal_winter_event_2026,528.0,390.0,528.0,828.0
2026-01-20 12:00:00,formal_winter_event_2026,348.0,308.0,348.0,450.0
2026-01-20 12:30:00,formal_winter_event_2026,390.0,338.0,390.0,532.0
2026-01-20 13:00:00,formal_winter_event_2026,382.0,326.0,382.0,516.0
2026-01-20 13:30:00,formal_winter_event_2026,362.0,326.0,362.0,434.0
2026-01-20 14:00:00,formal_winter_event_2026,360.0,330.0,360.0,402.0
2026-01-20 14:30:00,formal_winter_event_2026,366.0,334.0,366.0,414.0
2026-01-20 15:00:00,formal_winter_event_2026,364.0,330.0,364.0,422.0
2026-01-20 15:30:00,formal_winter_event_2026,346.0,324.0,346.0,372.0
2026-01-20 16:00:00,formal_winter_event_2026,346.0,324.0,346.0,366.0
2026-01-20 16:30:00,formal_winter_event_2026,336.0,318.0,336.0,356.0
2026-01-20 17:00:00,formal_winter_event_2026,328.0,312.0,328.0,346.0
2026-01-20 17:30:00,formal_winter_event_2026,330.0,316.0,330.0,350.0
2026-01-20 18:00:00,formal_winter_event_2026,338.0,322.0,338.0,356.0
2026-01-20 18:30:00,formal_winter_event_2026,340.0,324.0,340.0,360.0
2026-01-20 19:00:00,formal_winter_event_2026,338.0,322.0,338.0,360.0
2026-01-20 19:30:00,formal_winter_event_2026,334.0,318.0,334.0,354.0
2026-01-20 20:00:00,formal_winter_event_2026,332.0,316.0,332.0,348.0
2026-01-20 20:30:00,formal_winter_event_2026,332.0,318.0,332.0,348.0
2026-01-20 21:00:00,formal_winter_event_2026,330.0,316.0,330.0,346.0
2026-01-20 21:30:00,formal_winter_event_2026,328.0,314.0,328.0,342.0
2026-01-20 22:00:00,formal_winter_event_2026,320.0,308.0,320.0,334.0
2026-01-20 22:30:00,formal_winter_event_2026,318.0,306.0,318.0,332.0
2026-01-20 23:00:00,formal_winter_event_2026,322.0,310.0,322.0,336.0
2026-01-20 23:30:00,formal_winter_event_2026,318.0,306.0,318.0,332.0
2026-01-21 00:00:00,formal_winter_event_2026,314.0,302.0,314.0,326.0
2026-01-21 00:30:00,formal_winter_event_2026,330.0,322.0,330.0,338.0
2026-01-21 01:00:00,formal_winter_event_2026,342.0,332.0,342.0,352.0
2026-01-21 01:30:00,formal_winter_event_2026,344.0,334.0,344.0,354.0
2026-01-21 02:00:00,formal_winter_event_2026,342.0,330.0,342.0,352.0
2026-01-21 02:30:00,formal_winter_event_2026,338.0,328.0,338.0,350.0
2026-01-21 03:00:00,formal_winter_event_2026,332.0,322.0,332.0,344.0
2026-01-21 03:30:00,formal_winter_event_2026,326.0,316.0,326.0,336.0
2026-01-21 04:00:00,formal_winter_event_2026,320.0,312.0,320.0,332.0
2026-01-21 04:30:00,formal_winter_event_2026,320.0,310.0,320.0,330.0
2026-01-21 05:00:00,formal_winter_event_2026,318.0,308.0,318.0,328.0
2026-01-21 05:30:00,formal_winter_event_2026,322.0,312.0,322.0,332.0
2026-01-21 06:00:00,formal_winter_event_2026,330.0,320.0,330.0,342.0
2026-01-21 06:30:00,formal_winter_event_2026,334.0,322.0,334.0,346.0
2026-01-21 07:00:00,formal_winter_event_2026,342.0,328.0,342.0,356.0
2026-01-21 07:30:00,formal_winter_event_2026,362.0,346.0,362.0,386.0
2026-01-21 08:00:00,formal_winter_event_2026,364.0,344.0,364.0,392.0
2026-01-21 08:30:00,formal_winter_event_2026,358.0,342.0,358.0,376.0
2026-01-21 09:00:00,formal_winter_event_2026,364.0,346.0,364.0,396.0
2026-01-21 09:30:00,formal_winter_event_2026,362.0,346.0,362.0,380.0
2026-01-21 10:00:00,formal_winter_event_2026,364.0,350.0,364.0,380.0
2026-01-21 10:30:00,formal_winter_event_2026,368.0,350.0,368.0,390.0
2026-01-21 11:00:00,formal_winter_event_2026,372.0,348.0,372.0,420.0
2026-01-21 11:30:00,formal_winter_event_2026,460.0,388.0,460.0,628.0
2026-01-21 12:00:00,formal_winter_event_2026,372.0,350.0,372.0,424.0
2026-01-21 12:30:00,formal_winter_event_2026,390.0,362.0,390.0,446.0
2026-01-21 13:00:00,formal_winter_event_2026,396.0,368.0,396.0,462.0
2026-01-21 13:30:00,formal_winter_event_2026,380.0,358.0,380.0,414.0
2026-01-21 14:00:00,formal_winter_event_2026,374.0,356.0,374.0,396.0
2026-01-21 14:30:00,formal_winter_event_2026,378.0,356.0,378.0,404.0
2026-01-21 15:00:00,formal_winter_event_2026,386.0,356.0,386.0,442.0
2026-01-21 15:30:00,formal_winter_event_2026,362.0,344.0,362.0,382.0
2026-01-21 16:00:00,formal_winter_event_2026,372.0,354.0,372.0,388.0
2026-01-21 16:30:00,formal_winter_event_2026,376.0,356.0,376.0,402.0
2026-01-21 17:00:00,formal_winter_event_2026,366.0,346.0,366.0,388.0
2026-01-21 17:30:00,formal_winter_event_2026,364.0,344.0,364.0,386.0
2026-01-21 18:00:00,formal_winter_event_2026,372.0,352.0,372.0,396.0
2026-01-21 18:30:00,formal_winter_event_2026,374.0,352.0,374.0,402.0
2026-01-21 19:00:00,formal_winter_event_2026,374.0,352.0,374.0,404.0
2026-01-21 19:30:00,formal_winter_event_2026,364.0,342.0,364.0,390.0
2026-01-21 20:00:00,formal_winter_event_2026,360.0,338.0,360.0,386.0
2026-01-21 20:30:00,formal_winter_event_2026,360.0,340.0,360.0,382.0
2026-01-21 21:00:00,formal_winter_event_2026,362.0,342.0,362.0,384.0
2026-01-21 21:30:00,formal_winter_event_2026,364.0,344.0,364.0,384.0
2026-01-21 22:00:00,formal_winter_event_2026,356.0,336.0,356.0,374.0
2026-01-21 22:30:00,formal_winter_event_2026,360.0,342.0,360.0,380.0
2026-01-21 23:00:00,formal_winter_event_2026,370.0,350.0,370.0,394.0
2026-01-21 23:30:00,formal_winter_event_2026,360.0,340.0,360.0,382.0
2026-01-22 00:00:00,formal_winter_event_2026,354.0,334.0,354.0,374.0
2026-01-22 00:30:00,formal_winter_event_2026,332.0,324.0,332.0,338.0
2026-01-22 01:00:00,formal_winter_event_2026,332.0,324.0,332.0,342.0
2026-01-22 01:30:00,formal_winter_event_2026,336.0,326.0,336.0,348.0
2026-01-22 02:00:00,formal_winter_event_2026,336.0,324.0,336.0,348.0
2026-01-22 02:30:00,formal_winter_event_2026,332.0,318.0,332.0,344.0
2026-01-22 03:00:00,formal_winter_event_2026,330.0,314.0,330.0,342.0
2026-01-22 03:30:00,formal_winter_event_2026,328.0,312.0,328.0,342.0
2026-01-22 04:00:00,formal_winter_event_2026,320.0,304.0,320.0,334.0
2026-01-22 04:30:00,formal_winter_event_2026,320.0,304.0,320.0,334.0
2026-01-22 05:00:00,formal_winter_event_2026,320.0,304.0,320.0,334.0
2026-01-22 05:30:00,formal_winter_event_2026,324.0,306.0,324.0,340.0
2026-01-22 06:00:00,formal_winter_event_2026,336.0,318.0,336.0,352.0
2026-01-22 06:30:00,formal_winter_event_2026,342.0,324.0,342.0,360.0
2026-01-22 07:00:00,formal_winter_event_2026,348.0,326.0,348.0,366.0
2026-01-22 07:30:00,formal_winter_event_2026,352.0,330.0,352.0,372.0
2026-01-22 08:00:00,formal_winter_event_2026,350.0,326.0,350.0,370.0
2026-01-22 08:30:00,formal_winter_event_2026,342.0,322.0,342.0,366.0
2026-01-22 09:00:00,formal_winter_event_2026,338.0,316.0,338.0,362.0
2026-01-22 09:30:00,formal_winter_event_2026,336.0,314.0,336.0,362.0
2026-01-22 10:00:00,formal_winter_event_2026,332.0,308.0,332.0,358.0
2026-01-22 10:30:00,formal_winter_event_2026,326.0,300.0,326.0,350.0
2026-01-22 11:00:00,formal_winter_event_2026,316.0,290.0,316.0,342.0
2026-01-22 11:30:00,formal_winter_event_2026,366.0,334.0,366.0,408.0
2026-01-22 12:00:00,formal_winter_event_2026,300.0,272.0,300.0,330.0
2026-01-22 12:30:00,formal_winter_event_2026,312.0,284.0,312.0,342.0
2026-01-22 13:00:00,formal_winter_event_2026,316.0,286.0,316.0,346.0
2026-01-22 13:30:00,formal_winter_event_2026,296.0,266.0,296.0,324.0
2026-01-22 14:00:00,formal_winter_event_2026,302.0,272.0,302.0,328.0
2026-01-22 14:30:00,formal_winter_event_2026,314.0,286.0,314.0,340.0
2026-01-22 15:00:00,formal_winter_event_2026,326.0,298.0,326.0,356.0
2026-01-22 15:30:00,formal_winter_event_2026,314.0,286.0,314.0,342.0
2026-01-22 16:00:00,formal_winter_event_2026,326.0,300.0,326.0,352.0
2026-01-22 16:30:00,formal_winter_event_2026,314.0,286.0,314.0,342.0
2026-01-22 17:00:00,formal_winter_event_2026,308.0,280.0,308.0,334.0
2026-01-22 17:30:00,formal_winter_event_2026,312.0,286.0,312.0,340.0
2026-01-22 18:00:00,formal_winter_event_2026,318.0,290.0,318.0,346.0
2026-01-22 18:30:00,formal_winter_event_2026,322.0,294.0,322.0,352.0
2026-01-22 19:00:00,formal_winter_event_2026,322.0,294.0,322.0,354.0
2026-01-22 19:30:00,formal_winter_event_2026,320.0,292.0,320.0,350.0
2026-01-22 20:00:00,formal_winter_event_2026,322.0,294.0,322.0,352.0
2026-01-22 20:30:00,formal_winter_event_2026,322.0,296.0,322.0,350.0
2026-01-22 21:00:00,formal_winter_event_2026,324.0,296.0,324.0,352.0
2026-01-22 21:30:00,formal_winter_event_2026,334.0,306.0,334.0,360.0
2026-01-22 22:00:00,formal_winter_event_2026,346.0,318.0,346.0,374.0
2026-01-22 22:30:00,formal_winter_event_2026,344.0,316.0,344.0,372.0
2026-01-22 23:00:00,formal_winter_event_2026,344.0,316.0,344.0,370.0
2026-01-22 23:30:00,formal_winter_event_2026,344.0,318.0,344.0,370.0
2026-01-23 00:00:00,formal_winter_event_2026,332.0,306.0,332.0,358.0
2026-01-23 00:30:00,formal_winter_event_2026,338.0,332.0,338.0,344.0
2026-01-23 01:00:00,formal_winter_event_2026,344.0,336.0,344.0,352.0
2026-01-23 01:30:00,formal_winter_event_2026,356.0,346.0,356.0,366.0
2026-01-23 02:00:00,formal_winter_event_2026,356.0,346.0,356.0,366.0
2026-01-23 02:30:00,formal_winter_event_2026,358.0,346.0,358.0,368.0
2026-01-23 03:00:00,formal_winter_event_2026,348.0,336.0,348.0,358.0
2026-01-23 03:30:00,formal_winter_event_2026,340.0,330.0,340.0,350.0
2026-01-23 04:00:00,formal_winter_event_2026,334.0,324.0,334.0,344.0
2026-01-23 04:30:00,formal_winter_event_2026,332.0,322.0,332.0,342.0
2026-01-23 05:00:00,formal_winter_event_2026,332.0,322.0,332.0,342.0
2026-01-23 05:30:00,formal_winter_event_2026,336.0,324.0,336.0,348.0
2026-01-23 06:00:00,formal_winter_event_2026,344.0,332.0,344.0,358.0
2026-01-23 06:30:00,formal_winter_event_2026,342.0,328.0,342.0,356.0
2026-01-23 07:00:00,formal_winter_event_2026,352.0,336.0,352.0,364.0
2026-01-23 07:30:00,formal_winter_event_2026,352.0,336.0,352.0,366.0
2026-01-23 08:00:00,formal_winter_event_2026,364.0,348.0,364.0,378.0
2026-01-23 08:30:00,formal_winter_event_2026,348.0,334.0,348.0,362.0
2026-01-23 09:00:00,formal_winter_event_2026,354.0,338.0,354.0,370.0
2026-01-23 09:30:00,formal_winter_event_2026,358.0,340.0,358.0,378.0
2026-01-23 10:00:00,formal_winter_event_2026,354.0,334.0,354.0,374.0
2026-01-23 10:30:00,formal_winter_event_2026,348.0,326.0,348.0,368.0
2026-01-23 11:00:00,formal_winter_event_2026,334.0,310.0,334.0,356.0
2026-01-23 11:30:00,formal_winter_event_2026,360.0,336.0,360.0,390.0
2026-01-23 12:00:00,formal_winter_event_2026,340.0,318.0,340.0,366.0
2026-01-23 12:30:00,formal_winter_event_2026,354.0,332.0,354.0,380.0
2026-01-23 13:00:00,formal_winter_event_2026,354.0,330.0,354.0,380.0
2026-01-23 13:30:00,formal_winter_event_2026,336.0,314.0,336.0,360.0
2026-01-23 14:00:00,formal_winter_event_2026,338.0,316.0,338.0,362.0
2026-01-23 14:30:00,formal_winter_event_2026,344.0,322.0,344.0,368.0
2026-01-23 15:00:00,formal_winter_event_2026,348.0,324.0,348.0,372.0
2026-01-23 15:30:00,formal_winter_event_2026,338.0,314.0,338.0,362.0
2026-01-23 16:00:00,formal_winter_event_2026,360.0,336.0,360.0,386.0
2026-01-23 16:30:00,formal_winter_event_2026,356.0,334.0,356.0,384.0
2026-01-23 17:00:00,formal_winter_event_2026,346.0,326.0,346.0,370.0
2026-01-23 17:30:00,formal_winter_event_2026,348.0,328.0,348.0,370.0
2026-01-23 18:00:00,formal_winter_event_2026,354.0,332.0,354.0,376.0
2026-01-23 18:30:00,formal_winter_event_2026,354.0,334.0,354.0,376.0
2026-01-23 19:00:00,formal_winter_event_2026,352.0,334.0,352.0,374.0
2026-01-23 19:30:00,formal_winter_event_2026,350.0,332.0,350.0,370.0
2026-01-23 20:00:00,formal_winter_event_2026,348.0,330.0,348.0,368.0
2026-01-23 20:30:00,formal_winter_event_2026,346.0,330.0,346.0,364.0
2026-01-23 21:00:00,formal_winter_event_2026,348.0,330.0,348.0,366.0
2026-01-23 21:30:00,formal_winter_event_2026,344.0,328.0,344.0,362.0
2026-01-23 22:00:00,formal_winter_event_2026,346.0,330.0,346.0,364.0
2026-01-23 22:30:00,formal_winter_event_2026,344.0,328.0,344.0,364.0
2026-01-23 23:00:00,formal_winter_event_2026,350.0,334.0,350.0,368.0
2026-01-23 23:30:00,formal_winter_event_2026,344.0,328.0,344.0,362.0
2026-01-24 00:00:00,formal_winter_event_2026,336.0,320.0,336.0,352.0
2026-01-24 00:30:00,formal_winter_event_2026,346.0,336.0,346.0,354.0
2026-01-24 01:00:00,formal_winter_event_2026,354.0,342.0,354.0,366.0
2026-01-24 01:30:00,formal_winter_event_2026,360.0,348.0,360.0,374.0
2026-01-24 02:00:00,formal_winter_event_2026,362.0,350.0,362.0,378.0
2026-01-24 02:30:00,formal_winter_event_2026,370.0,354.0,370.0,388.0
2026-01-24 03:00:00,formal_winter_event_2026,368.0,352.0,368.0,390.0
2026-01-24 03:30:00,formal_winter_event_2026,362.0,348.0,362.0,382.0
2026-01-24 04:00:00,formal_winter_event_2026,356.0,342.0,356.0,372.0
2026-01-24 04:30:00,formal_winter_event_2026,356.0,342.0,356.0,372.0
2026-01-24 05:00:00,formal_winter_event_2026,354.0,340.0,354.0,370.0
2026-01-24 05:30:00,formal_winter_event_2026,360.0,344.0,360.0,376.0
2026-01-24 06:00:00,formal_winter_event_2026,364.0,348.0,364.0,382.0
2026-01-24 06:30:00,formal_winter_event_2026,368.0,350.0,368.0,386.0
2026-01-24 07:00:00,formal_winter_event_2026,362.0,346.0,362.0,380.0
2026-01-24 07:30:00,formal_winter_event_2026,366.0,350.0,366.0,386.0
2026-01-24 08:00:00,formal_winter_event_2026,372.0,356.0,372.0,394.0
2026-01-24 08:30:00,formal_winter_event_2026,366.0,344.0,366.0,384.0
2026-01-24 09:00:00,formal_winter_event_2026,366.0,342.0,366.0,390.0
2026-01-24 09:30:00,formal_winter_event_2026,372.0,344.0,372.0,400.0
2026-01-24 10:00:00,formal_winter_event_2026,362.0,336.0,362.0,388.0
2026-01-24 10:30:00,formal_winter_event_2026,362.0,332.0,362.0,392.0
2026-01-24 11:00:00,formal_winter_event_2026,358.0,326.0,358.0,406.0
2026-01-24 11:30:00,formal_winter_event_2026,426.0,342.0,426.0,760.0
2026-01-24 12:00:00,formal_winter_event_2026,348.0,316.0,348.0,420.0
2026-01-24 12:30:00,formal_winter_event_2026,388.0,320.0,388.0,752.0
2026-01-24 13:00:00,formal_winter_event_2026,370.0,304.0,370.0,728.0
2026-01-24 13:30:00,formal_winter_event_2026,362.0,312.0,362.0,696.0
2026-01-24 14:00:00,formal_winter_event_2026,360.0,314.0,360.0,556.0
2026-01-24 14:30:00,formal_winter_event_2026,360.0,312.0,360.0,528.0
2026-01-24 15:00:00,formal_winter_event_2026,352.0,312.0,352.0,420.0
2026-01-24 15:30:00,formal_winter_event_2026,342.0,310.0,342.0,370.0
2026-01-24 16:00:00,formal_winter_event_2026,354.0,320.0,354.0,380.0
2026-01-24 16:30:00,formal_winter_event_2026,346.0,332.0,346.0,362.0
2026-01-24 17:00:00,formal_winter_event_2026,346.0,332.0,346.0,362.0
2026-01-24 17:30:00,formal_winter_event_2026,354.0,340.0,354.0,370.0
2026-01-24 18:00:00,formal_winter_event_2026,360.0,344.0,360.0,376.0
2026-01-24 18:30:00,formal_winter_event_2026,360.0,344.0,360.0,376.0
2026-01-24 19:00:00,formal_winter_event_2026,358.0,342.0,358.0,372.0
2026-01-24 19:30:00,formal_winter_event_2026,356.0,342.0,356.0,370.0
2026-01-24 20:00:00,formal_winter_event_2026,352.0,338.0,352.0,366.0
2026-01-24 20:30:00,formal_winter_event_2026,354.0,340.0,354.0,366.0
2026-01-24 21:00:00,formal_winter_event_2026,352.0,340.0,352.0,366.0
2026-01-24 21:30:00,formal_winter_event_2026,352.0,340.0,352.0,364.0
2026-01-24 22:00:00,formal_winter_event_2026,354.0,342.0,354.0,368.0
2026-01-24 22:30:00,formal_winter_event_2026,354.0,342.0,354.0,368.0
2026-01-24 23:00:00,formal_winter_event_2026,360.0,346.0,360.0,374.0
2026-01-24 23:30:00,formal_winter_event_2026,352.0,340.0,352.0,366.0
2026-01-25 00:00:00,formal_winter_event_2026,348.0,334.0,348.0,362.0
2026-01-25 00:30:00,formal_winter_event_2026,344.0,338.0,344.0,352.0
2026-01-25 01:00:00,formal_winter_event_2026,352.0,344.0,352.0,362.0
2026-01-25 01:30:00,formal_winter_event_2026,358.0,348.0,358.0,368.0
2026-01-25 02:00:00,formal_winter_event_2026,356.0,346.0,356.0,366.0
2026-01-25 02:30:00,formal_winter_event_2026,358.0,348.0,358.0,370.0
2026-01-25 03:00:00,formal_winter_event_2026,354.0,344.0,354.0,366.0
2026-01-25 03:30:00,formal_winter_event_2026,350.0,338.0,350.0,362.0
2026-01-25 04:00:00,formal_winter_event_2026,346.0,334.0,346.0,356.0
2026-01-25 04:30:00,formal_winter_event_2026,344.0,334.0,344.0,356.0
2026-01-25 05:00:00,formal_winter_event_2026,344.0,334.0,344.0,356.0
2026-01-25 05:30:00,formal_winter_event_2026,344.0,332.0,344.0,356.0
2026-01-25 06:00:00,formal_winter_event_2026,348.0,336.0,348.0,360.0
2026-01-25 06:30:00,formal_winter_event_2026,350.0,338.0,350.0,362.0
2026-01-25 07:00:00,formal_winter_event_2026,348.0,336.0,348.0,362.0
2026-01-25 07:30:00,formal_winter_event_2026,348.0,334.0,348.0,362.0
2026-01-25 08:00:00,formal_winter_event_2026,350.0,336.0,350.0,364.0
2026-01-25 08:30:00,formal_winter_event_2026,350.0,338.0,350.0,358.0
2026-01-25 09:00:00,formal_winter_event_2026,352.0,342.0,352.0,366.0
2026-01-25 09:30:00,formal_winter_event_2026,356.0,342.0,356.0,370.0
2026-01-25 10:00:00,formal_winter_event_2026,356.0,344.0,356.0,372.0
2026-01-25 10:30:00,formal_winter_event_2026,356.0,338.0,356.0,374.0
2026-01-25 11:00:00,formal_winter_event_2026,352.0,334.0,352.0,380.0
2026-01-25 11:30:00,formal_winter_event_2026,400.0,350.0,400.0,560.0
2026-01-25 12:00:00,formal_winter_event_2026,346.0,326.0,346.0,396.0
2026-01-25 12:30:00,formal_winter_event_2026,352.0,328.0,352.0,452.0
2026-01-25 13:00:00,formal_winter_event_2026,364.0,326.0,364.0,592.0
2026-01-25 13:30:00,formal_winter_event_2026,346.0,322.0,346.0,500.0
2026-01-25 14:00:00,formal_winter_event_2026,350.0,322.0,350.0,528.0
2026-01-25 14:30:00,formal_winter_event_2026,358.0,322.0,358.0,572.0
2026-01-25 15:00:00,formal_winter_event_2026,364.0,324.0,364.0,560.0
2026-01-25 15:30:00,formal_winter_event_2026,348.0,326.0,348.0,406.0
2026-01-25 16:00:00,formal_winter_event_2026,352.0,332.0,352.0,392.0
2026-01-25 16:30:00,formal_winter_event_2026,350.0,334.0,350.0,368.0
2026-01-25 17:00:00,formal_winter_event_2026,346.0,332.0,346.0,364.0
2026-01-25 17:30:00,formal_winter_event_2026,350.0,334.0,350.0,366.0
2026-01-25 18:00:00,formal_winter_event_2026,354.0,338.0,354.0,372.0
2026-01-25 18:30:00,formal_winter_event_2026,354.0,338.0,354.0,370.0
2026-01-25 19:00:00,formal_winter_event_2026,352.0,338.0,352.0,368.0
2026-01-25 19:30:00,formal_winter_event_2026,350.0,336.0,350.0,366.0
2026-01-25 20:00:00,formal_winter_event_2026,350.0,336.0,350.0,364.0
2026-01-25 20:30:00,formal_winter_event_2026,350.0,336.0,350.0,362.0
2026-01-25 21:00:00,formal_winter_event_2026,350.0,336.0,350.0,364.0
2026-01-25 21:30:00,formal_winter_event_2026,350.0,338.0,350.0,364.0
2026-01-25 22:00:00,formal_winter_event_2026,350.0,336.0,350.0,364.0
2026-01-25 22:30:00,formal_winter_event_2026,352.0,338.0,352.0,366.0
2026-01-25 23:00:00,formal_winter_event_2026,356.0,342.0,356.0,372.0
2026-01-25 23:30:00,formal_winter_event_2026,352.0,338.0,352.0,368.0
2026-01-26 00:00:00,formal_winter_event_2026,344.0,332.0,344.0,358.0
2026-01-26 00:30:00,formal_winter_event_2026,334.0,328.0,334.0,340.0
2026-01-26 01:00:00,formal_winter_event_2026,344.0,336.0,344.0,352.0
2026-01-26 01:30:00,formal_winter_event_2026,350.0,340.0,350.0,360.0
2026-01-26 02:00:00,formal_winter_event_2026,350.0,340.0,350.0,362.0
2026-01-26 02:30:00,formal_winter_event_2026,350.0,338.0,350.0,362.0
2026-01-26 03:00:00,formal_winter_event_2026,344.0,332.0,344.0,354.0
2026-01-26 03:30:00,formal_winter_event_2026,334.0,326.0,334.0,344.0
2026-01-26 04:00:00,formal_winter_event_2026,332.0,322.0,332.0,342.0
2026-01-26 04:30:00,formal_winter_event_2026,330.0,320.0,330.0,340.0
2026-01-26 05:00:00,formal_winter_event_2026,328.0,318.0,328.0,338.0
2026-01-26 05:30:00,formal_winter_event_2026,332.0,322.0,332.0,342.0
2026-01-26 06:00:00,formal_winter_event_2026,340.0,328.0,340.0,352.0
2026-01-26 06:30:00,formal_winter_event_2026,346.0,332.0,346.0,360.0
2026-01-26 07:00:00,formal_winter_event_2026,346.0,332.0,346.0,362.0
2026-01-26 07:30:00,formal_winter_event_2026,348.0,334.0,348.0,364.0
2026-01-26 08:00:00,formal_winter_event_2026,356.0,338.0,356.0,376.0
2026-01-26 08:30:00,formal_winter_event_2026,350.0,332.0,350.0,372.0
2026-01-26 09:00:00,formal_winter_event_2026,346.0,328.0,346.0,370.0
2026-01-26 09:30:00,formal_winter_event_2026,348.0,326.0,348.0,378.0
2026-01-26 10:00:00,formal_winter_event_2026,350.0,330.0,350.0,380.0
2026-01-26 10:30:00,formal_winter_event_2026,346.0,326.0,346.0,392.0
2026-01-26 11:00:00,formal_winter_event_2026,346.0,322.0,346.0,412.0
2026-01-26 11:30:00,formal_winter_event_2026,420.0,340.0,420.0,660.0
2026-01-26 12:00:00,formal_winter_event_2026,344.0,320.0,344.0,424.0
2026-01-26 12:30:00,formal_winter_event_2026,374.0,328.0,374.0,560.0
2026-01-26 13:00:00,formal_winter_event_2026,382.0,326.0,382.0,600.0
2026-01-26 13:30:00,formal_winter_event_2026,346.0,320.0,346.0,432.0
2026-01-26 14:00:00,formal_winter_event_2026,348.0,322.0,348.0,422.0
2026-01-26 14:30:00,formal_winter_event_2026,352.0,322.0,352.0,440.0
2026-01-26 15:00:00,formal_winter_event_2026,348.0,324.0,348.0,400.0
2026-01-26 15:30:00,formal_winter_event_2026,348.0,328.0,348.0,386.0
2026-01-26 16:00:00,formal_winter_event_2026,352.0,332.0,352.0,378.0
2026-01-26 16:30:00,formal_winter_event_2026,344.0,328.0,344.0,360.0
2026-01-26 17:00:00,formal_winter_event_2026,340.0,326.0,340.0,356.0
2026-01-26 17:30:00,formal_winter_event_2026,342.0,326.0,342.0,356.0
2026-01-26 18:00:00,formal_winter_event_2026,346.0,330.0,346.0,360.0
2026-01-26 18:30:00,formal_winter_event_2026,346.0,332.0,346.0,362.0
2026-01-26 19:00:00,formal_winter_event_2026,344.0,330.0,344.0,358.0
2026-01-26 19:30:00,formal_winter_event_2026,342.0,328.0,342.0,356.0
2026-01-26 20:00:00,formal_winter_event_2026,342.0,328.0,342.0,356.0
2026-01-26 20:30:00,formal_winter_event_2026,344.0,330.0,344.0,356.0
2026-01-26 21:00:00,formal_winter_event_2026,344.0,332.0,344.0,358.0
2026-01-26 21:30:00,formal_winter_event_2026,344.0,332.0,344.0,358.0
2026-01-26 22:00:00,formal_winter_event_2026,344.0,330.0,344.0,356.0
2026-01-26 22:30:00,formal_winter_event_2026,342.0,330.0,342.0,354.0
2026-01-26 23:00:00,formal_winter_event_2026,344.0,330.0,344.0,358.0
2026-01-26 23:30:00,formal_winter_event_2026,340.0,326.0,340.0,354.0
2026-01-27 00:00:00,formal_winter_event_2026,330.0,318.0,330.0,344.0
2026-01-27 00:30:00,formal_winter_event_2026,322.0,314.0,322.0,326.0
2026-01-27 01:00:00,formal_winter_event_2026,334.0,324.0,334.0,342.0
2026-01-27 01:30:00,formal_winter_event_2026,332.0,324.0,332.0,340.0
2026-01-27 02:00:00,formal_winter_event_2026,330.0,320.0,330.0,340.0
2026-01-27 02:30:00,formal_winter_event_2026,332.0,322.0,332.0,342.0
2026-01-27 03:00:00,formal_winter_event_2026,328.0,318.0,328.0,338.0
2026-01-27 03:30:00,formal_winter_event_2026,326.0,316.0,326.0,336.0
2026-01-27 04:00:00,formal_winter_event_2026,324.0,314.0,324.0,334.0
2026-01-27 04:30:00,formal_winter_event_2026,324.0,314.0,324.0,332.0
2026-01-27 05:00:00,formal_winter_event_2026,324.0,314.0,324.0,334.0
2026-01-27 05:30:00,formal_winter_event_2026,326.0,316.0,326.0,336.0
2026-01-27 06:00:00,formal_winter_event_2026,330.0,318.0,330.0,340.0
2026-01-27 06:30:00,formal_winter_event_2026,332.0,320.0,332.0,344.0
2026-01-27 07:00:00,formal_winter_event_2026,334.0,322.0,334.0,346.0
2026-01-27 07:30:00,formal_winter_event_2026,350.0,334.0,350.0,366.0
2026-01-27 08:00:00,formal_winter_event_2026,350.0,334.0,350.0,368.0
2026-01-27 08:30:00,formal_winter_event_2026,344.0,330.0,344.0,358.0
2026-01-27 09:00:00,formal_winter_event_2026,340.0,326.0,340.0,354.0
2026-01-27 09:30:00,formal_winter_event_2026,346.0,330.0,346.0,362.0
2026-01-27 10:00:00,formal_winter_event_2026,346.0,330.0,346.0,364.0
2026-01-27 10:30:00,formal_winter_event_2026,346.0,328.0,346.0,364.0
2026-01-27 11:00:00,formal_winter_event_2026,342.0,326.0,342.0,364.0
2026-01-27 11:30:00,formal_winter_event_2026,374.0,342.0,374.0,428.0
2026-01-27 12:00:00,formal_winter_event_2026,336.0,322.0,336.0,358.0
2026-01-27 12:30:00,formal_winter_event_2026,350.0,330.0,350.0,376.0
2026-01-27 13:00:00,formal_winter_event_2026,346.0,328.0,346.0,368.0
2026-01-27 13:30:00,formal_winter_event_2026,340.0,324.0,340.0,358.0
2026-01-27 14:00:00,formal_winter_event_2026,344.0,326.0,344.0,362.0
2026-01-27 14:30:00,formal_winter_event_2026,346.0,328.0,346.0,364.0
2026-01-27 15:00:00,formal_winter_event_2026,346.0,328.0,346.0,364.0
2026-01-27 15:30:00,formal_winter_event_2026,340.0,326.0,340.0,358.0
2026-01-27 16:00:00,formal_winter_event_2026,346.0,330.0,346.0,366.0
2026-01-27 16:30:00,formal_winter_event_2026,334.0,320.0,334.0,348.0
2026-01-27 17:00:00,formal_winter_event_2026,334.0,320.0,334.0,348.0
2026-01-27 17:30:00,formal_winter_event_2026,342.0,328.0,342.0,356.0
2026-01-27 18:00:00,formal_winter_event_2026,344.0,330.0,344.0,358.0
2026-01-27 18:30:00,formal_winter_event_2026,344.0,328.0,344.0,358.0
2026-01-27 19:00:00,formal_winter_event_2026,342.0,326.0,342.0,356.0
2026-01-27 19:30:00,formal_winter_event_2026,340.0,326.0,340.0,354.0
2026-01-27 20:00:00,formal_winter_event_2026,340.0,326.0,340.0,354.0
2026-01-27 20:30:00,formal_winter_event_2026,342.0,328.0,342.0,356.0
2026-01-27 21:00:00,formal_winter_event_2026,342.0,328.0,342.0,356.0
2026-01-27 21:30:00,formal_winter_event_2026,342.0,328.0,342.0,356.0
2026-01-27 22:00:00,formal_winter_event_2026,340.0,326.0,340.0,354.0
2026-01-27 22:30:00,formal_winter_event_2026,338.0,324.0,338.0,352.0
2026-01-27 23:00:00,formal_winter_event_2026,342.0,328.0,342.0,358.0
2026-01-27 23:30:00,formal_winter_event_2026,342.0,326.0,342.0,358.0
2026-01-28 00:00:00,formal_winter_event_2026,330.0,314.0,330.0,344.0
2026-01-28 00:30:00,formal_winter_event_2026,346.0,340.0,346.0,352.0
2026-01-28 01:00:00,formal_winter_event_2026,360.0,350.0,360.0,372.0
2026-01-28 01:30:00,formal_winter_event_2026,362.0,350.0,362.0,376.0
2026-01-28 02:00:00,formal_winter_event_2026,354.0,344.0,354.0,368.0
2026-01-28 02:30:00,formal_winter_event_2026,352.0,342.0,352.0,366.0
2026-01-28 03:00:00,formal_winter_event_2026,348.0,338.0,348.0,360.0
2026-01-28 03:30:00,formal_winter_event_2026,346.0,336.0,346.0,356.0
2026-01-28 04:00:00,formal_winter_event_2026,344.0,334.0,344.0,354.0
2026-01-28 04:30:00,formal_winter_event_2026,342.0,334.0,342.0,352.0
2026-01-28 05:00:00,formal_winter_event_2026,342.0,332.0,342.0,352.0
2026-01-28 05:30:00,formal_winter_event_2026,344.0,334.0,344.0,354.0
2026-01-28 06:00:00,formal_winter_event_2026,350.0,338.0,350.0,364.0
2026-01-28 06:30:00,formal_winter_event_2026,360.0,346.0,360.0,378.0
2026-01-28 07:00:00,formal_winter_event_2026,358.0,344.0,358.0,374.0
2026-01-28 07:30:00,formal_winter_event_2026,360.0,344.0,360.0,378.0
2026-01-28 08:00:00,formal_winter_event_2026,360.0,346.0,360.0,378.0
2026-01-28 08:30:00,formal_winter_event_2026,358.0,344.0,358.0,374.0
2026-01-28 09:00:00,formal_winter_event_2026,358.0,342.0,358.0,376.0
2026-01-28 09:30:00,formal_winter_event_2026,356.0,340.0,356.0,374.0
2026-01-28 10:00:00,formal_winter_event_2026,354.0,338.0,354.0,372.0
2026-01-28 10:30:00,formal_winter_event_2026,348.0,332.0,348.0,364.0
2026-01-28 11:00:00,formal_winter_event_2026,342.0,326.0,342.0,360.0
2026-01-28 11:30:00,formal_winter_event_2026,402.0,368.0,402.0,454.0
2026-01-28 12:00:00,formal_winter_event_2026,334.0,318.0,334.0,352.0
2026-01-28 12:30:00,formal_winter_event_2026,340.0,324.0,340.0,356.0
2026-01-28 13:00:00,formal_winter_event_2026,342.0,324.0,342.0,358.0
2026-01-28 13:30:00,formal_winter_event_2026,334.0,320.0,334.0,352.0
2026-01-28 14:00:00,formal_winter_event_2026,338.0,324.0,338.0,354.0
2026-01-28 14:30:00,formal_winter_event_2026,346.0,330.0,346.0,366.0
2026-01-28 15:00:00,formal_winter_event_2026,352.0,336.0,352.0,374.0
2026-01-28 15:30:00,formal_winter_event_2026,348.0,330.0,348.0,368.0
2026-01-28 16:00:00,formal_winter_event_2026,358.0,340.0,358.0,376.0
2026-01-28 16:30:00,formal_winter_event_2026,354.0,336.0,354.0,378.0
2026-01-28 17:00:00,formal_winter_event_2026,354.0,338.0,354.0,378.0
2026-01-28 17:30:00,formal_winter_event_2026,358.0,340.0,358.0,384.0
2026-01-28 18:00:00,formal_winter_event_2026,366.0,344.0,366.0,394.0
2026-01-28 18:30:00,formal_winter_event_2026,368.0,346.0,368.0,400.0
2026-01-28 19:00:00,formal_winter_event_2026,366.0,344.0,366.0,394.0
2026-01-28 19:30:00,formal_winter_event_2026,358.0,340.0,358.0,384.0
2026-01-28 20:00:00,formal_winter_event_2026,352.0,336.0,352.0,374.0
2026-01-28 20:30:00,formal_winter_event_2026,352.0,338.0,352.0,372.0
2026-01-28 21:00:00,formal_winter_event_2026,352.0,338.0,352.0,372.0
2026-01-28 21:30:00,formal_winter_event_2026,352.0,338.0,352.0,372.0
2026-01-28 22:00:00,formal_winter_event_2026,348.0,334.0,348.0,366.0
2026-01-28 22:30:00,formal_winter_event_2026,346.0,332.0,346.0,364.0
2026-01-28 23:00:00,formal_winter_event_2026,350.0,336.0,350.0,368.0
2026-01-28 23:30:00,formal_winter_event_2026,346.0,332.0,346.0,364.0
2026-01-29 00:00:00,formal_winter_event_2026,340.0,326.0,340.0,356.0
2026-01-29 00:30:00,formal_winter_event_2026,342.0,334.0,342.0,350.0
2026-01-29 01:00:00,formal_winter_event_2026,354.0,344.0,354.0,366.0
2026-01-29 01:30:00,formal_winter_event_2026,360.0,348.0,360.0,374.0
2026-01-29 02:00:00,formal_winter_event_2026,356.0,346.0,356.0,370.0
2026-01-29 02:30:00,formal_winter_event_2026,358.0,346.0,358.0,374.0
2026-01-29 03:00:00,formal_winter_event_2026,356.0,344.0,356.0,368.0
2026-01-29 03:30:00,formal_winter_event_2026,356.0,344.0,356.0,370.0
2026-01-29 04:00:00,formal_winter_event_2026,354.0,344.0,354.0,368.0
2026-01-29 04:30:00,formal_winter_event_2026,352.0,340.0,352.0,366.0
2026-01-29 05:00:00,formal_winter_event_2026,348.0,338.0,348.0,362.0
2026-01-29 05:30:00,formal_winter_event_2026,352.0,340.0,352.0,364.0
2026-01-29 06:00:00,formal_winter_event_2026,362.0,350.0,362.0,378.0
2026-01-29 06:30:00,formal_winter_event_2026,378.0,362.0,378.0,400.0
2026-01-29 07:00:00,formal_winter_event_2026,370.0,354.0,370.0,390.0
2026-01-29 07:30:00,formal_winter_event_2026,370.0,354.0,370.0,390.0
2026-01-29 08:00:00,formal_winter_event_2026,378.0,358.0,378.0,402.0
2026-01-29 08:30:00,formal_winter_event_2026,384.0,360.0,384.0,412.0
2026-01-29 09:00:00,formal_winter_event_2026,398.0,368.0,398.0,444.0
2026-01-29 09:30:00,formal_winter_event_2026,400.0,368.0,400.0,446.0
2026-01-29 10:00:00,formal_winter_event_2026,392.0,362.0,392.0,432.0
2026-01-29 10:30:00,formal_winter_event_2026,386.0,356.0,386.0,432.0
2026-01-29 11:00:00,formal_winter_event_2026,376.0,348.0,376.0,432.0
2026-01-29 11:30:00,formal_winter_event_2026,502.0,386.0,502.0,712.0
2026-01-29 12:00:00,formal_winter_event_2026,394.0,344.0,394.0,540.0
2026-01-29 12:30:00,formal_winter_event_2026,422.0,356.0,422.0,588.0
2026-01-29 13:00:00,formal_winter_event_2026,442.0,364.0,442.0,600.0
2026-01-29 13:30:00,formal_winter_event_2026,374.0,348.0,374.0,416.0
2026-01-29 14:00:00,formal_winter_event_2026,378.0,354.0,378.0,408.0
2026-01-29 14:30:00,formal_winter_event_2026,378.0,354.0,378.0,406.0
2026-01-29 15:00:00,formal_winter_event_2026,388.0,360.0,388.0,426.0
2026-01-29 15:30:00,formal_winter_event_2026,374.0,352.0,374.0,400.0
2026-01-29 16:00:00,formal_winter_event_2026,386.0,362.0,386.0,414.0
2026-01-29 16:30:00,formal_winter_event_2026,366.0,346.0,366.0,404.0
2026-01-29 17:00:00,formal_winter_event_2026,354.0,336.0,354.0,380.0
2026-01-29 17:30:00,formal_winter_event_2026,356.0,336.0,356.0,386.0
2026-01-29 18:00:00,formal_winter_event_2026,372.0,346.0,372.0,416.0
2026-01-29 18:30:00,formal_winter_event_2026,384.0,350.0,384.0,440.0
2026-01-29 19:00:00,formal_winter_event_2026,376.0,350.0,376.0,418.0
2026-01-29 19:30:00,formal_winter_event_2026,354.0,338.0,354.0,374.0
2026-01-29 20:00:00,formal_winter_event_2026,346.0,334.0,346.0,362.0
2026-01-29 20:30:00,formal_winter_event_2026,348.0,336.0,348.0,362.0
2026-01-29 21:00:00,formal_winter_event_2026,346.0,334.0,346.0,360.0
2026-01-29 21:30:00,formal_winter_event_2026,350.0,336.0,350.0,364.0
2026-01-29 22:00:00,formal_winter_event_2026,350.0,336.0,350.0,366.0
2026-01-29 22:30:00,formal_winter_event_2026,350.0,336.0,350.0,366.0
2026-01-29 23:00:00,formal_winter_event_2026,350.0,334.0,350.0,366.0
2026-01-29 23:30:00,formal_winter_event_2026,344.0,332.0,344.0,362.0
2026-01-30 00:00:00,formal_winter_event_2026,334.0,322.0,334.0,348.0
2026-01-30 00:30:00,formal_winter_event_2026,328.0,324.0,328.0,334.0
2026-01-30 01:00:00,formal_winter_event_2026,340.0,332.0,340.0,348.0
2026-01-30 01:30:00,formal_winter_event_2026,348.0,338.0,348.0,362.0
2026-01-30 02:00:00,formal_winter_event_2026,350.0,340.0,350.0,364.0
2026-01-30 02:30:00,formal_winter_event_2026,350.0,340.0,350.0,364.0
2026-01-30 03:00:00,formal_winter_event_2026,346.0,336.0,346.0,356.0
2026-01-30 03:30:00,formal_winter_event_2026,342.0,334.0,342.0,352.0
2026-01-30 04:00:00,formal_winter_event_2026,340.0,334.0,340.0,348.0
2026-01-30 04:30:00,formal_winter_event_2026,338.0,332.0,338.0,346.0
2026-01-30 05:00:00,formal_winter_event_2026,336.0,330.0,336.0,344.0
2026-01-30 05:30:00,formal_winter_event_2026,340.0,332.0,340.0,348.0
2026-01-30 06:00:00,formal_winter_event_2026,346.0,338.0,346.0,358.0
2026-01-30 06:30:00,formal_winter_event_2026,350.0,340.0,350.0,364.0
2026-01-30 07:00:00,formal_winter_event_2026,350.0,340.0,350.0,366.0
2026-01-30 07:30:00,formal_winter_event_2026,348.0,340.0,348.0,362.0
2026-01-30 08:00:00,formal_winter_event_2026,350.0,340.0,350.0,366.0
2026-01-30 08:30:00,formal_winter_event_2026,346.0,336.0,346.0,360.0
2026-01-30 09:00:00,formal_winter_event_2026,350.0,336.0,350.0,364.0
2026-01-30 09:30:00,formal_winter_event_2026,350.0,334.0,350.0,370.0
2026-01-30 10:00:00,formal_winter_event_2026,348.0,334.0,348.0,368.0
2026-01-30 10:30:00,formal_winter_event_2026,344.0,330.0,344.0,370.0
2026-01-30 11:00:00,formal_winter_event_2026,336.0,322.0,336.0,368.0
2026-01-30 11:30:00,formal_winter_event_2026,378.0,338.0,378.0,484.0
2026-01-30 12:00:00,formal_winter_event_2026,336.0,318.0,336.0,370.0
2026-01-30 12:30:00,formal_winter_event_2026,346.0,328.0,346.0,388.0
2026-01-30 13:00:00,formal_winter_event_2026,348.0,330.0,348.0,390.0
2026-01-30 13:30:00,formal_winter_event_2026,344.0,328.0,344.0,374.0
2026-01-30 14:00:00,formal_winter_event_2026,348.0,332.0,348.0,368.0
2026-01-30 14:30:00,formal_winter_event_2026,354.0,338.0,354.0,378.0
2026-01-30 15:00:00,formal_winter_event_2026,356.0,340.0,356.0,382.0
2026-01-30 15:30:00,formal_winter_event_2026,354.0,340.0,354.0,372.0
2026-01-30 16:00:00,formal_winter_event_2026,358.0,346.0,358.0,376.0
2026-01-30 16:30:00,formal_winter_event_2026,352.0,342.0,352.0,374.0
2026-01-30 17:00:00,formal_winter_event_2026,348.0,338.0,348.0,364.0
2026-01-30 17:30:00,formal_winter_event_2026,348.0,338.0,348.0,364.0
2026-01-30 18:00:00,formal_winter_event_2026,348.0,338.0,348.0,372.0
2026-01-30 18:30:00,formal_winter_event_2026,348.0,336.0,348.0,368.0
2026-01-30 19:00:00,formal_winter_event_2026,344.0,336.0,344.0,360.0
2026-01-30 19:30:00,formal_winter_event_2026,340.0,334.0,340.0,350.0
2026-01-30 20:00:00,formal_winter_event_2026,338.0,332.0,338.0,346.0
2026-01-30 20:30:00,formal_winter_event_2026,340.0,334.0,340.0,346.0
2026-01-30 21:00:00,formal_winter_event_2026,338.0,334.0,338.0,344.0
2026-01-30 21:30:00,formal_winter_event_2026,338.0,334.0,338.0,344.0
2026-01-30 22:00:00,formal_winter_event_2026,338.0,332.0,338.0,344.0
2026-01-30 22:30:00,formal_winter_event_2026,338.0,332.0,338.0,344.0
2026-01-30 23:00:00,formal_winter_event_2026,342.0,334.0,342.0,348.0
2026-01-30 23:30:00,formal_winter_event_2026,336.0,330.0,336.0,344.0
2026-01-31 00:00:00,formal_winter_event_2026,328.0,322.0,328.0,336.0
2026-01-31 00:30:00,formal_winter_event_2026,330.0,324.0,330.0,336.0
2026-01-31 01:00:00,formal_winter_event_2026,338.0,330.0,338.0,346.0
2026-01-31 01:30:00,formal_winter_event_2026,346.0,336.0,346.0,358.0
2026-01-31 02:00:00,formal_winter_event_2026,346.0,338.0,346.0,358.0
2026-01-31 02:30:00,formal_winter_event_2026,346.0,336.0,346.0,358.0
2026-01-31 03:00:00,formal_winter_event_2026,342.0,334.0,342.0,352.0
2026-01-31 03:30:00,formal_winter_event_2026,340.0,332.0,340.0,348.0
2026-01-31 04:00:00,formal_winter_event_2026,336.0,330.0,336.0,346.0
2026-01-31 04:30:00,formal_winter_event_2026,336.0,328.0,336.0,344.0
2026-01-31 05:00:00,formal_winter_event_2026,334.0,326.0,334.0,342.0
2026-01-31 05:30:00,formal_winter_event_2026,336.0,328.0,336.0,344.0
2026-01-31 06:00:00,formal_winter_event_2026,342.0,332.0,342.0,354.0
2026-01-31 06:30:00,formal_winter_event_2026,346.0,334.0,346.0,366.0
2026-01-31 07:00:00,formal_winter_event_2026,340.0,330.0,340.0,356.0
2026-01-31 07:30:00,formal_winter_event_2026,344.0,332.0,344.0,362.0
2026-01-31 08:00:00,formal_winter_event_2026,356.0,338.0,356.0,380.0
2026-01-31 08:30:00,formal_winter_event_2026,352.0,338.0,352.0,368.0
2026-01-31 09:00:00,formal_winter_event_2026,356.0,338.0,356.0,374.0
2026-01-31 09:30:00,formal_winter_event_2026,358.0,340.0,358.0,382.0
2026-01-31 10:00:00,formal_winter_event_2026,358.0,340.0,358.0,378.0
2026-01-31 10:30:00,formal_winter_event_2026,358.0,338.0,358.0,382.0
2026-01-31 11:00:00,formal_winter_event_2026,352.0,332.0,352.0,380.0
2026-01-31 11:30:00,formal_winter_event_2026,442.0,372.0,442.0,608.0
2026-01-31 12:00:00,formal_winter_event_2026,362.0,334.0,362.0,434.0
2026-01-31 12:30:00,formal_winter_event_2026,374.0,340.0,374.0,474.0
2026-01-31 13:00:00,formal_winter_event_2026,382.0,342.0,382.0,496.0
2026-01-31 13:30:00,formal_winter_event_2026,352.0,332.0,352.0,386.0
2026-01-31 14:00:00,formal_winter_event_2026,354.0,334.0,354.0,376.0
2026-01-31 14:30:00,formal_winter_event_2026,356.0,338.0,356.0,378.0
2026-01-31 15:00:00,formal_winter_event_2026,360.0,340.0,360.0,384.0
2026-01-31 15:30:00,formal_winter_event_2026,358.0,340.0,358.0,378.0
2026-01-31 16:00:00,formal_winter_event_2026,362.0,344.0,362.0,380.0
2026-01-31 16:30:00,formal_winter_event_2026,358.0,340.0,358.0,390.0
2026-01-31 17:00:00,formal_winter_event_2026,350.0,334.0,350.0,376.0
2026-01-31 17:30:00,formal_winter_event_2026,354.0,336.0,354.0,388.0
2026-01-31 18:00:00,formal_winter_event_2026,354.0,336.0,354.0,392.0
2026-01-31 18:30:00,formal_winter_event_2026,352.0,334.0,352.0,386.0
2026-01-31 19:00:00,formal_winter_event_2026,348.0,334.0,348.0,376.0
2026-01-31 19:30:00,formal_winter_event_2026,344.0,332.0,344.0,360.0
2026-01-31 20:00:00,formal_winter_event_2026,344.0,334.0,344.0,358.0
2026-01-31 20:30:00,formal_winter_event_2026,346.0,336.0,346.0,358.0
2026-01-31 21:00:00,formal_winter_event_2026,346.0,334.0,346.0,358.0
2026-01-31 21:30:00,formal_winter_event_2026,344.0,334.0,344.0,356.0
2026-01-31 22:00:00,formal_winter_event_2026,344.0,334.0,344.0,356.0
2026-01-31 22:30:00,formal_winter_event_2026,346.0,336.0,346.0,358.0
2026-01-31 23:00:00,formal_winter_event_2026,352.0,340.0,352.0,366.0
2026-01-31 23:30:00,formal_winter_event_2026,342.0,334.0,342.0,356.0
2026-02-01 00:00:00,formal_winter_event_2026,336.0,326.0,336.0,346.0
2026-02-01 00:30:00,formal_winter_event_2026,322.0,300.0,322.0,342.0
2026-02-01 01:00:00,formal_winter_event_2026,338.0,314.0,338.0,362.0
2026-02-01 01:30:00,formal_winter_event_2026,346.0,322.0,346.0,370.0
2026-02-01 02:00:00,formal_winter_event_2026,346.0,324.0,346.0,368.0
2026-02-01 02:30:00,formal_winter_event_2026,344.0,320.0,344.0,366.0
2026-02-01 03:00:00,formal_winter_event_2026,338.0,318.0,338.0,358.0
2026-02-01 03:30:00,formal_winter_event_2026,338.0,318.0,338.0,356.0
2026-02-01 04:00:00,formal_winter_event_2026,336.0,314.0,336.0,354.0
2026-02-01 04:30:00,formal_winter_event_2026,334.0,314.0,334.0,354.0
2026-02-01 05:00:00,formal_winter_event_2026,332.0,310.0,332.0,352.0
2026-02-01 05:30:00,formal_winter_event_2026,332.0,310.0,332.0,354.0
2026-02-01 06:00:00,formal_winter_event_2026,334.0,310.0,334.0,354.0
2026-02-01 06:30:00,formal_winter_event_2026,332.0,306.0,332.0,354.0
2026-02-01 07:00:00,formal_winter_event_2026,330.0,298.0,330.0,354.0
2026-02-01 07:30:00,formal_winter_event_2026,328.0,296.0,328.0,358.0
2026-02-01 08:00:00,formal_winter_event_2026,338.0,304.0,338.0,372.0
2026-02-01 08:30:00,formal_winter_event_2026,344.0,310.0,344.0,380.0
2026-02-01 09:00:00,formal_winter_event_2026,362.0,326.0,362.0,408.0
2026-02-01 09:30:00,formal_winter_event_2026,350.0,316.0,350.0,388.0
2026-02-01 10:00:00,formal_winter_event_2026,352.0,316.0,352.0,390.0
2026-02-01 10:30:00,formal_winter_event_2026,344.0,310.0,344.0,380.0
2026-02-01 11:00:00,formal_winter_event_2026,338.0,302.0,338.0,376.0
2026-02-01 11:30:00,formal_winter_event_2026,556.0,436.0,556.0,756.0
2026-02-01 12:00:00,formal_winter_event_2026,382.0,330.0,382.0,474.0
2026-02-01 12:30:00,formal_winter_event_2026,414.0,348.0,414.0,516.0
2026-02-01 13:00:00,formal_winter_event_2026,390.0,338.0,390.0,474.0
2026-02-01 13:30:00,formal_winter_event_2026,338.0,300.0,338.0,372.0
2026-02-01 14:00:00,formal_winter_event_2026,342.0,306.0,342.0,380.0
2026-02-01 14:30:00,formal_winter_event_2026,340.0,306.0,340.0,376.0
2026-02-01 15:00:00,formal_winter_event_2026,346.0,308.0,346.0,382.0
2026-02-01 15:30:00,formal_winter_event_2026,334.0,300.0,334.0,364.0
2026-02-01 16:00:00,formal_winter_event_2026,344.0,310.0,344.0,376.0
2026-02-01 16:30:00,formal_winter_event_2026,326.0,292.0,326.0,356.0
2026-02-01 17:00:00,formal_winter_event_2026,322.0,288.0,322.0,352.0
2026-02-01 17:30:00,formal_winter_event_2026,322.0,286.0,322.0,354.0
2026-02-01 18:00:00,formal_winter_event_2026,324.0,288.0,324.0,358.0
2026-02-01 18:30:00,formal_winter_event_2026,326.0,286.0,326.0,358.0
2026-02-01 19:00:00,formal_winter_event_2026,324.0,286.0,324.0,356.0
2026-02-01 19:30:00,formal_winter_event_2026,322.0,284.0,322.0,354.0
2026-02-01 20:00:00,formal_winter_event_2026,322.0,284.0,322.0,356.0
2026-02-01 20:30:00,formal_winter_event_2026,322.0,284.0,322.0,358.0
2026-02-01 21:00:00,formal_winter_event_2026,324.0,286.0,324.0,356.0
2026-02-01 21:30:00,formal_winter_event_2026,324.0,286.0,324.0,356.0
2026-02-01 22:00:00,formal_winter_event_2026,324.0,290.0,324.0,354.0
2026-02-01 22:30:00,formal_winter_event_2026,324.0,290.0,324.0,354.0
2026-02-01 23:00:00,formal_winter_event_2026,328.0,292.0,328.0,360.0
2026-02-01 23:30:00,formal_winter_event_2026,328.0,290.0,328.0,360.0
2026-02-02 00:00:00,formal_winter_event_2026,324.0,284.0,324.0,358.0
2026-02-02 00:30:00,formal_winter_event_2026,328.0,314.0,328.0,340.0
2026-02-02 01:00:00,formal_winter_event_2026,338.0,320.0,338.0,358.0
2026-02-02 01:30:00,formal_winter_event_2026,344.0,322.0,344.0,372.0
2026-02-02 02:00:00,formal_winter_event_2026,346.0,324.0,346.0,370.0
2026-02-02 02:30:00,formal_winter_event_2026,340.0,322.0,340.0,358.0
2026-02-02 03:00:00,formal_winter_event_2026,338.0,320.0,338.0,356.0
2026-02-02 03:30:00,formal_winter_event_2026,336.0,318.0,336.0,352.0
2026-02-02 04:00:00,formal_winter_event_2026,334.0,316.0,334.0,350.0
2026-02-02 04:30:00,formal_winter_event_2026,334.0,314.0,334.0,350.0
2026-02-02 05:00:00,formal_winter_event_2026,334.0,316.0,334.0,352.0
2026-02-02 05:30:00,formal_winter_event_2026,338.0,318.0,338.0,354.0
2026-02-02 06:00:00,formal_winter_event_2026,340.0,320.0,340.0,358.0
2026-02-02 06:30:00,formal_winter_event_2026,340.0,320.0,340.0,360.0
2026-02-02 07:00:00,formal_winter_event_2026,342.0,320.0,342.0,364.0
2026-02-02 07:30:00,formal_winter_event_2026,350.0,324.0,350.0,382.0
2026-02-02 08:00:00,formal_winter_event_2026,358.0,330.0,358.0,398.0
2026-02-02 08:30:00,formal_winter_event_2026,330.0,296.0,330.0,366.0
2026-02-02 09:00:00,formal_winter_event_2026,328.0,288.0,328.0,370.0
2026-02-02 09:30:00,formal_winter_event_2026,318.0,278.0,318.0,358.0
2026-02-02 10:00:00,formal_winter_event_2026,318.0,278.0,318.0,352.0
2026-02-02 10:30:00,formal_winter_event_2026,312.0,272.0,312.0,348.0
2026-02-02 11:00:00,formal_winter_event_2026,302.0,258.0,302.0,340.0
2026-02-02 11:30:00,formal_winter_event_2026,368.0,302.0,368.0,480.0
2026-02-02 12:00:00,formal_winter_event_2026,308.0,264.0,308.0,352.0
2026-02-02 12:30:00,formal_winter_event_2026,310.0,268.0,310.0,346.0
2026-02-02 13:00:00,formal_winter_event_2026,304.0,260.0,304.0,342.0
2026-02-02 13:30:00,formal_winter_event_2026,296.0,252.0,296.0,332.0
2026-02-02 14:00:00,formal_winter_event_2026,298.0,256.0,298.0,332.0
2026-02-02 14:30:00,formal_winter_event_2026,302.0,260.0,302.0,334.0
2026-02-02 15:00:00,formal_winter_event_2026,310.0,266.0,310.0,346.0
2026-02-02 15:30:00,formal_winter_event_2026,308.0,266.0,308.0,344.0
2026-02-02 16:00:00,formal_winter_event_2026,324.0,284.0,324.0,358.0
2026-02-02 16:30:00,formal_winter_event_2026,330.0,310.0,330.0,352.0
2026-02-02 17:00:00,formal_winter_event_2026,334.0,314.0,334.0,354.0
2026-02-02 17:30:00,formal_winter_event_2026,338.0,318.0,338.0,360.0
2026-02-02 18:00:00,formal_winter_event_2026,350.0,328.0,350.0,376.0
2026-02-02 18:30:00,formal_winter_event_2026,348.0,328.0,348.0,370.0
2026-02-02 19:00:00,formal_winter_event_2026,346.0,326.0,346.0,366.0
2026-02-02 19:30:00,formal_winter_event_2026,346.0,326.0,346.0,366.0
2026-02-02 20:00:00,formal_winter_event_2026,344.0,324.0,344.0,364.0
2026-02-02 20:30:00,formal_winter_event_2026,342.0,324.0,342.0,362.0
2026-02-02 21:00:00,formal_winter_event_2026,342.0,322.0,342.0,360.0
2026-02-02 21:30:00,formal_winter_event_2026,344.0,324.0,344.0,366.0
2026-02-02 22:00:00,formal_winter_event_2026,344.0,326.0,344.0,366.0
2026-02-02 22:30:00,formal_winter_event_2026,346.0,326.0,346.0,366.0
2026-02-02 23:00:00,formal_winter_event_2026,352.0,330.0,352.0,376.0
2026-02-02 23:30:00,formal_winter_event_2026,344.0,324.0,344.0,366.0
2026-02-03 00:00:00,formal_winter_event_2026,334.0,314.0,334.0,356.0
2026-02-03 00:30:00,formal_winter_event_2026,328.0,316.0,328.0,342.0
2026-02-03 01:00:00,formal_winter_event_2026,338.0,322.0,338.0,360.0
2026-02-03 01:30:00,formal_winter_event_2026,342.0,322.0,342.0,370.0
2026-02-03 02:00:00,formal_winter_event_2026,342.0,326.0,342.0,358.0
2026-02-03 02:30:00,formal_winter_event_2026,344.0,328.0,344.0,360.0
2026-02-03 03:00:00,formal_winter_event_2026,344.0,330.0,344.0,358.0
2026-02-03 03:30:00,formal_winter_event_2026,340.0,328.0,340.0,356.0
2026-02-03 04:00:00,formal_winter_event_2026,336.0,324.0,336.0,350.0
2026-02-03 04:30:00,formal_winter_event_2026,336.0,322.0,336.0,348.0
2026-02-03 05:00:00,formal_winter_event_2026,334.0,322.0,334.0,348.0
2026-02-03 05:30:00,formal_winter_event_2026,336.0,322.0,336.0,348.0
2026-02-03 06:00:00,formal_winter_event_2026,340.0,326.0,340.0,354.0
2026-02-03 06:30:00,formal_winter_event_2026,342.0,326.0,342.0,358.0
2026-02-03 07:00:00,formal_winter_event_2026,342.0,324.0,342.0,362.0
2026-02-03 07:30:00,formal_winter_event_2026,344.0,320.0,344.0,376.0
2026-02-03 08:00:00,formal_winter_event_2026,350.0,324.0,350.0,390.0
2026-02-03 08:30:00,formal_winter_event_2026,324.0,286.0,324.0,358.0
2026-02-03 09:00:00,formal_winter_event_2026,310.0,270.0,310.0,348.0
2026-02-03 09:30:00,formal_winter_event_2026,306.0,258.0,306.0,344.0
2026-02-03 10:00:00,formal_winter_event_2026,304.0,258.0,304.0,342.0
2026-02-03 10:30:00,formal_winter_event_2026,310.0,264.0,310.0,350.0
2026-02-03 11:00:00,formal_winter_event_2026,310.0,258.0,310.0,356.0
2026-02-03 11:30:00,formal_winter_event_2026,524.0,408.0,524.0,688.0
2026-02-03 12:00:00,formal_winter_event_2026,308.0,251.0,308.0,366.0
2026-02-03 12:30:00,formal_winter_event_2026,322.0,268.0,322.0,382.0
2026-02-03 13:00:00,formal_winter_event_2026,308.0,251.0,308.0,362.0
2026-02-03 13:30:00,formal_winter_event_2026,264.0,205.0,264.0,312.0
2026-02-03 14:00:00,formal_winter_event_2026,278.0,229.0,278.0,322.0
2026-02-03 14:30:00,formal_winter_event_2026,288.0,244.0,288.0,330.0
2026-02-03 15:00:00,formal_winter_event_2026,290.0,241.0,290.0,328.0
2026-02-03 15:30:00,formal_winter_event_2026,290.0,246.0,290.0,330.0
2026-02-03 16:00:00,formal_winter_event_2026,306.0,270.0,306.0,342.0
2026-02-03 16:30:00,formal_winter_event_2026,318.0,294.0,318.0,340.0
2026-02-03 17:00:00,formal_winter_event_2026,330.0,308.0,330.0,352.0
2026-02-03 17:30:00,formal_winter_event_2026,334.0,314.0,334.0,356.0
2026-02-03 18:00:00,formal_winter_event_2026,344.0,324.0,344.0,364.0
2026-02-03 18:30:00,formal_winter_event_2026,348.0,328.0,348.0,370.0
2026-02-03 19:00:00,formal_winter_event_2026,348.0,328.0,348.0,370.0
2026-02-03 19:30:00,formal_winter_event_2026,346.0,328.0,346.0,368.0
2026-02-03 20:00:00,formal_winter_event_2026,344.0,326.0,344.0,364.0
2026-02-03 20:30:00,formal_winter_event_2026,346.0,326.0,346.0,368.0
2026-02-03 21:00:00,formal_winter_event_2026,340.0,320.0,340.0,362.0
2026-02-03 21:30:00,formal_winter_event_2026,338.0,318.0,338.0,360.0
2026-02-03 22:00:00,formal_winter_event_2026,346.0,326.0,346.0,368.0
2026-02-03 22:30:00,formal_winter_event_2026,354.0,334.0,354.0,382.0
2026-02-03 23:00:00,formal_winter_event_2026,360.0,338.0,360.0,386.0
2026-02-03 23:30:00,formal_winter_event_2026,348.0,328.0,348.0,370.0
2026-02-04 00:00:00,formal_winter_event_2026,332.0,312.0,332.0,352.0
2026-02-04 00:30:00,formal_winter_event_2026,316.0,300.0,316.0,328.0
2026-02-04 01:00:00,formal_winter_event_2026,314.0,292.0,314.0,332.0
2026-02-04 01:30:00,formal_winter_event_2026,316.0,288.0,316.0,342.0
2026-02-04 02:00:00,formal_winter_event_2026,316.0,290.0,316.0,342.0
2026-02-04 02:30:00,formal_winter_event_2026,318.0,292.0,318.0,340.0
2026-02-04 03:00:00,formal_winter_event_2026,316.0,290.0,316.0,338.0
2026-02-04 03:30:00,formal_winter_event_2026,320.0,296.0,320.0,342.0
2026-02-04 04:00:00,formal_winter_event_2026,320.0,296.0,320.0,340.0
2026-02-04 04:30:00,formal_winter_event_2026,316.0,294.0,316.0,334.0
2026-02-04 05:00:00,formal_winter_event_2026,316.0,290.0,316.0,336.0
2026-02-04 05:30:00,formal_winter_event_2026,318.0,294.0,318.0,340.0
2026-02-04 06:00:00,formal_winter_event_2026,326.0,302.0,326.0,348.0
2026-02-04 06:30:00,formal_winter_event_2026,336.0,312.0,336.0,358.0
2026-02-04 07:00:00,formal_winter_event_2026,346.0,320.0,346.0,372.0
2026-02-04 07:30:00,formal_winter_event_2026,346.0,320.0,346.0,372.0
2026-02-04 08:00:00,formal_winter_event_2026,350.0,326.0,350.0,376.0
2026-02-04 08:30:00,formal_winter_event_2026,326.0,292.0,326.0,368.0
2026-02-04 09:00:00,formal_winter_event_2026,326.0,286.0,326.0,372.0
2026-02-04 09:30:00,formal_winter_event_2026,322.0,270.0,322.0,374.0
2026-02-04 10:00:00,formal_winter_event_2026,326.0,268.0,326.0,384.0
2026-02-04 10:30:00,formal_winter_event_2026,328.0,274.0,328.0,388.0
2026-02-04 11:00:00,formal_winter_event_2026,328.0,266.0,328.0,392.0
2026-02-04 11:30:00,formal_winter_event_2026,496.0,396.0,496.0,732.0
2026-02-04 12:00:00,formal_winter_event_2026,332.0,270.0,332.0,410.0
2026-02-04 12:30:00,formal_winter_event_2026,354.0,284.0,354.0,448.0
2026-02-04 13:00:00,formal_winter_event_2026,318.0,218.0,318.0,414.0
2026-02-04 13:30:00,formal_winter_event_2026,91.5,-222.0,91.5,294.0
2026-02-04 14:00:00,formal_winter_event_2026,152.0,-45.25,152.0,274.0
2026-02-04 14:30:00,formal_winter_event_2026,266.0,163.0,266.0,336.0
2026-02-04 15:00:00,formal_winter_event_2026,296.0,230.0,296.0,352.0
2026-02-04 15:30:00,formal_winter_event_2026,294.0,232.0,294.0,344.0
2026-02-04 16:00:00,formal_winter_event_2026,300.0,251.0,300.0,346.0
2026-02-04 16:30:00,formal_winter_event_2026,324.0,296.0,324.0,348.0
2026-02-04 17:00:00,formal_winter_event_2026,324.0,298.0,324.0,344.0
2026-02-04 17:30:00,formal_winter_event_2026,324.0,300.0,324.0,344.0
2026-02-04 18:00:00,formal_winter_event_2026,328.0,306.0,328.0,348.0
2026-02-04 18:30:00,formal_winter_event_2026,330.0,308.0,330.0,352.0
2026-02-04 19:00:00,formal_winter_event_2026,332.0,310.0,332.0,352.0
2026-02-04 19:30:00,formal_winter_event_2026,330.0,310.0,330.0,350.0
2026-02-04 20:00:00,formal_winter_event_2026,328.0,304.0,328.0,346.0
2026-02-04 20:30:00,formal_winter_event_2026,324.0,302.0,324.0,344.0
2026-02-04 21:00:00,formal_winter_event_2026,322.0,298.0,322.0,342.0
2026-02-04 21:30:00,formal_winter_event_2026,326.0,302.0,326.0,348.0
2026-02-04 22:00:00,formal_winter_event_2026,330.0,306.0,330.0,352.0
2026-02-04 22:30:00,formal_winter_event_2026,332.0,308.0,332.0,360.0
2026-02-04 23:00:00,formal_winter_event_2026,334.0,312.0,334.0,356.0
2026-02-04 23:30:00,formal_winter_event_2026,328.0,306.0,328.0,348.0
2026-02-05 00:00:00,formal_winter_event_2026,318.0,296.0,318.0,338.0
2026-02-05 00:30:00,formal_winter_event_2026,302.0,292.0,302.0,310.0
2026-02-05 01:00:00,formal_winter_event_2026,302.0,288.0,302.0,314.0
2026-02-05 01:30:00,formal_winter_event_2026,308.0,292.0,308.0,322.0
2026-02-05 02:00:00,formal_winter_event_2026,310.0,294.0,310.0,326.0
2026-02-05 02:30:00,formal_winter_event_2026,314.0,294.0,314.0,332.0
2026-02-05 03:00:00,formal_winter_event_2026,314.0,296.0,314.0,334.0
2026-02-05 03:30:00,formal_winter_event_2026,310.0,292.0,310.0,330.0
2026-02-05 04:00:00,formal_winter_event_2026,304.0,286.0,304.0,320.0
2026-02-05 04:30:00,formal_winter_event_2026,300.0,286.0,300.0,316.0
2026-02-05 05:00:00,formal_winter_event_2026,300.0,284.0,300.0,316.0
2026-02-05 05:30:00,formal_winter_event_2026,302.0,286.0,302.0,318.0
2026-02-05 06:00:00,formal_winter_event_2026,306.0,290.0,306.0,322.0
2026-02-05 06:30:00,formal_winter_event_2026,308.0,292.0,308.0,324.0
2026-02-05 07:00:00,formal_winter_event_2026,318.0,302.0,318.0,336.0
2026-02-05 07:30:00,formal_winter_event_2026,320.0,302.0,320.0,338.0
2026-02-05 08:00:00,formal_winter_event_2026,328.0,310.0,328.0,348.0
2026-02-05 08:30:00,formal_winter_event_2026,304.0,272.0,304.0,340.0
2026-02-05 09:00:00,formal_winter_event_2026,294.0,253.0,294.0,330.0
2026-02-05 09:30:00,formal_winter_event_2026,310.0,270.0,310.0,354.0
2026-02-05 10:00:00,formal_winter_event_2026,312.0,268.0,312.0,358.0
2026-02-05 10:30:00,formal_winter_event_2026,314.0,272.0,314.0,366.0
2026-02-05 11:00:00,formal_winter_event_2026,328.0,276.0,328.0,390.0
2026-02-05 11:30:00,formal_winter_event_2026,492.0,388.0,492.0,744.0
2026-02-05 12:00:00,formal_winter_event_2026,284.0,221.0,284.0,346.0
2026-02-05 12:30:00,formal_winter_event_2026,292.0,238.0,292.0,354.0
2026-02-05 13:00:00,formal_winter_event_2026,247.0,163.0,247.0,328.0
2026-02-05 13:30:00,formal_winter_event_2026,39.75,-205.0,39.75,200.0
2026-02-05 14:00:00,formal_winter_event_2026,105.0,-54.0,105.0,221.0
2026-02-05 14:30:00,formal_winter_event_2026,202.0,114.0,202.0,272.0
2026-02-05 15:00:00,formal_winter_event_2026,233.0,160.0,233.0,290.0
2026-02-05 15:30:00,formal_winter_event_2026,264.0,208.0,264.0,318.0
2026-02-05 16:00:00,formal_winter_event_2026,292.0,245.0,292.0,336.0
2026-02-05 16:30:00,formal_winter_event_2026,302.0,282.0,302.0,318.0
2026-02-05 17:00:00,formal_winter_event_2026,300.0,282.0,300.0,318.0
2026-02-05 17:30:00,formal_winter_event_2026,302.0,284.0,302.0,318.0
2026-02-05 18:00:00,formal_winter_event_2026,306.0,288.0,306.0,322.0
2026-02-05 18:30:00,formal_winter_event_2026,310.0,292.0,310.0,326.0
2026-02-05 19:00:00,formal_winter_event_2026,312.0,296.0,312.0,328.0
2026-02-05 19:30:00,formal_winter_event_2026,314.0,298.0,314.0,330.0
2026-02-05 20:00:00,formal_winter_event_2026,314.0,298.0,314.0,332.0
2026-02-05 20:30:00,formal_winter_event_2026,316.0,300.0,316.0,334.0
2026-02-05 21:00:00,formal_winter_event_2026,316.0,300.0,316.0,334.0
2026-02-05 21:30:00,formal_winter_event_2026,318.0,300.0,318.0,338.0
2026-02-05 22:00:00,formal_winter_event_2026,330.0,312.0,330.0,350.0
2026-02-05 22:30:00,formal_winter_event_2026,340.0,322.0,340.0,366.0
2026-02-05 23:00:00,formal_winter_event_2026,340.0,320.0,340.0,362.0
2026-02-05 23:30:00,formal_winter_event_2026,316.0,296.0,316.0,336.0
2026-02-06 00:00:00,formal_winter_event_2026,302.0,280.0,302.0,320.0
2026-02-06 00:30:00,formal_winter_event_2026,300.0,288.0,300.0,310.0
2026-02-06 01:00:00,formal_winter_event_2026,302.0,288.0,302.0,314.0
2026-02-06 01:30:00,formal_winter_event_2026,308.0,294.0,308.0,322.0
2026-02-06 02:00:00,formal_winter_event_2026,312.0,294.0,312.0,326.0
2026-02-06 02:30:00,formal_winter_event_2026,314.0,296.0,314.0,330.0
2026-02-06 03:00:00,formal_winter_event_2026,314.0,296.0,314.0,330.0
2026-02-06 03:30:00,formal_winter_event_2026,312.0,294.0,312.0,328.0
2026-02-06 04:00:00,formal_winter_event_2026,306.0,288.0,306.0,322.0
2026-02-06 04:30:00,formal_winter_event_2026,304.0,288.0,304.0,320.0
2026-02-06 05:00:00,formal_winter_event_2026,306.0,290.0,306.0,322.0
2026-02-06 05:30:00,formal_winter_event_2026,308.0,292.0,308.0,324.0
2026-02-06 06:00:00,formal_winter_event_2026,312.0,296.0,312.0,326.0
2026-02-06 06:30:00,formal_winter_event_2026,312.0,296.0,312.0,328.0
2026-02-06 07:00:00,formal_winter_event_2026,316.0,300.0,316.0,334.0
2026-02-06 07:30:00,formal_winter_event_2026,324.0,306.0,324.0,342.0
2026-02-06 08:00:00,formal_winter_event_2026,326.0,310.0,326.0,344.0
2026-02-06 08:30:00,formal_winter_event_2026,312.0,292.0,312.0,332.0
2026-02-06 09:00:00,formal_winter_event_2026,310.0,290.0,310.0,332.0
2026-02-06 09:30:00,formal_winter_event_2026,318.0,292.0,318.0,342.0
2026-02-06 10:00:00,formal_winter_event_2026,322.0,288.0,322.0,352.0
2026-02-06 10:30:00,formal_winter_event_2026,326.0,288.0,326.0,368.0
2026-02-06 11:00:00,formal_winter_event_2026,334.0,296.0,334.0,376.0
2026-02-06 11:30:00,formal_winter_event_2026,392.0,358.0,392.0,470.0
2026-02-06 12:00:00,formal_winter_event_2026,314.0,282.0,314.0,346.0
2026-02-06 12:30:00,formal_winter_event_2026,328.0,296.0,328.0,364.0
2026-02-06 13:00:00,formal_winter_event_2026,310.0,242.0,310.0,370.0
2026-02-06 13:30:00,formal_winter_event_2026,252.0,83.0,252.0,360.0
2026-02-06 14:00:00,formal_winter_event_2026,274.0,126.5,274.0,366.0
2026-02-06 14:30:00,formal_winter_event_2026,328.0,278.0,328.0,376.0
2026-02-06 15:00:00,formal_winter_event_2026,322.0,292.0,322.0,354.0
2026-02-06 15:30:00,formal_winter_event_2026,330.0,304.0,330.0,354.0
2026-02-06 16:00:00,formal_winter_event_2026,334.0,308.0,334.0,366.0
2026-02-06 16:30:00,formal_winter_event_2026,328.0,312.0,328.0,346.0
2026-02-06 17:00:00,formal_winter_event_2026,322.0,306.0,322.0,338.0
2026-02-06 17:30:00,formal_winter_event_2026,318.0,304.0,318.0,332.0
2026-02-06 18:00:00,formal_winter_event_2026,318.0,304.0,318.0,332.0
2026-02-06 18:30:00,formal_winter_event_2026,322.0,310.0,322.0,338.0
2026-02-06 19:00:00,formal_winter_event_2026,326.0,310.0,326.0,340.0
2026-02-06 19:30:00,formal_winter_event_2026,326.0,312.0,326.0,340.0
2026-02-06 20:00:00,formal_winter_event_2026,324.0,312.0,324.0,338.0
2026-02-06 20:30:00,formal_winter_event_2026,324.0,310.0,324.0,338.0
2026-02-06 21:00:00,formal_winter_event_2026,324.0,308.0,324.0,338.0
2026-02-06 21:30:00,formal_winter_event_2026,322.0,308.0,322.0,336.0
2026-02-06 22:00:00,formal_winter_event_2026,326.0,310.0,326.0,340.0
2026-02-06 22:30:00,formal_winter_event_2026,334.0,320.0,334.0,350.0
2026-02-06 23:00:00,formal_winter_event_2026,338.0,324.0,338.0,354.0
2026-02-06 23:30:00,formal_winter_event_2026,326.0,310.0,326.0,340.0
2026-02-07 00:00:00,formal_winter_event_2026,314.0,298.0,314.0,328.0
2026-02-07 00:30:00,formal_winter_event_2026,300.0,290.0,300.0,310.0
2026-02-07 01:00:00,formal_winter_event_2026,302.0,290.0,302.0,314.0
2026-02-07 01:30:00,formal_winter_event_2026,310.0,296.0,310.0,322.0
2026-02-07 02:00:00,formal_winter_event_2026,316.0,302.0,316.0,328.0
2026-02-07 02:30:00,formal_winter_event_2026,318.0,302.0,318.0,332.0
2026-02-07 03:00:00,formal_winter_event_2026,316.0,300.0,316.0,330.0
2026-02-07 03:30:00,formal_winter_event_2026,314.0,298.0,314.0,328.0
2026-02-07 04:00:00,formal_winter_event_2026,310.0,294.0,310.0,324.0
2026-02-07 04:30:00,formal_winter_event_2026,306.0,290.0,306.0,320.0
2026-02-07 05:00:00,formal_winter_event_2026,304.0,288.0,304.0,320.0
2026-02-07 05:30:00,formal_winter_event_2026,304.0,288.0,304.0,320.0
2026-02-07 06:00:00,formal_winter_event_2026,302.0,286.0,302.0,318.0
2026-02-07 06:30:00,formal_winter_event_2026,300.0,282.0,300.0,316.0
2026-02-07 07:00:00,formal_winter_event_2026,302.0,284.0,302.0,320.0
2026-02-07 07:30:00,formal_winter_event_2026,310.0,292.0,310.0,326.0
2026-02-07 08:00:00,formal_winter_event_2026,312.0,296.0,312.0,330.0
2026-02-07 08:30:00,formal_winter_event_2026,292.0,268.0,292.0,312.0
2026-02-07 09:00:00,formal_winter_event_2026,302.0,278.0,302.0,322.0
2026-02-07 09:30:00,formal_winter_event_2026,306.0,282.0,306.0,328.0
2026-02-07 10:00:00,formal_winter_event_2026,314.0,290.0,314.0,342.0
2026-02-07 10:30:00,formal_winter_event_2026,322.0,294.0,322.0,356.0
2026-02-07 11:00:00,formal_winter_event_2026,326.0,292.0,326.0,368.0
2026-02-07 11:30:00,formal_winter_event_2026,432.0,378.0,432.0,560.0
2026-02-07 12:00:00,formal_winter_event_2026,314.0,284.0,314.0,352.0
2026-02-07 12:30:00,formal_winter_event_2026,312.0,280.0,312.0,350.0
2026-02-07 13:00:00,formal_winter_event_2026,298.0,246.0,298.0,348.0
2026-02-07 13:30:00,formal_winter_event_2026,247.0,148.0,247.0,324.0
2026-02-07 14:00:00,formal_winter_event_2026,262.0,169.0,262.0,328.0
2026-02-07 14:30:00,formal_winter_event_2026,296.0,241.0,296.0,352.0
2026-02-07 15:00:00,formal_winter_event_2026,302.0,262.0,302.0,338.0
2026-02-07 15:30:00,formal_winter_event_2026,302.0,270.0,302.0,330.0
2026-02-07 16:00:00,formal_winter_event_2026,304.0,274.0,304.0,330.0
2026-02-07 16:30:00,formal_winter_event_2026,300.0,282.0,300.0,316.0
2026-02-07 17:00:00,formal_winter_event_2026,302.0,286.0,302.0,318.0
2026-02-07 17:30:00,formal_winter_event_2026,302.0,286.0,302.0,316.0
2026-02-07 18:00:00,formal_winter_event_2026,300.0,286.0,300.0,316.0
2026-02-07 18:30:00,formal_winter_event_2026,304.0,288.0,304.0,318.0
2026-02-07 19:00:00,formal_winter_event_2026,306.0,290.0,306.0,320.0
2026-02-07 19:30:00,formal_winter_event_2026,304.0,288.0,304.0,318.0
2026-02-07 20:00:00,formal_winter_event_2026,302.0,288.0,302.0,316.0
2026-02-07 20:30:00,formal_winter_event_2026,304.0,288.0,304.0,318.0
2026-02-07 21:00:00,formal_winter_event_2026,304.0,290.0,304.0,320.0
2026-02-07 21:30:00,formal_winter_event_2026,304.0,288.0,304.0,320.0
2026-02-07 22:00:00,formal_winter_event_2026,306.0,290.0,306.0,322.0
2026-02-07 22:30:00,formal_winter_event_2026,316.0,300.0,316.0,332.0
2026-02-07 23:00:00,formal_winter_event_2026,324.0,308.0,324.0,344.0
2026-02-07 23:30:00,formal_winter_event_2026,318.0,302.0,318.0,334.0
2026-02-08 00:00:00,formal_winter_event_2026,306.0,288.0,306.0,322.0
2026-02-08 00:30:00,formal_winter_event_2026,338.0,318.0,338.0,376.0
2026-02-08 01:00:00,formal_winter_event_2026,336.0,314.0,336.0,396.0
2026-02-08 01:30:00,formal_winter_event_2026,336.0,312.0,336.0,396.0
2026-02-08 02:00:00,formal_winter_event_2026,332.0,306.0,332.0,390.0
2026-02-08 02:30:00,formal_winter_event_2026,326.0,296.0,326.0,408.0
2026-02-08 03:00:00,formal_winter_event_2026,320.0,294.0,320.0,394.0
2026-02-08 03:30:00,formal_winter_event_2026,320.0,294.0,320.0,382.0
2026-02-08 04:00:00,formal_winter_event_2026,316.0,294.0,316.0,354.0
2026-02-08 04:30:00,formal_winter_event_2026,314.0,290.0,314.0,356.0
2026-02-08 05:00:00,formal_winter_event_2026,314.0,290.0,314.0,350.0
2026-02-08 05:30:00,formal_winter_event_2026,314.0,294.0,314.0,348.0
2026-02-08 06:00:00,formal_winter_event_2026,314.0,294.0,314.0,350.0
2026-02-08 06:30:00,formal_winter_event_2026,318.0,294.0,318.0,356.0
2026-02-08 07:00:00,formal_winter_event_2026,326.0,298.0,326.0,380.0
2026-02-08 07:30:00,formal_winter_event_2026,330.0,304.0,330.0,382.0
2026-02-08 08:00:00,formal_winter_event_2026,326.0,300.0,326.0,374.0
2026-02-08 08:30:00,formal_winter_event_2026,214.0,7.75,214.0,312.0
2026-02-08 09:00:00,formal_winter_event_2026,75.5,-304.0,75.5,229.0
2026-02-08 09:30:00,formal_winter_event_2026,66.0,-356.0,66.0,241.0
2026-02-08 10:00:00,formal_winter_event_2026,91.0,-346.0,91.0,278.0
2026-02-08 10:30:00,formal_winter_event_2026,118.0,-426.0,118.0,374.0
2026-02-08 11:00:00,formal_winter_event_2026,126.0,-556.0,126.0,450.0
2026-02-08 11:30:00,formal_winter_event_2026,282.0,-36.0,282.0,700.0
2026-02-08 12:00:00,formal_winter_event_2026,64.0,-556.0,64.0,382.0
2026-02-08 12:30:00,formal_winter_event_2026,97.5,-502.0,97.5,428.0
2026-02-08 13:00:00,formal_winter_event_2026,18.625,-584.0,18.625,320.0
2026-02-08 13:30:00,formal_winter_event_2026,-264.0,-1256.0,-264.0,122.0
2026-02-08 14:00:00,formal_winter_event_2026,-218.0,-1024.0,-218.0,108.0
2026-02-08 14:30:00,formal_winter_event_2026,-54.75,-676.0,-54.75,176.0
2026-02-08 15:00:00,formal_winter_event_2026,-26.875,-600.0,-26.875,180.0
2026-02-08 15:30:00,formal_winter_event_2026,73.0,-324.0,73.0,224.0
2026-02-08 16:00:00,formal_winter_event_2026,218.0,-3.453125,218.0,330.0
2026-02-08 16:30:00,formal_winter_event_2026,314.0,294.0,314.0,348.0
2026-02-08 17:00:00,formal_winter_event_2026,312.0,294.0,312.0,338.0
2026-02-08 17:30:00,formal_winter_event_2026,312.0,294.0,312.0,336.0
2026-02-08 18:00:00,formal_winter_event_2026,314.0,298.0,314.0,338.0
2026-02-08 18:30:00,formal_winter_event_2026,318.0,298.0,318.0,342.0
2026-02-08 19:00:00,formal_winter_event_2026,320.0,300.0,320.0,346.0
2026-02-08 19:30:00,formal_winter_event_2026,324.0,306.0,324.0,352.0
2026-02-08 20:00:00,formal_winter_event_2026,320.0,306.0,320.0,346.0
2026-02-08 20:30:00,formal_winter_event_2026,318.0,302.0,318.0,344.0
2026-02-08 21:00:00,formal_winter_event_2026,318.0,302.0,318.0,350.0
2026-02-08 21:30:00,formal_winter_event_2026,320.0,302.0,320.0,364.0
2026-02-08 22:00:00,formal_winter_event_2026,324.0,300.0,324.0,416.0
2026-02-08 22:30:00,formal_winter_event_2026,360.0,308.0,360.0,700.0
2026-02-08 23:00:00,formal_winter_event_2026,380.0,308.0,380.0,768.0
2026-02-08 23:30:00,formal_winter_event_2026,334.0,304.0,334.0,510.0
2026-02-09 00:00:00,formal_winter_event_2026,320.0,296.0,320.0,426.0
2026-02-09 00:30:00,formal_winter_event_2026,334.0,298.0,334.0,426.0
2026-02-09 01:00:00,formal_winter_event_2026,328.0,296.0,328.0,394.0
2026-02-09 01:30:00,formal_winter_event_2026,332.0,302.0,332.0,372.0
2026-02-09 02:00:00,formal_winter_event_2026,332.0,310.0,332.0,368.0
2026-02-09 02:30:00,formal_winter_event_2026,334.0,306.0,334.0,392.0
2026-02-09 03:00:00,formal_winter_event_2026,326.0,296.0,326.0,370.0
2026-02-09 03:30:00,formal_winter_event_2026,324.0,296.0,324.0,370.0
2026-02-09 04:00:00,formal_winter_event_2026,320.0,290.0,320.0,356.0
2026-02-09 04:30:00,formal_winter_event_2026,314.0,282.0,314.0,360.0
2026-02-09 05:00:00,formal_winter_event_2026,318.0,290.0,318.0,354.0
2026-02-09 05:30:00,formal_winter_event_2026,320.0,292.0,320.0,350.0
2026-02-09 06:00:00,formal_winter_event_2026,324.0,294.0,324.0,368.0
2026-02-09 06:30:00,formal_winter_event_2026,328.0,294.0,328.0,392.0
2026-02-09 07:00:00,formal_winter_event_2026,348.0,314.0,348.0,448.0
2026-02-09 07:30:00,formal_winter_event_2026,370.0,330.0,370.0,510.0
2026-02-09 08:00:00,formal_winter_event_2026,348.0,312.0,348.0,468.0
2026-02-09 08:30:00,formal_winter_event_2026,249.0,144.0,249.0,400.0
2026-02-09 09:00:00,formal_winter_event_2026,218.0,85.0,218.0,398.0
2026-02-09 09:30:00,formal_winter_event_2026,196.0,44.75,196.0,414.0
2026-02-09 10:00:00,formal_winter_event_2026,268.0,87.0,268.0,596.0
2026-02-09 10:30:00,formal_winter_event_2026,284.0,66.5,284.0,840.0
2026-02-09 11:00:00,formal_winter_event_2026,255.0,13.75,255.0,816.0
2026-02-09 11:30:00,formal_winter_event_2026,394.0,124.0,394.0,1144.0
2026-02-09 12:00:00,formal_winter_event_2026,253.0,2.890625,253.0,884.0
2026-02-09 12:30:00,formal_winter_event_2026,258.0,-8.25,258.0,832.0
2026-02-09 13:00:00,formal_winter_event_2026,216.0,-43.5,216.0,728.0
2026-02-09 13:30:00,formal_winter_event_2026,-31.5,-245.0,-31.5,284.0
2026-02-09 14:00:00,formal_winter_event_2026,127.0,-46.75,127.0,364.0
2026-02-09 14:30:00,formal_winter_event_2026,207.0,42.25,207.0,442.0
2026-02-09 15:00:00,formal_winter_event_2026,242.0,82.5,242.0,462.0
2026-02-09 15:30:00,formal_winter_event_2026,268.0,127.0,268.0,488.0
2026-02-09 16:00:00,formal_winter_event_2026,266.0,125.0,266.0,480.0
2026-02-09 16:30:00,formal_winter_event_2026,332.0,251.0,332.0,564.0
2026-02-09 17:00:00,formal_winter_event_2026,350.0,288.0,350.0,504.0
2026-02-09 17:30:00,formal_winter_event_2026,340.0,302.0,340.0,410.0
2026-02-09 18:00:00,formal_winter_event_2026,334.0,308.0,334.0,390.0
2026-02-09 18:30:00,formal_winter_event_2026,332.0,300.0,332.0,406.0
2026-02-09 19:00:00,formal_winter_event_2026,342.0,306.0,342.0,416.0
2026-02-09 19:30:00,formal_winter_event_2026,342.0,308.0,342.0,402.0
2026-02-09 20:00:00,formal_winter_event_2026,338.0,304.0,338.0,394.0
2026-02-09 20:30:00,formal_winter_event_2026,350.0,318.0,350.0,418.0
2026-02-09 21:00:00,formal_winter_event_2026,354.0,324.0,354.0,442.0
2026-02-09 21:30:00,formal_winter_event_2026,360.0,324.0,360.0,474.0
2026-02-09 22:00:00,formal_winter_event_2026,364.0,322.0,364.0,548.0
2026-02-09 22:30:00,formal_winter_event_2026,380.0,274.0,380.0,768.0
2026-02-09 23:00:00,formal_winter_event_2026,418.0,306.0,418.0,920.0
2026-02-09 23:30:00,formal_winter_event_2026,412.0,340.0,412.0,764.0
2026-02-10 00:00:00,formal_winter_event_2026,364.0,310.0,364.0,596.0
2026-02-10 00:30:00,formal_winter_event_2026,308.0,282.0,308.0,332.0
2026-02-10 01:00:00,formal_winter_event_2026,306.0,284.0,306.0,330.0
2026-02-10 01:30:00,formal_winter_event_2026,308.0,286.0,308.0,326.0
2026-02-10 02:00:00,formal_winter_event_2026,310.0,292.0,310.0,326.0
2026-02-10 02:30:00,formal_winter_event_2026,312.0,292.0,312.0,330.0
2026-02-10 03:00:00,formal_winter_event_2026,312.0,294.0,312.0,334.0
2026-02-10 03:30:00,formal_winter_event_2026,312.0,294.0,312.0,330.0
2026-02-10 04:00:00,formal_winter_event_2026,310.0,292.0,310.0,326.0
2026-02-10 04:30:00,formal_winter_event_2026,310.0,292.0,310.0,324.0
2026-02-10 05:00:00,formal_winter_event_2026,308.0,292.0,308.0,322.0
2026-02-10 05:30:00,formal_winter_event_2026,310.0,292.0,310.0,322.0
2026-02-10 06:00:00,formal_winter_event_2026,310.0,292.0,310.0,328.0
2026-02-10 06:30:00,formal_winter_event_2026,314.0,294.0,314.0,330.0
2026-02-10 07:00:00,formal_winter_event_2026,318.0,298.0,318.0,342.0
2026-02-10 07:30:00,formal_winter_event_2026,326.0,302.0,326.0,362.0
2026-02-10 08:00:00,formal_winter_event_2026,330.0,294.0,330.0,382.0
2026-02-10 08:30:00,formal_winter_event_2026,238.0,134.0,238.0,402.0
2026-02-10 09:00:00,formal_winter_event_2026,185.0,40.5,185.0,406.0
2026-02-10 09:30:00,formal_winter_event_2026,144.0,-29.25,144.0,456.0
2026-02-10 10:00:00,formal_winter_event_2026,220.0,-15.0,220.0,676.0
2026-02-10 10:30:00,formal_winter_event_2026,274.0,-59.25,274.0,912.0
2026-02-10 11:00:00,formal_winter_event_2026,166.0,-128.0,166.0,924.0
2026-02-10 11:30:00,formal_winter_event_2026,262.0,-173.0,262.0,1176.0
2026-02-10 12:00:00,formal_winter_event_2026,210.0,-200.0,210.0,1208.0
2026-02-10 12:30:00,formal_winter_event_2026,177.0,-192.0,177.0,1176.0
2026-02-10 13:00:00,formal_winter_event_2026,127.5,-221.0,127.5,1016.0
2026-02-10 13:30:00,formal_winter_event_2026,2.890625,-204.0,2.890625,520.0
2026-02-10 14:00:00,formal_winter_event_2026,17.5,-139.0,17.5,420.0
2026-02-10 14:30:00,formal_winter_event_2026,43.0,-107.5,43.0,398.0
2026-02-10 15:00:00,formal_winter_event_2026,96.5,-53.0,96.5,388.0
2026-02-10 15:30:00,formal_winter_event_2026,201.0,30.375,201.0,480.0
2026-02-10 16:00:00,formal_winter_event_2026,250.0,86.5,250.0,528.0
2026-02-10 16:30:00,formal_winter_event_2026,306.0,248.0,306.0,390.0
2026-02-10 17:00:00,formal_winter_event_2026,308.0,264.0,308.0,368.0
2026-02-10 17:30:00,formal_winter_event_2026,312.0,284.0,312.0,340.0
2026-02-10 18:00:00,formal_winter_event_2026,312.0,292.0,312.0,334.0
2026-02-10 18:30:00,formal_winter_event_2026,314.0,292.0,314.0,336.0
2026-02-10 19:00:00,formal_winter_event_2026,314.0,294.0,314.0,338.0
2026-02-10 19:30:00,formal_winter_event_2026,314.0,294.0,314.0,334.0
2026-02-10 20:00:00,formal_winter_event_2026,312.0,292.0,312.0,332.0
2026-02-10 20:30:00,formal_winter_event_2026,316.0,298.0,316.0,336.0
2026-02-10 21:00:00,formal_winter_event_2026,316.0,296.0,316.0,338.0
2026-02-10 21:30:00,formal_winter_event_2026,316.0,296.0,316.0,342.0
2026-02-10 22:00:00,formal_winter_event_2026,318.0,294.0,318.0,356.0
2026-02-10 22:30:00,formal_winter_event_2026,324.0,282.0,324.0,420.0
2026-02-10 23:00:00,formal_winter_event_2026,328.0,282.0,328.0,434.0
2026-02-10 23:30:00,formal_winter_event_2026,320.0,286.0,320.0,398.0
2026-02-11 00:00:00,formal_winter_event_2026,314.0,284.0,314.0,380.0
2026-02-11 00:30:00,formal_winter_event_2026,306.0,280.0,306.0,338.0
2026-02-11 01:00:00,formal_winter_event_2026,302.0,280.0,302.0,328.0
2026-02-11 01:30:00,formal_winter_event_2026,298.0,276.0,298.0,316.0
2026-02-11 02:00:00,formal_winter_event_2026,302.0,284.0,302.0,320.0
2026-02-11 02:30:00,formal_winter_event_2026,302.0,286.0,302.0,320.0
2026-02-11 03:00:00,formal_winter_event_2026,302.0,284.0,302.0,322.0
2026-02-11 03:30:00,formal_winter_event_2026,300.0,282.0,300.0,314.0
2026-02-11 04:00:00,formal_winter_event_2026,296.0,278.0,296.0,310.0
2026-02-11 04:30:00,formal_winter_event_2026,296.0,280.0,296.0,308.0
2026-02-11 05:00:00,formal_winter_event_2026,294.0,280.0,294.0,306.0
2026-02-11 05:30:00,formal_winter_event_2026,296.0,280.0,296.0,308.0
2026-02-11 06:00:00,formal_winter_event_2026,300.0,284.0,300.0,318.0
2026-02-11 06:30:00,formal_winter_event_2026,304.0,286.0,304.0,322.0
2026-02-11 07:00:00,formal_winter_event_2026,308.0,288.0,308.0,326.0
2026-02-11 07:30:00,formal_winter_event_2026,306.0,290.0,306.0,332.0
2026-02-11 08:00:00,formal_winter_event_2026,308.0,286.0,308.0,344.0
2026-02-11 08:30:00,formal_winter_event_2026,106.5,-67.5,106.5,340.0
2026-02-11 09:00:00,formal_winter_event_2026,-61.5,-238.0,-61.5,274.0
2026-02-11 09:30:00,formal_winter_event_2026,-113.0,-296.0,-113.0,282.0
2026-02-11 10:00:00,formal_winter_event_2026,-119.5,-314.0,-119.5,332.0
2026-02-11 10:30:00,formal_winter_event_2026,-67.5,-314.0,-67.5,478.0
2026-02-11 11:00:00,formal_winter_event_2026,-70.5,-306.0,-70.5,496.0
2026-02-11 11:30:00,formal_winter_event_2026,30.875,-330.0,30.875,772.0
2026-02-11 12:00:00,formal_winter_event_2026,-49.5,-340.0,-49.5,652.0
2026-02-11 12:30:00,formal_winter_event_2026,-109.5,-374.0,-109.5,520.0
2026-02-11 13:00:00,formal_winter_event_2026,-225.0,-412.0,-225.0,386.0
2026-02-11 13:30:00,formal_winter_event_2026,-260.0,-418.0,-260.0,84.0
2026-02-11 14:00:00,formal_winter_event_2026,-238.0,-380.0,-238.0,-20.625
2026-02-11 14:30:00,formal_winter_event_2026,-221.0,-350.0,-221.0,-17.875
2026-02-11 15:00:00,formal_winter_event_2026,-170.0,-324.0,-170.0,75.0
2026-02-11 15:30:00,formal_winter_event_2026,-83.5,-255.0,-83.5,185.0
2026-02-11 16:00:00,formal_winter_event_2026,48.0,-130.0,48.0,266.0
2026-02-11 16:30:00,formal_winter_event_2026,296.0,225.0,296.0,388.0
2026-02-11 17:00:00,formal_winter_event_2026,302.0,256.0,302.0,366.0
2026-02-11 17:30:00,formal_winter_event_2026,300.0,272.0,300.0,330.0
2026-02-11 18:00:00,formal_winter_event_2026,294.0,272.0,294.0,314.0
2026-02-11 18:30:00,formal_winter_event_2026,294.0,270.0,294.0,312.0
2026-02-11 19:00:00,formal_winter_event_2026,294.0,274.0,294.0,316.0
2026-02-11 19:30:00,formal_winter_event_2026,296.0,276.0,296.0,312.0
2026-02-11 20:00:00,formal_winter_event_2026,290.0,270.0,290.0,310.0
2026-02-11 20:30:00,formal_winter_event_2026,292.0,272.0,292.0,310.0
2026-02-11 21:00:00,formal_winter_event_2026,290.0,272.0,290.0,308.0
2026-02-11 21:30:00,formal_winter_event_2026,292.0,272.0,292.0,310.0
2026-02-11 22:00:00,formal_winter_event_2026,294.0,274.0,294.0,320.0
2026-02-11 22:30:00,formal_winter_event_2026,300.0,272.0,300.0,348.0
2026-02-11 23:00:00,formal_winter_event_2026,306.0,276.0,306.0,360.0
2026-02-11 23:30:00,formal_winter_event_2026,304.0,280.0,304.0,344.0
2026-02-12 00:00:00,formal_winter_event_2026,298.0,274.0,298.0,336.0
2026-02-12 00:30:00,formal_winter_event_2026,308.0,268.0,308.0,436.0
2026-02-12 01:00:00,formal_winter_event_2026,322.0,282.0,322.0,456.0
2026-02-12 01:30:00,formal_winter_event_2026,330.0,296.0,330.0,404.0
2026-02-12 02:00:00,formal_winter_event_2026,334.0,306.0,334.0,398.0
2026-02-12 02:30:00,formal_winter_event_2026,346.0,308.0,346.0,446.0
2026-02-12 03:00:00,formal_winter_event_2026,342.0,310.0,342.0,440.0
2026-02-12 03:30:00,formal_winter_event_2026,344.0,314.0,344.0,434.0
2026-02-12 04:00:00,formal_winter_event_2026,336.0,304.0,336.0,416.0
2026-02-12 04:30:00,formal_winter_event_2026,338.0,302.0,338.0,460.0
2026-02-12 05:00:00,formal_winter_event_2026,338.0,308.0,338.0,448.0
2026-02-12 05:30:00,formal_winter_event_2026,334.0,308.0,334.0,404.0
2026-02-12 06:00:00,formal_winter_event_2026,338.0,308.0,338.0,406.0
2026-02-12 06:30:00,formal_winter_event_2026,340.0,304.0,340.0,416.0
2026-02-12 07:00:00,formal_winter_event_2026,362.0,322.0,362.0,504.0
2026-02-12 07:30:00,formal_winter_event_2026,372.0,330.0,372.0,552.0
2026-02-12 08:00:00,formal_winter_event_2026,372.0,330.0,372.0,580.0
2026-02-12 08:30:00,formal_winter_event_2026,100.5,-99.0,100.5,412.0
2026-02-12 09:00:00,formal_winter_event_2026,26.5,-131.0,26.5,344.0
2026-02-12 09:30:00,formal_winter_event_2026,5.0625,-148.0,5.0625,332.0
2026-02-12 10:00:00,formal_winter_event_2026,-1.0703125,-144.0,-1.0703125,324.0
2026-02-12 10:30:00,formal_winter_event_2026,17.125,-141.0,17.125,330.0
2026-02-12 11:00:00,formal_winter_event_2026,26.5,-127.5,26.5,316.0
2026-02-12 11:30:00,formal_winter_event_2026,102.5,-108.5,102.5,370.0
2026-02-12 12:00:00,formal_winter_event_2026,53.25,-114.5,53.25,334.0
2026-02-12 12:30:00,formal_winter_event_2026,52.25,-141.0,52.25,340.0
2026-02-12 13:00:00,formal_winter_event_2026,-84.0,-172.0,-84.0,215.0
2026-02-12 13:30:00,formal_winter_event_2026,-111.5,-190.0,-111.5,158.0
2026-02-12 14:00:00,formal_winter_event_2026,-35.75,-165.0,-35.75,296.0
2026-02-12 14:30:00,formal_winter_event_2026,27.625,-144.0,27.625,366.0
2026-02-12 15:00:00,formal_winter_event_2026,123.5,-124.5,123.5,488.0
2026-02-12 15:30:00,formal_winter_event_2026,181.0,-108.5,181.0,560.0
2026-02-12 16:00:00,formal_winter_event_2026,334.0,36.75,334.0,716.0
2026-02-12 16:30:00,formal_winter_event_2026,400.0,298.0,400.0,988.0
2026-02-12 17:00:00,formal_winter_event_2026,382.0,284.0,382.0,920.0
2026-02-12 17:30:00,formal_winter_event_2026,330.0,300.0,330.0,548.0
2026-02-12 18:00:00,formal_winter_event_2026,324.0,310.0,324.0,442.0
2026-02-12 18:30:00,formal_winter_event_2026,322.0,294.0,322.0,450.0
2026-02-12 19:00:00,formal_winter_event_2026,316.0,284.0,316.0,460.0
2026-02-12 19:30:00,formal_winter_event_2026,330.0,300.0,330.0,450.0
2026-02-12 20:00:00,formal_winter_event_2026,324.0,298.0,324.0,430.0
2026-02-12 20:30:00,formal_winter_event_2026,340.0,310.0,340.0,520.0
2026-02-12 21:00:00,formal_winter_event_2026,342.0,314.0,342.0,520.0
2026-02-12 21:30:00,formal_winter_event_2026,334.0,310.0,334.0,476.0
2026-02-12 22:00:00,formal_winter_event_2026,328.0,294.0,328.0,478.0
2026-02-12 22:30:00,formal_winter_event_2026,346.0,274.0,346.0,736.0
2026-02-12 23:00:00,formal_winter_event_2026,420.0,266.0,420.0,1056.0
2026-02-12 23:30:00,formal_winter_event_2026,352.0,294.0,352.0,700.0
2026-02-13 00:00:00,formal_winter_event_2026,330.0,292.0,330.0,506.0
2026-02-13 00:30:00,formal_winter_event_2026,304.0,137.0,304.0,524.0
2026-02-13 01:00:00,formal_winter_event_2026,310.0,136.0,310.0,588.0
2026-02-13 01:30:00,formal_winter_event_2026,306.0,113.5,306.0,600.0
2026-02-13 02:00:00,formal_winter_event_2026,316.0,156.0,316.0,584.0
2026-02-13 02:30:00,formal_winter_event_2026,314.0,165.0,314.0,616.0
2026-02-13 03:00:00,formal_winter_event_2026,304.0,132.0,304.0,644.0
2026-02-13 03:30:00,formal_winter_event_2026,308.0,169.0,308.0,612.0
2026-02-13 04:00:00,formal_winter_event_2026,306.0,203.0,306.0,532.0
2026-02-13 04:30:00,formal_winter_event_2026,300.0,204.0,300.0,490.0
2026-02-13 05:00:00,formal_winter_event_2026,298.0,207.0,298.0,480.0
2026-02-13 05:30:00,formal_winter_event_2026,304.0,217.0,304.0,480.0
2026-02-13 06:00:00,formal_winter_event_2026,306.0,216.0,306.0,494.0
2026-02-13 06:30:00,formal_winter_event_2026,292.0,165.0,292.0,512.0
2026-02-13 07:00:00,formal_winter_event_2026,294.0,143.0,294.0,572.0
2026-02-13 07:30:00,formal_winter_event_2026,302.0,113.5,302.0,660.0
2026-02-13 08:00:00,formal_winter_event_2026,302.0,105.5,302.0,672.0
2026-02-13 08:30:00,formal_winter_event_2026,280.0,27.5,280.0,584.0
2026-02-13 09:00:00,formal_winter_event_2026,278.0,15.0625,278.0,592.0
2026-02-13 09:30:00,formal_winter_event_2026,308.0,47.75,308.0,616.0
2026-02-13 10:00:00,formal_winter_event_2026,354.0,101.0,354.0,688.0
2026-02-13 10:30:00,formal_winter_event_2026,350.0,74.0,350.0,712.0
2026-02-13 11:00:00,formal_winter_event_2026,360.0,37.25,360.0,780.0
2026-02-13 11:30:00,formal_winter_event_2026,390.0,61.75,390.0,856.0
2026-02-13 12:00:00,formal_winter_event_2026,288.0,-54.0,288.0,656.0
2026-02-13 12:30:00,formal_winter_event_2026,276.0,-78.0,276.0,668.0
2026-02-13 13:00:00,formal_winter_event_2026,280.0,-103.0,280.0,676.0
2026-02-13 13:30:00,formal_winter_event_2026,270.0,-123.0,270.0,680.0
2026-02-13 14:00:00,formal_winter_event_2026,284.0,-54.0,284.0,676.0
2026-02-13 14:30:00,formal_winter_event_2026,284.0,-45.25,284.0,692.0
2026-02-13 15:00:00,formal_winter_event_2026,324.0,-12.125,324.0,736.0
2026-02-13 15:30:00,formal_winter_event_2026,360.0,73.0,360.0,760.0
2026-02-13 16:00:00,formal_winter_event_2026,388.0,124.0,388.0,756.0
2026-02-13 16:30:00,formal_winter_event_2026,310.0,143.0,310.0,664.0
2026-02-13 17:00:00,formal_winter_event_2026,314.0,165.0,314.0,608.0
2026-02-13 17:30:00,formal_winter_event_2026,310.0,190.0,310.0,548.0
2026-02-13 18:00:00,formal_winter_event_2026,296.0,191.0,296.0,498.0
2026-02-13 18:30:00,formal_winter_event_2026,282.0,151.0,282.0,516.0
2026-02-13 19:00:00,formal_winter_event_2026,276.0,88.5,276.0,584.0
2026-02-13 19:30:00,formal_winter_event_2026,270.0,63.0,270.0,616.0
2026-02-13 20:00:00,formal_winter_event_2026,260.0,71.0,260.0,560.0
2026-02-13 20:30:00,formal_winter_event_2026,264.0,118.5,264.0,528.0
2026-02-13 21:00:00,formal_winter_event_2026,274.0,152.0,274.0,516.0
2026-02-13 21:30:00,formal_winter_event_2026,276.0,149.0,276.0,532.0
2026-02-13 22:00:00,formal_winter_event_2026,286.0,164.0,286.0,520.0
2026-02-13 22:30:00,formal_winter_event_2026,294.0,163.0,294.0,584.0
2026-02-13 23:00:00,formal_winter_event_2026,300.0,153.0,300.0,600.0
2026-02-13 23:30:00,formal_winter_event_2026,300.0,179.0,300.0,544.0
2026-02-14 00:00:00,formal_winter_event_2026,292.0,183.0,292.0,504.0
2026-02-14 00:30:00,formal_winter_event_2026,264.0,43.75,264.0,474.0
2026-02-14 01:00:00,formal_winter_event_2026,272.0,49.0,272.0,506.0
2026-02-14 01:30:00,formal_winter_event_2026,272.0,41.0,272.0,468.0
2026-02-14 02:00:00,formal_winter_event_2026,292.0,139.0,292.0,438.0
2026-02-14 02:30:00,formal_winter_event_2026,302.0,173.0,302.0,468.0
2026-02-14 03:00:00,formal_winter_event_2026,298.0,192.0,298.0,440.0
2026-02-14 03:30:00,formal_winter_event_2026,310.0,226.0,310.0,448.0
2026-02-14 04:00:00,formal_winter_event_2026,310.0,242.0,310.0,428.0
2026-02-14 04:30:00,formal_winter_event_2026,310.0,229.0,310.0,446.0
2026-02-14 05:00:00,formal_winter_event_2026,312.0,244.0,312.0,414.0
2026-02-14 05:30:00,formal_winter_event_2026,310.0,247.0,310.0,412.0
2026-02-14 06:00:00,formal_winter_event_2026,298.0,230.0,298.0,380.0
2026-02-14 06:30:00,formal_winter_event_2026,294.0,201.0,294.0,398.0
2026-02-14 07:00:00,formal_winter_event_2026,304.0,196.0,304.0,432.0
2026-02-14 07:30:00,formal_winter_event_2026,324.0,212.0,324.0,520.0
2026-02-14 08:00:00,formal_winter_event_2026,334.0,194.0,334.0,592.0
2026-02-14 08:30:00,formal_winter_event_2026,290.0,16.375,290.0,592.0
2026-02-14 09:00:00,formal_winter_event_2026,358.0,64.5,358.0,720.0
2026-02-14 09:30:00,formal_winter_event_2026,344.0,37.0,344.0,744.0
2026-02-14 10:00:00,formal_winter_event_2026,864.0,356.0,864.0,1816.0
2026-02-14 10:30:00,formal_winter_event_2026,1020.0,392.0,1020.0,2256.0
2026-02-14 11:00:00,formal_winter_event_2026,472.0,93.0,472.0,1072.0
2026-02-14 11:30:00,formal_winter_event_2026,1200.0,400.0,1200.0,3024.0
2026-02-14 12:00:00,formal_winter_event_2026,1328.0,404.0,1328.0,3120.0
2026-02-14 12:30:00,formal_winter_event_2026,1280.0,360.0,1280.0,3392.0
2026-02-14 13:00:00,formal_winter_event_2026,1072.0,298.0,1072.0,2592.0
2026-02-14 13:30:00,formal_winter_event_2026,100.0,-358.0,100.0,444.0
2026-02-14 14:00:00,formal_winter_event_2026,191.0,-164.0,191.0,476.0
2026-02-14 14:30:00,formal_winter_event_2026,266.0,-49.75,266.0,564.0
2026-02-14 15:00:00,formal_winter_event_2026,336.0,15.0,336.0,708.0
2026-02-14 15:30:00,formal_winter_event_2026,692.0,260.0,692.0,1568.0
2026-02-14 16:00:00,formal_winter_event_2026,370.0,53.0,370.0,812.0
2026-02-14 16:30:00,formal_winter_event_2026,362.0,46.5,362.0,1008.0
2026-02-14 17:00:00,formal_winter_event_2026,398.0,171.0,398.0,776.0
2026-02-14 17:30:00,formal_winter_event_2026,390.0,249.0,390.0,592.0
2026-02-14 18:00:00,formal_winter_event_2026,344.0,226.0,344.0,484.0
2026-02-14 18:30:00,formal_winter_event_2026,290.0,107.0,290.0,474.0
2026-02-14 19:00:00,formal_winter_event_2026,179.0,-184.0,179.0,476.0
2026-02-14 19:30:00,formal_winter_event_2026,171.0,-249.0,171.0,552.0
2026-02-14 20:00:00,formal_winter_event_2026,173.0,-197.0,173.0,474.0
2026-02-14 20:30:00,formal_winter_event_2026,175.0,-180.0,175.0,516.0
2026-02-14 21:00:00,formal_winter_event_2026,236.0,-37.0,236.0,506.0
2026-02-14 21:30:00,formal_winter_event_2026,253.0,-9.5625,253.0,516.0
2026-02-14 22:00:00,formal_winter_event_2026,296.0,26.125,296.0,632.0
2026-02-14 22:30:00,formal_winter_event_2026,876.0,292.0,876.0,2480.0
2026-02-14 23:00:00,formal_winter_event_2026,840.0,294.0,840.0,2288.0
2026-02-14 23:30:00,formal_winter_event_2026,436.0,184.0,436.0,876.0
2026-02-15 00:00:00,formal_winter_event_2026,394.0,191.0,394.0,688.0
2026-03-01 00:30:00,formal_winter_event_2026,217.0,162.0,217.0,254.0
2026-03-01 01:00:00,formal_winter_event_2026,260.0,232.0,260.0,288.0
2026-03-01 01:30:00,formal_winter_event_2026,266.0,242.0,266.0,288.0
2026-03-01 02:00:00,formal_winter_event_2026,270.0,250.0,270.0,294.0
2026-03-01 02:30:00,formal_winter_event_2026,280.0,258.0,280.0,308.0
2026-03-01 03:00:00,formal_winter_event_2026,276.0,255.0,276.0,302.0
2026-03-01 03:30:00,formal_winter_event_2026,270.0,249.0,270.0,294.0
2026-03-01 04:00:00,formal_winter_event_2026,264.0,243.0,264.0,286.0
2026-03-01 04:30:00,formal_winter_event_2026,262.0,241.0,262.0,282.0
2026-03-01 05:00:00,formal_winter_event_2026,262.0,242.0,262.0,282.0
2026-03-01 05:30:00,formal_winter_event_2026,264.0,244.0,264.0,284.0
2026-03-01 06:00:00,formal_winter_event_2026,268.0,248.0,268.0,292.0
2026-03-01 06:30:00,formal_winter_event_2026,266.0,243.0,266.0,292.0
2026-03-01 07:00:00,formal_winter_event_2026,262.0,237.0,262.0,288.0
2026-03-01 07:30:00,formal_winter_event_2026,258.0,233.0,258.0,284.0
2026-03-01 08:00:00,formal_winter_event_2026,266.0,240.0,266.0,298.0
2026-03-01 08:30:00,formal_winter_event_2026,240.0,200.0,240.0,282.0
2026-03-01 09:00:00,formal_winter_event_2026,246.0,207.0,246.0,288.0
2026-03-01 09:30:00,formal_winter_event_2026,246.0,198.0,246.0,292.0
2026-03-01 10:00:00,formal_winter_event_2026,250.0,190.0,250.0,308.0
2026-03-01 10:30:00,formal_winter_event_2026,244.0,158.0,244.0,316.0
2026-03-01 11:00:00,formal_winter_event_2026,236.0,97.0,236.0,324.0
2026-03-01 11:30:00,formal_winter_event_2026,290.0,155.0,290.0,414.0
2026-03-01 12:00:00,formal_winter_event_2026,231.0,15.9375,231.0,356.0
2026-03-01 12:30:00,formal_winter_event_2026,234.0,-23.0,234.0,390.0
2026-03-01 13:00:00,formal_winter_event_2026,144.0,-56.25,144.0,310.0
2026-03-01 13:30:00,formal_winter_event_2026,131.0,-23.0,131.0,248.0
2026-03-01 14:00:00,formal_winter_event_2026,239.0,159.0,239.0,302.0
2026-03-01 14:30:00,formal_winter_event_2026,253.0,199.0,253.0,308.0
2026-03-01 15:00:00,formal_winter_event_2026,260.0,216.0,260.0,306.0
2026-03-01 15:30:00,formal_winter_event_2026,272.0,229.0,272.0,320.0
2026-03-01 16:00:00,formal_winter_event_2026,268.0,227.0,268.0,318.0
2026-03-01 16:30:00,formal_winter_event_2026,235.0,140.0,235.0,302.0
2026-03-01 17:00:00,formal_winter_event_2026,211.0,119.5,211.0,280.0
2026-03-01 17:30:00,formal_winter_event_2026,216.0,139.0,216.0,268.0
2026-03-01 18:00:00,formal_winter_event_2026,237.0,183.0,237.0,276.0
2026-03-01 18:30:00,formal_winter_event_2026,247.0,213.0,247.0,276.0
2026-03-01 19:00:00,formal_winter_event_2026,248.0,222.0,248.0,276.0
2026-03-01 19:30:00,formal_winter_event_2026,243.0,218.0,243.0,268.0
2026-03-01 20:00:00,formal_winter_event_2026,235.0,206.0,235.0,258.0
2026-03-01 20:30:00,formal_winter_event_2026,246.0,221.0,246.0,268.0
2026-03-01 21:00:00,formal_winter_event_2026,250.0,227.0,250.0,272.0
2026-03-01 21:30:00,formal_winter_event_2026,255.0,233.0,255.0,276.0
2026-03-01 22:00:00,formal_winter_event_2026,260.0,235.0,260.0,284.0
2026-03-01 22:30:00,formal_winter_event_2026,264.0,240.0,264.0,288.0
2026-03-01 23:00:00,formal_winter_event_2026,270.0,241.0,270.0,290.0
2026-03-01 23:30:00,formal_winter_event_2026,255.0,226.0,255.0,280.0
2026-03-02 00:00:00,formal_winter_event_2026,241.0,202.0,241.0,268.0
2026-03-02 00:30:00,formal_winter_event_2026,242.0,174.0,242.0,284.0
2026-03-02 01:00:00,formal_winter_event_2026,282.0,262.0,282.0,298.0
2026-03-02 01:30:00,formal_winter_event_2026,284.0,270.0,284.0,296.0
2026-03-02 02:00:00,formal_winter_event_2026,286.0,276.0,286.0,298.0
2026-03-02 02:30:00,formal_winter_event_2026,296.0,284.0,296.0,308.0
2026-03-02 03:00:00,formal_winter_event_2026,292.0,282.0,292.0,302.0
2026-03-02 03:30:00,formal_winter_event_2026,288.0,278.0,288.0,298.0
2026-03-02 04:00:00,formal_winter_event_2026,284.0,272.0,284.0,294.0
2026-03-02 04:30:00,formal_winter_event_2026,282.0,270.0,282.0,292.0
2026-03-02 05:00:00,formal_winter_event_2026,280.0,270.0,280.0,288.0
2026-03-02 05:30:00,formal_winter_event_2026,282.0,272.0,282.0,290.0
2026-03-02 06:00:00,formal_winter_event_2026,284.0,274.0,284.0,294.0
2026-03-02 06:30:00,formal_winter_event_2026,284.0,272.0,284.0,296.0
2026-03-02 07:00:00,formal_winter_event_2026,284.0,272.0,284.0,294.0
2026-03-02 07:30:00,formal_winter_event_2026,284.0,270.0,284.0,294.0
2026-03-02 08:00:00,formal_winter_event_2026,284.0,270.0,284.0,296.0
2026-03-02 08:30:00,formal_winter_event_2026,249.0,222.0,249.0,276.0
2026-03-02 09:00:00,formal_winter_event_2026,268.0,245.0,268.0,298.0
2026-03-02 09:30:00,formal_winter_event_2026,278.0,250.0,278.0,312.0
2026-03-02 10:00:00,formal_winter_event_2026,280.0,244.0,280.0,320.0
2026-03-02 10:30:00,formal_winter_event_2026,260.0,161.0,260.0,332.0
2026-03-02 11:00:00,formal_winter_event_2026,260.0,129.0,260.0,356.0
2026-03-02 11:30:00,formal_winter_event_2026,334.0,213.0,334.0,494.0
2026-03-02 12:00:00,formal_winter_event_2026,258.0,39.25,258.0,434.0
2026-03-02 12:30:00,formal_winter_event_2026,282.0,55.25,282.0,478.0
2026-03-02 13:00:00,formal_winter_event_2026,253.0,67.0,253.0,412.0
2026-03-02 13:30:00,formal_winter_event_2026,239.0,152.0,239.0,296.0
2026-03-02 14:00:00,formal_winter_event_2026,274.0,235.0,274.0,314.0
2026-03-02 14:30:00,formal_winter_event_2026,280.0,247.0,280.0,314.0
2026-03-02 15:00:00,formal_winter_event_2026,288.0,258.0,288.0,316.0
2026-03-02 15:30:00,formal_winter_event_2026,294.0,268.0,294.0,320.0
2026-03-02 16:00:00,formal_winter_event_2026,284.0,258.0,284.0,318.0
2026-03-02 16:30:00,formal_winter_event_2026,274.0,221.0,274.0,308.0
2026-03-02 17:00:00,formal_winter_event_2026,266.0,202.0,266.0,310.0
2026-03-02 17:30:00,formal_winter_event_2026,268.0,218.0,268.0,302.0
2026-03-02 18:00:00,formal_winter_event_2026,274.0,241.0,274.0,298.0
2026-03-02 18:30:00,formal_winter_event_2026,278.0,252.0,278.0,298.0
2026-03-02 19:00:00,formal_winter_event_2026,276.0,256.0,276.0,294.0
2026-03-02 19:30:00,formal_winter_event_2026,276.0,258.0,276.0,292.0
2026-03-02 20:00:00,formal_winter_event_2026,276.0,255.0,276.0,292.0
2026-03-02 20:30:00,formal_winter_event_2026,280.0,260.0,280.0,296.0
2026-03-02 21:00:00,formal_winter_event_2026,284.0,264.0,284.0,300.0
2026-03-02 21:30:00,formal_winter_event_2026,284.0,266.0,284.0,300.0
2026-03-02 22:00:00,formal_winter_event_2026,286.0,268.0,286.0,302.0
2026-03-02 22:30:00,formal_winter_event_2026,288.0,270.0,288.0,304.0
2026-03-02 23:00:00,formal_winter_event_2026,290.0,270.0,290.0,308.0
2026-03-02 23:30:00,formal_winter_event_2026,286.0,264.0,286.0,304.0
2026-03-03 00:00:00,formal_winter_event_2026,274.0,247.0,274.0,294.0
2026-03-03 00:30:00,formal_winter_event_2026,160.0,-167.0,160.0,256.0
2026-03-03 01:00:00,formal_winter_event_2026,234.0,68.0,234.0,276.0
2026-03-03 01:30:00,formal_winter_event_2026,237.0,112.0,237.0,272.0
2026-03-03 02:00:00,formal_winter_event_2026,251.0,165.0,251.0,278.0
2026-03-03 02:30:00,formal_winter_event_2026,272.0,217.0,272.0,292.0
2026-03-03 03:00:00,formal_winter_event_2026,266.0,218.0,266.0,284.0
2026-03-03 03:30:00,formal_winter_event_2026,262.0,211.0,262.0,280.0
2026-03-03 04:00:00,formal_winter_event_2026,255.0,200.0,255.0,276.0
2026-03-03 04:30:00,formal_winter_event_2026,252.0,198.0,252.0,272.0
2026-03-03 05:00:00,formal_winter_event_2026,250.0,193.0,250.0,270.0
2026-03-03 05:30:00,formal_winter_event_2026,253.0,205.0,253.0,272.0
2026-03-03 06:00:00,formal_winter_event_2026,258.0,212.0,258.0,276.0
2026-03-03 06:30:00,formal_winter_event_2026,260.0,206.0,260.0,280.0
2026-03-03 07:00:00,formal_winter_event_2026,262.0,213.0,262.0,282.0
2026-03-03 07:30:00,formal_winter_event_2026,264.0,216.0,264.0,284.0
2026-03-03 08:00:00,formal_winter_event_2026,266.0,222.0,266.0,288.0
2026-03-03 08:30:00,formal_winter_event_2026,239.0,196.0,239.0,266.0
2026-03-03 09:00:00,formal_winter_event_2026,255.0,214.0,255.0,284.0
2026-03-03 09:30:00,formal_winter_event_2026,260.0,214.0,260.0,290.0
2026-03-03 10:00:00,formal_winter_event_2026,258.0,188.0,258.0,302.0
2026-03-03 10:30:00,formal_winter_event_2026,250.0,139.0,250.0,310.0
2026-03-03 11:00:00,formal_winter_event_2026,244.0,46.75,244.0,330.0
2026-03-03 11:30:00,formal_winter_event_2026,344.0,202.0,344.0,480.0
2026-03-03 12:00:00,formal_winter_event_2026,224.0,-50.0,224.0,330.0
2026-03-03 12:30:00,formal_winter_event_2026,236.0,41.5,236.0,318.0
2026-03-03 13:00:00,formal_winter_event_2026,227.0,76.0,227.0,290.0
2026-03-03 13:30:00,formal_winter_event_2026,172.0,-13.1875,172.0,239.0
2026-03-03 14:00:00,formal_winter_event_2026,252.0,182.0,252.0,290.0
2026-03-03 14:30:00,formal_winter_event_2026,266.0,210.0,266.0,302.0
2026-03-03 15:00:00,formal_winter_event_2026,268.0,215.0,268.0,298.0
2026-03-03 15:30:00,formal_winter_event_2026,268.0,222.0,268.0,300.0
2026-03-03 16:00:00,formal_winter_event_2026,268.0,225.0,268.0,300.0
2026-03-03 16:30:00,formal_winter_event_2026,247.0,73.0,247.0,290.0
2026-03-03 17:00:00,formal_winter_event_2026,188.0,-100.0,188.0,274.0
2026-03-03 17:30:00,formal_winter_event_2026,210.0,-57.5,210.0,268.0
2026-03-03 18:00:00,formal_winter_event_2026,255.0,160.0,255.0,282.0
2026-03-03 18:30:00,formal_winter_event_2026,258.0,192.0,258.0,280.0
2026-03-03 19:00:00,formal_winter_event_2026,252.0,183.0,252.0,272.0
2026-03-03 19:30:00,formal_winter_event_2026,250.0,187.0,250.0,270.0
2026-03-03 20:00:00,formal_winter_event_2026,247.0,170.0,247.0,270.0
2026-03-03 20:30:00,formal_winter_event_2026,254.0,190.0,254.0,278.0
2026-03-03 21:00:00,formal_winter_event_2026,260.0,206.0,260.0,280.0
2026-03-03 21:30:00,formal_winter_event_2026,264.0,221.0,264.0,280.0
2026-03-03 22:00:00,formal_winter_event_2026,268.0,232.0,268.0,284.0
2026-03-03 22:30:00,formal_winter_event_2026,270.0,227.0,270.0,286.0
2026-03-03 23:00:00,formal_winter_event_2026,272.0,228.0,272.0,292.0
2026-03-03 23:30:00,formal_winter_event_2026,255.0,170.0,255.0,282.0
2026-03-04 00:00:00,formal_winter_event_2026,225.0,109.5,225.0,258.0
2026-03-04 00:30:00,formal_winter_event_2026,212.0,72.0,212.0,282.0
2026-03-04 01:00:00,formal_winter_event_2026,268.0,207.0,268.0,302.0
2026-03-04 01:30:00,formal_winter_event_2026,278.0,232.0,278.0,302.0
2026-03-04 02:00:00,formal_winter_event_2026,282.0,251.0,282.0,302.0
2026-03-04 02:30:00,formal_winter_event_2026,288.0,268.0,288.0,304.0
2026-03-04 03:00:00,formal_winter_event_2026,282.0,264.0,282.0,296.0
2026-03-04 03:30:00,formal_winter_event_2026,278.0,264.0,278.0,292.0
2026-03-04 04:00:00,formal_winter_event_2026,272.0,258.0,272.0,286.0
2026-03-04 04:30:00,formal_winter_event_2026,272.0,255.0,272.0,282.0
2026-03-04 05:00:00,formal_winter_event_2026,268.0,249.0,268.0,280.0
2026-03-04 05:30:00,formal_winter_event_2026,270.0,254.0,270.0,282.0
2026-03-04 06:00:00,formal_winter_event_2026,274.0,256.0,274.0,286.0
2026-03-04 06:30:00,formal_winter_event_2026,276.0,258.0,276.0,288.0
2026-03-04 07:00:00,formal_winter_event_2026,280.0,260.0,280.0,292.0
2026-03-04 07:30:00,formal_winter_event_2026,290.0,270.0,290.0,310.0
2026-03-04 08:00:00,formal_winter_event_2026,290.0,272.0,290.0,314.0
2026-03-04 08:30:00,formal_winter_event_2026,264.0,227.0,264.0,296.0
2026-03-04 09:00:00,formal_winter_event_2026,284.0,254.0,284.0,316.0
2026-03-04 09:30:00,formal_winter_event_2026,290.0,260.0,290.0,324.0
2026-03-04 10:00:00,formal_winter_event_2026,294.0,264.0,294.0,330.0
2026-03-04 10:30:00,formal_winter_event_2026,296.0,258.0,296.0,340.0
2026-03-04 11:00:00,formal_winter_event_2026,280.0,228.0,280.0,332.0
2026-03-04 11:30:00,formal_winter_event_2026,420.0,342.0,420.0,560.0
2026-03-04 12:00:00,formal_winter_event_2026,272.0,203.0,272.0,340.0
2026-03-04 12:30:00,formal_winter_event_2026,290.0,228.0,290.0,358.0
2026-03-04 13:00:00,formal_winter_event_2026,264.0,208.0,264.0,316.0
2026-03-04 13:30:00,formal_winter_event_2026,196.0,79.5,196.0,260.0
2026-03-04 14:00:00,formal_winter_event_2026,268.0,226.0,268.0,306.0
2026-03-04 14:30:00,formal_winter_event_2026,288.0,250.0,288.0,326.0
2026-03-04 15:00:00,formal_winter_event_2026,292.0,252.0,292.0,326.0
2026-03-04 15:30:00,formal_winter_event_2026,300.0,264.0,300.0,340.0
2026-03-04 16:00:00,formal_winter_event_2026,306.0,274.0,306.0,344.0
2026-03-04 16:30:00,formal_winter_event_2026,294.0,210.0,294.0,330.0
2026-03-04 17:00:00,formal_winter_event_2026,270.0,118.0,270.0,318.0
2026-03-04 17:30:00,formal_winter_event_2026,282.0,203.0,282.0,310.0
2026-03-04 18:00:00,formal_winter_event_2026,284.0,226.0,284.0,308.0
2026-03-04 18:30:00,formal_winter_event_2026,284.0,234.0,284.0,304.0
2026-03-04 19:00:00,formal_winter_event_2026,278.0,223.0,278.0,300.0
2026-03-04 19:30:00,formal_winter_event_2026,270.0,196.0,270.0,294.0
2026-03-04 20:00:00,formal_winter_event_2026,270.0,204.0,270.0,296.0
2026-03-04 20:30:00,formal_winter_event_2026,282.0,237.0,282.0,302.0
2026-03-04 21:00:00,formal_winter_event_2026,284.0,250.0,284.0,300.0
2026-03-04 21:30:00,formal_winter_event_2026,284.0,249.0,284.0,302.0
2026-03-04 22:00:00,formal_winter_event_2026,286.0,253.0,286.0,302.0
2026-03-04 22:30:00,formal_winter_event_2026,288.0,252.0,288.0,310.0
2026-03-04 23:00:00,formal_winter_event_2026,294.0,249.0,294.0,318.0
2026-03-04 23:30:00,formal_winter_event_2026,286.0,218.0,286.0,310.0
2026-03-05 00:00:00,formal_winter_event_2026,258.0,144.0,258.0,294.0
2026-03-05 00:30:00,formal_winter_event_2026,242.0,196.0,242.0,278.0
2026-03-05 01:00:00,formal_winter_event_2026,276.0,258.0,276.0,304.0
2026-03-05 01:30:00,formal_winter_event_2026,278.0,264.0,278.0,300.0
2026-03-05 02:00:00,formal_winter_event_2026,272.0,264.0,272.0,284.0
2026-03-05 02:30:00,formal_winter_event_2026,274.0,264.0,274.0,288.0
2026-03-05 03:00:00,formal_winter_event_2026,266.0,258.0,266.0,276.0
2026-03-05 03:30:00,formal_winter_event_2026,260.0,251.0,260.0,266.0
2026-03-05 04:00:00,formal_winter_event_2026,258.0,250.0,258.0,266.0
2026-03-05 04:30:00,formal_winter_event_2026,262.0,253.0,262.0,266.0
2026-03-05 05:00:00,formal_winter_event_2026,260.0,254.0,260.0,266.0
2026-03-05 05:30:00,formal_winter_event_2026,262.0,255.0,262.0,266.0
2026-03-05 06:00:00,formal_winter_event_2026,264.0,256.0,264.0,272.0
2026-03-05 06:30:00,formal_winter_event_2026,268.0,260.0,268.0,276.0
2026-03-05 07:00:00,formal_winter_event_2026,270.0,260.0,270.0,278.0
2026-03-05 07:30:00,formal_winter_event_2026,276.0,266.0,276.0,294.0
2026-03-05 08:00:00,formal_winter_event_2026,312.0,298.0,312.0,356.0
2026-03-05 08:30:00,formal_winter_event_2026,270.0,245.0,270.0,296.0
2026-03-05 09:00:00,formal_winter_event_2026,294.0,272.0,294.0,326.0
2026-03-05 09:30:00,formal_winter_event_2026,300.0,272.0,300.0,330.0
2026-03-05 10:00:00,formal_winter_event_2026,300.0,274.0,300.0,334.0
2026-03-05 10:30:00,formal_winter_event_2026,294.0,264.0,294.0,332.0
2026-03-05 11:00:00,formal_winter_event_2026,256.0,219.0,256.0,290.0
2026-03-05 11:30:00,formal_winter_event_2026,568.0,456.0,568.0,824.0
2026-03-05 12:00:00,formal_winter_event_2026,262.0,228.0,262.0,298.0
2026-03-05 12:30:00,formal_winter_event_2026,276.0,248.0,276.0,308.0
2026-03-05 13:00:00,formal_winter_event_2026,249.0,217.0,249.0,276.0
2026-03-05 13:30:00,formal_winter_event_2026,143.0,59.75,143.0,192.0
2026-03-05 14:00:00,formal_winter_event_2026,255.0,225.0,255.0,282.0
2026-03-05 14:30:00,formal_winter_event_2026,280.0,253.0,280.0,308.0
2026-03-05 15:00:00,formal_winter_event_2026,278.0,252.0,278.0,308.0
2026-03-05 15:30:00,formal_winter_event_2026,278.0,251.0,278.0,308.0
2026-03-05 16:00:00,formal_winter_event_2026,278.0,253.0,278.0,304.0
2026-03-05 16:30:00,formal_winter_event_2026,254.0,217.0,254.0,288.0
2026-03-05 17:00:00,formal_winter_event_2026,242.0,206.0,242.0,264.0
2026-03-05 17:30:00,formal_winter_event_2026,262.0,246.0,262.0,278.0
2026-03-05 18:00:00,formal_winter_event_2026,270.0,256.0,270.0,286.0
2026-03-05 18:30:00,formal_winter_event_2026,278.0,262.0,278.0,298.0
2026-03-05 19:00:00,formal_winter_event_2026,274.0,258.0,274.0,298.0
2026-03-05 19:30:00,formal_winter_event_2026,262.0,220.0,262.0,302.0
2026-03-05 20:00:00,formal_winter_event_2026,264.0,227.0,264.0,310.0
2026-03-05 20:30:00,formal_winter_event_2026,300.0,272.0,300.0,350.0
2026-03-05 21:00:00,formal_winter_event_2026,300.0,280.0,300.0,328.0
2026-03-05 21:30:00,formal_winter_event_2026,304.0,286.0,304.0,338.0
2026-03-05 22:00:00,formal_winter_event_2026,296.0,278.0,296.0,322.0
2026-03-05 22:30:00,formal_winter_event_2026,290.0,272.0,290.0,320.0
2026-03-05 23:00:00,formal_winter_event_2026,294.0,272.0,294.0,316.0
2026-03-05 23:30:00,formal_winter_event_2026,262.0,240.0,262.0,278.0
2026-03-06 00:00:00,formal_winter_event_2026,247.0,209.0,247.0,264.0
2026-03-06 00:30:00,formal_winter_event_2026,258.0,237.0,258.0,270.0
2026-03-06 01:00:00,formal_winter_event_2026,264.0,245.0,264.0,276.0
2026-03-06 01:30:00,formal_winter_event_2026,264.0,246.0,264.0,276.0
2026-03-06 02:00:00,formal_winter_event_2026,278.0,268.0,278.0,288.0
2026-03-06 02:30:00,formal_winter_event_2026,280.0,270.0,280.0,290.0
2026-03-06 03:00:00,formal_winter_event_2026,278.0,268.0,278.0,286.0
2026-03-06 03:30:00,formal_winter_event_2026,274.0,264.0,274.0,282.0
2026-03-06 04:00:00,formal_winter_event_2026,270.0,262.0,270.0,278.0
2026-03-06 04:30:00,formal_winter_event_2026,270.0,262.0,270.0,278.0
2026-03-06 05:00:00,formal_winter_event_2026,270.0,260.0,270.0,276.0
2026-03-06 05:30:00,formal_winter_event_2026,270.0,262.0,270.0,278.0
2026-03-06 06:00:00,formal_winter_event_2026,274.0,266.0,274.0,284.0
2026-03-06 06:30:00,formal_winter_event_2026,276.0,266.0,276.0,284.0
2026-03-06 07:00:00,formal_winter_event_2026,282.0,270.0,282.0,294.0
2026-03-06 07:30:00,formal_winter_event_2026,286.0,272.0,286.0,302.0
2026-03-06 08:00:00,formal_winter_event_2026,294.0,280.0,294.0,318.0
2026-03-06 08:30:00,formal_winter_event_2026,272.0,255.0,272.0,294.0
2026-03-06 09:00:00,formal_winter_event_2026,280.0,262.0,280.0,302.0
2026-03-06 09:30:00,formal_winter_event_2026,282.0,262.0,282.0,306.0
2026-03-06 10:00:00,formal_winter_event_2026,278.0,258.0,278.0,302.0
2026-03-06 10:30:00,formal_winter_event_2026,247.0,223.0,247.0,270.0
2026-03-06 11:00:00,formal_winter_event_2026,195.0,132.0,195.0,232.0
2026-03-06 11:30:00,formal_winter_event_2026,400.0,348.0,400.0,502.0
2026-03-06 12:00:00,formal_winter_event_2026,241.0,197.0,241.0,282.0
2026-03-06 12:30:00,formal_winter_event_2026,300.0,270.0,300.0,338.0
2026-03-06 13:00:00,formal_winter_event_2026,238.0,210.0,238.0,264.0
2026-03-06 13:30:00,formal_winter_event_2026,118.0,32.0,118.0,170.0
2026-03-06 14:00:00,formal_winter_event_2026,238.0,212.0,238.0,260.0
2026-03-06 14:30:00,formal_winter_event_2026,270.0,248.0,270.0,294.0
2026-03-06 15:00:00,formal_winter_event_2026,262.0,239.0,262.0,284.0
2026-03-06 15:30:00,formal_winter_event_2026,251.0,226.0,251.0,274.0
2026-03-06 16:00:00,formal_winter_event_2026,280.0,262.0,280.0,306.0
2026-03-06 16:30:00,formal_winter_event_2026,278.0,262.0,278.0,294.0
2026-03-06 17:00:00,formal_winter_event_2026,278.0,266.0,278.0,292.0
2026-03-06 17:30:00,formal_winter_event_2026,280.0,266.0,280.0,292.0
2026-03-06 18:00:00,formal_winter_event_2026,282.0,272.0,282.0,296.0
2026-03-06 18:30:00,formal_winter_event_2026,286.0,272.0,286.0,300.0
2026-03-06 19:00:00,formal_winter_event_2026,284.0,270.0,284.0,300.0
2026-03-06 19:30:00,formal_winter_event_2026,270.0,244.0,270.0,294.0
2026-03-06 20:00:00,formal_winter_event_2026,270.0,245.0,270.0,292.0
2026-03-06 20:30:00,formal_winter_event_2026,284.0,268.0,284.0,298.0
2026-03-06 21:00:00,formal_winter_event_2026,286.0,274.0,286.0,298.0
2026-03-06 21:30:00,formal_winter_event_2026,288.0,276.0,288.0,302.0
2026-03-06 22:00:00,formal_winter_event_2026,288.0,276.0,288.0,302.0
2026-03-06 22:30:00,formal_winter_event_2026,290.0,278.0,290.0,304.0
2026-03-06 23:00:00,formal_winter_event_2026,290.0,278.0,290.0,304.0
2026-03-06 23:30:00,formal_winter_event_2026,282.0,270.0,282.0,294.0
2026-03-07 00:00:00,formal_winter_event_2026,274.0,260.0,274.0,284.0
2026-03-07 00:30:00,formal_winter_event_2026,264.0,241.0,264.0,284.0
2026-03-07 01:00:00,formal_winter_event_2026,268.0,247.0,268.0,286.0
2026-03-07 01:30:00,formal_winter_event_2026,268.0,248.0,268.0,286.0
2026-03-07 02:00:00,formal_winter_event_2026,272.0,254.0,272.0,288.0
2026-03-07 02:30:00,formal_winter_event_2026,272.0,253.0,272.0,288.0
2026-03-07 03:00:00,formal_winter_event_2026,270.0,252.0,270.0,286.0
2026-03-07 03:30:00,formal_winter_event_2026,268.0,251.0,268.0,286.0
2026-03-07 04:00:00,formal_winter_event_2026,264.0,244.0,264.0,282.0
2026-03-07 04:30:00,formal_winter_event_2026,262.0,245.0,262.0,280.0
2026-03-07 05:00:00,formal_winter_event_2026,262.0,245.0,262.0,280.0
2026-03-07 05:30:00,formal_winter_event_2026,264.0,247.0,264.0,280.0
2026-03-07 06:00:00,formal_winter_event_2026,266.0,248.0,266.0,284.0
2026-03-07 06:30:00,formal_winter_event_2026,268.0,248.0,268.0,288.0
2026-03-07 07:00:00,formal_winter_event_2026,270.0,249.0,270.0,292.0
2026-03-07 07:30:00,formal_winter_event_2026,272.0,245.0,272.0,300.0
2026-03-07 08:00:00,formal_winter_event_2026,274.0,239.0,274.0,308.0
2026-03-07 08:30:00,formal_winter_event_2026,226.0,176.0,226.0,276.0
2026-03-07 09:00:00,formal_winter_event_2026,229.0,180.0,229.0,278.0
2026-03-07 09:30:00,formal_winter_event_2026,213.0,160.0,213.0,260.0
2026-03-07 10:00:00,formal_winter_event_2026,202.0,135.0,202.0,253.0
2026-03-07 10:30:00,formal_winter_event_2026,175.0,87.0,175.0,239.0
2026-03-07 11:00:00,formal_winter_event_2026,26.875,-160.0,26.875,155.0
2026-03-07 11:30:00,formal_winter_event_2026,310.0,238.0,310.0,426.0
2026-03-07 12:00:00,formal_winter_event_2026,135.0,1.0234375,135.0,228.0
2026-03-07 12:30:00,formal_winter_event_2026,177.0,91.0,177.0,250.0
2026-03-07 13:00:00,formal_winter_event_2026,170.0,71.5,170.0,239.0
2026-03-07 13:30:00,formal_winter_event_2026,-134.0,-412.0,-134.0,46.75
2026-03-07 14:00:00,formal_winter_event_2026,81.0,-56.25,81.0,168.0
2026-03-07 14:30:00,formal_winter_event_2026,157.0,60.25,157.0,226.0
2026-03-07 15:00:00,formal_winter_event_2026,205.0,140.0,205.0,262.0
2026-03-07 15:30:00,formal_winter_event_2026,200.0,136.0,200.0,251.0
2026-03-07 16:00:00,formal_winter_event_2026,266.0,224.0,266.0,320.0
2026-03-07 16:30:00,formal_winter_event_2026,274.0,247.0,274.0,302.0
2026-03-07 17:00:00,formal_winter_event_2026,278.0,252.0,278.0,304.0
2026-03-07 17:30:00,formal_winter_event_2026,280.0,256.0,280.0,302.0
2026-03-07 18:00:00,formal_winter_event_2026,280.0,262.0,280.0,304.0
2026-03-07 18:30:00,formal_winter_event_2026,282.0,262.0,282.0,308.0
2026-03-07 19:00:00,formal_winter_event_2026,280.0,262.0,280.0,304.0
2026-03-07 19:30:00,formal_winter_event_2026,280.0,260.0,280.0,304.0
2026-03-07 20:00:00,formal_winter_event_2026,278.0,258.0,278.0,302.0
2026-03-07 20:30:00,formal_winter_event_2026,280.0,260.0,280.0,302.0
2026-03-07 21:00:00,formal_winter_event_2026,278.0,258.0,278.0,300.0
2026-03-07 21:30:00,formal_winter_event_2026,276.0,258.0,276.0,300.0
2026-03-07 22:00:00,formal_winter_event_2026,278.0,258.0,278.0,300.0
2026-03-07 22:30:00,formal_winter_event_2026,280.0,260.0,280.0,306.0
2026-03-07 23:00:00,formal_winter_event_2026,284.0,262.0,284.0,310.0
2026-03-07 23:30:00,formal_winter_event_2026,282.0,260.0,282.0,310.0
2026-03-08 00:00:00,formal_winter_event_2026,278.0,256.0,278.0,302.0
2026-03-08 00:30:00,formal_winter_event_2026,274.0,264.0,274.0,284.0
2026-03-08 01:00:00,formal_winter_event_2026,274.0,264.0,274.0,284.0
2026-03-08 01:30:00,formal_winter_event_2026,274.0,264.0,274.0,284.0
2026-03-08 02:00:00,formal_winter_event_2026,274.0,264.0,274.0,284.0
2026-03-08 02:30:00,formal_winter_event_2026,276.0,266.0,276.0,286.0
2026-03-08 03:00:00,formal_winter_event_2026,274.0,264.0,274.0,284.0
2026-03-08 03:30:00,formal_winter_event_2026,272.0,264.0,272.0,282.0
2026-03-08 04:00:00,formal_winter_event_2026,272.0,262.0,272.0,280.0
2026-03-08 04:30:00,formal_winter_event_2026,272.0,264.0,272.0,280.0
2026-03-08 05:00:00,formal_winter_event_2026,272.0,262.0,272.0,278.0
2026-03-08 05:30:00,formal_winter_event_2026,272.0,264.0,272.0,280.0
2026-03-08 06:00:00,formal_winter_event_2026,274.0,264.0,274.0,282.0
2026-03-08 06:30:00,formal_winter_event_2026,274.0,264.0,274.0,284.0
2026-03-08 07:00:00,formal_winter_event_2026,276.0,264.0,276.0,286.0
2026-03-08 07:30:00,formal_winter_event_2026,276.0,264.0,276.0,292.0
2026-03-08 08:00:00,formal_winter_event_2026,280.0,266.0,280.0,298.0
2026-03-08 08:30:00,formal_winter_event_2026,262.0,234.0,262.0,292.0
2026-03-08 09:00:00,formal_winter_event_2026,268.0,239.0,268.0,296.0
2026-03-08 09:30:00,formal_winter_event_2026,266.0,233.0,266.0,294.0
2026-03-08 10:00:00,formal_winter_event_2026,258.0,220.0,258.0,292.0
2026-03-08 10:30:00,formal_winter_event_2026,264.0,214.0,264.0,308.0
2026-03-08 11:00:00,formal_winter_event_2026,243.0,159.0,243.0,300.0
2026-03-08 11:30:00,formal_winter_event_2026,330.0,238.0,330.0,424.0
2026-03-08 12:00:00,formal_winter_event_2026,197.0,68.5,197.0,290.0
2026-03-08 12:30:00,formal_winter_event_2026,225.0,150.0,225.0,282.0
2026-03-08 13:00:00,formal_winter_event_2026,227.0,154.0,227.0,280.0
2026-03-08 13:30:00,formal_winter_event_2026,155.0,36.5,155.0,219.0
2026-03-08 14:00:00,formal_winter_event_2026,196.0,94.5,196.0,253.0
2026-03-08 14:30:00,formal_winter_event_2026,216.0,134.0,216.0,266.0
2026-03-08 15:00:00,formal_winter_event_2026,229.0,164.0,229.0,274.0
2026-03-08 15:30:00,formal_winter_event_2026,239.0,190.0,239.0,278.0
2026-03-08 16:00:00,formal_winter_event_2026,266.0,226.0,266.0,304.0
2026-03-08 16:30:00,formal_winter_event_2026,266.0,247.0,266.0,280.0
2026-03-08 17:00:00,formal_winter_event_2026,270.0,256.0,270.0,282.0
2026-03-08 17:30:00,formal_winter_event_2026,274.0,260.0,274.0,286.0
2026-03-08 18:00:00,formal_winter_event_2026,274.0,262.0,274.0,286.0
2026-03-08 18:30:00,formal_winter_event_2026,276.0,264.0,276.0,288.0
2026-03-08 19:00:00,formal_winter_event_2026,278.0,266.0,278.0,290.0
2026-03-08 19:30:00,formal_winter_event_2026,278.0,268.0,278.0,290.0
2026-03-08 20:00:00,formal_winter_event_2026,280.0,268.0,280.0,292.0
2026-03-08 20:30:00,formal_winter_event_2026,280.0,268.0,280.0,292.0
2026-03-08 21:00:00,formal_winter_event_2026,282.0,270.0,282.0,292.0
2026-03-08 21:30:00,formal_winter_event_2026,282.0,270.0,282.0,294.0
2026-03-08 22:00:00,formal_winter_event_2026,280.0,270.0,280.0,292.0
2026-03-08 22:30:00,formal_winter_event_2026,282.0,270.0,282.0,294.0
2026-03-08 23:00:00,formal_winter_event_2026,284.0,272.0,284.0,294.0
2026-03-08 23:30:00,formal_winter_event_2026,278.0,266.0,278.0,290.0
2026-03-09 00:00:00,formal_winter_event_2026,274.0,262.0,274.0,286.0
2026-03-09 00:30:00,formal_winter_event_2026,278.0,270.0,278.0,288.0
2026-03-09 01:00:00,formal_winter_event_2026,280.0,270.0,280.0,290.0
2026-03-09 01:30:00,formal_winter_event_2026,282.0,270.0,282.0,296.0
2026-03-09 02:00:00,formal_winter_event_2026,284.0,270.0,284.0,300.0
2026-03-09 02:30:00,formal_winter_event_2026,282.0,270.0,282.0,298.0
2026-03-09 03:00:00,formal_winter_event_2026,280.0,270.0,280.0,294.0
2026-03-09 03:30:00,formal_winter_event_2026,278.0,266.0,278.0,292.0
2026-03-09 04:00:00,formal_winter_event_2026,276.0,264.0,276.0,286.0
2026-03-09 04:30:00,formal_winter_event_2026,274.0,264.0,274.0,284.0
2026-03-09 05:00:00,formal_winter_event_2026,274.0,264.0,274.0,284.0
2026-03-09 05:30:00,formal_winter_event_2026,276.0,266.0,276.0,286.0
2026-03-09 06:00:00,formal_winter_event_2026,278.0,266.0,278.0,290.0
2026-03-09 06:30:00,formal_winter_event_2026,278.0,266.0,278.0,292.0
2026-03-09 07:00:00,formal_winter_event_2026,284.0,270.0,284.0,298.0
2026-03-09 07:30:00,formal_winter_event_2026,288.0,274.0,288.0,312.0
2026-03-09 08:00:00,formal_winter_event_2026,294.0,274.0,294.0,326.0
2026-03-09 08:30:00,formal_winter_event_2026,292.0,251.0,292.0,344.0
2026-03-09 09:00:00,formal_winter_event_2026,290.0,243.0,290.0,346.0
2026-03-09 09:30:00,formal_winter_event_2026,294.0,244.0,294.0,350.0
2026-03-09 10:00:00,formal_winter_event_2026,270.0,193.0,270.0,336.0
2026-03-09 10:30:00,formal_winter_event_2026,270.0,189.0,270.0,338.0
2026-03-09 11:00:00,formal_winter_event_2026,215.0,76.5,215.0,306.0
2026-03-09 11:30:00,formal_winter_event_2026,302.0,200.0,302.0,392.0
2026-03-09 12:00:00,formal_winter_event_2026,36.0,-160.0,36.0,224.0
2026-03-09 12:30:00,formal_winter_event_2026,118.5,-89.0,118.5,276.0
2026-03-09 13:00:00,formal_winter_event_2026,95.5,-108.5,95.5,264.0
2026-03-09 13:30:00,formal_winter_event_2026,-73.5,-294.0,-73.5,119.5
2026-03-09 14:00:00,formal_winter_event_2026,-20.5,-212.0,-20.5,181.0
2026-03-09 14:30:00,formal_winter_event_2026,117.5,-65.5,117.5,255.0
2026-03-09 15:00:00,formal_winter_event_2026,220.0,83.0,220.0,322.0
2026-03-09 15:30:00,formal_winter_event_2026,245.0,130.0,245.0,334.0
2026-03-09 16:00:00,formal_winter_event_2026,326.0,251.0,326.0,402.0
2026-03-09 16:30:00,formal_winter_event_2026,280.0,251.0,280.0,310.0
2026-03-09 17:00:00,formal_winter_event_2026,282.0,260.0,282.0,306.0
2026-03-09 17:30:00,formal_winter_event_2026,284.0,266.0,284.0,302.0
2026-03-09 18:00:00,formal_winter_event_2026,284.0,270.0,284.0,302.0
2026-03-09 18:30:00,formal_winter_event_2026,288.0,272.0,288.0,306.0
2026-03-09 19:00:00,formal_winter_event_2026,290.0,276.0,290.0,306.0
2026-03-09 19:30:00,formal_winter_event_2026,290.0,276.0,290.0,308.0
2026-03-09 20:00:00,formal_winter_event_2026,290.0,274.0,290.0,306.0
2026-03-09 20:30:00,formal_winter_event_2026,290.0,276.0,290.0,308.0
2026-03-09 21:00:00,formal_winter_event_2026,292.0,276.0,292.0,310.0
2026-03-09 21:30:00,formal_winter_event_2026,294.0,274.0,294.0,318.0
2026-03-09 22:00:00,formal_winter_event_2026,296.0,276.0,296.0,326.0
2026-03-09 22:30:00,formal_winter_event_2026,300.0,280.0,300.0,332.0
2026-03-09 23:00:00,formal_winter_event_2026,306.0,284.0,306.0,340.0
2026-03-09 23:30:00,formal_winter_event_2026,298.0,278.0,298.0,322.0
2026-03-10 00:00:00,formal_winter_event_2026,290.0,272.0,290.0,310.0
2026-03-10 00:30:00,formal_winter_event_2026,276.0,264.0,276.0,286.0
2026-03-10 01:00:00,formal_winter_event_2026,272.0,260.0,272.0,284.0
2026-03-10 01:30:00,formal_winter_event_2026,272.0,258.0,272.0,284.0
2026-03-10 02:00:00,formal_winter_event_2026,274.0,260.0,274.0,286.0
2026-03-10 02:30:00,formal_winter_event_2026,274.0,260.0,274.0,288.0
2026-03-10 03:00:00,formal_winter_event_2026,274.0,260.0,274.0,288.0
2026-03-10 03:30:00,formal_winter_event_2026,272.0,260.0,272.0,286.0
2026-03-10 04:00:00,formal_winter_event_2026,272.0,258.0,272.0,284.0
2026-03-10 04:30:00,formal_winter_event_2026,272.0,260.0,272.0,282.0
2026-03-10 05:00:00,formal_winter_event_2026,272.0,260.0,272.0,282.0
2026-03-10 05:30:00,formal_winter_event_2026,272.0,260.0,272.0,284.0
2026-03-10 06:00:00,formal_winter_event_2026,274.0,260.0,274.0,286.0
2026-03-10 06:30:00,formal_winter_event_2026,276.0,262.0,276.0,288.0
2026-03-10 07:00:00,formal_winter_event_2026,280.0,266.0,280.0,294.0
2026-03-10 07:30:00,formal_winter_event_2026,280.0,264.0,280.0,302.0
2026-03-10 08:00:00,formal_winter_event_2026,280.0,260.0,280.0,302.0
2026-03-10 08:30:00,formal_winter_event_2026,201.0,114.0,201.0,276.0
2026-03-10 09:00:00,formal_winter_event_2026,190.0,77.0,190.0,284.0
2026-03-10 09:30:00,formal_winter_event_2026,175.0,41.75,175.0,280.0
2026-03-10 10:00:00,formal_winter_event_2026,124.5,-15.0625,124.5,242.0
2026-03-10 10:30:00,formal_winter_event_2026,159.0,11.75,159.0,270.0
2026-03-10 11:00:00,formal_winter_event_2026,41.75,-119.5,41.75,206.0
2026-03-10 11:30:00,formal_winter_event_2026,200.0,5.75,200.0,330.0
2026-03-10 12:00:00,formal_winter_event_2026,-100.0,-234.0,-100.0,136.0
2026-03-10 12:30:00,formal_winter_event_2026,-111.0,-227.0,-111.0,142.0
2026-03-10 13:00:00,formal_winter_event_2026,-172.0,-272.0,-172.0,5.75
2026-03-10 13:30:00,formal_winter_event_2026,-223.0,-340.0,-223.0,-78.5
2026-03-10 14:00:00,formal_winter_event_2026,-213.0,-324.0,-213.0,-89.0
2026-03-10 14:30:00,formal_winter_event_2026,-143.0,-249.0,-143.0,34.5
2026-03-10 15:00:00,formal_winter_event_2026,23.375,-159.0,23.375,220.0
2026-03-10 15:30:00,formal_winter_event_2026,94.0,-103.0,94.0,242.0
2026-03-10 16:00:00,formal_winter_event_2026,232.0,119.5,232.0,312.0
2026-03-10 16:30:00,formal_winter_event_2026,258.0,223.0,258.0,282.0
2026-03-10 17:00:00,formal_winter_event_2026,270.0,246.0,270.0,288.0
2026-03-10 17:30:00,formal_winter_event_2026,272.0,252.0,272.0,286.0
2026-03-10 18:00:00,formal_winter_event_2026,274.0,258.0,274.0,288.0
2026-03-10 18:30:00,formal_winter_event_2026,282.0,266.0,282.0,298.0
2026-03-10 19:00:00,formal_winter_event_2026,288.0,270.0,288.0,302.0
2026-03-10 19:30:00,formal_winter_event_2026,286.0,270.0,286.0,300.0
2026-03-10 20:00:00,formal_winter_event_2026,282.0,268.0,282.0,298.0
2026-03-10 20:30:00,formal_winter_event_2026,286.0,272.0,286.0,300.0
2026-03-10 21:00:00,formal_winter_event_2026,288.0,274.0,288.0,302.0
2026-03-10 21:30:00,formal_winter_event_2026,290.0,276.0,290.0,306.0
2026-03-10 22:00:00,formal_winter_event_2026,292.0,276.0,292.0,308.0
2026-03-10 22:30:00,formal_winter_event_2026,294.0,278.0,294.0,312.0
2026-03-10 23:00:00,formal_winter_event_2026,298.0,284.0,298.0,314.0
2026-03-10 23:30:00,formal_winter_event_2026,292.0,276.0,292.0,308.0
2026-03-11 00:00:00,formal_winter_event_2026,284.0,270.0,284.0,300.0
2026-03-11 00:30:00,formal_winter_event_2026,290.0,276.0,290.0,304.0
2026-03-11 01:00:00,formal_winter_event_2026,288.0,274.0,288.0,304.0
2026-03-11 01:30:00,formal_winter_event_2026,288.0,272.0,288.0,306.0
2026-03-11 02:00:00,formal_winter_event_2026,288.0,272.0,288.0,308.0
2026-03-11 02:30:00,formal_winter_event_2026,290.0,270.0,290.0,314.0
2026-03-11 03:00:00,formal_winter_event_2026,288.0,270.0,288.0,312.0
2026-03-11 03:30:00,formal_winter_event_2026,284.0,266.0,284.0,306.0
2026-03-11 04:00:00,formal_winter_event_2026,280.0,262.0,280.0,298.0
2026-03-11 04:30:00,formal_winter_event_2026,280.0,264.0,280.0,298.0
2026-03-11 05:00:00,formal_winter_event_2026,280.0,262.0,280.0,296.0
2026-03-11 05:30:00,formal_winter_event_2026,282.0,264.0,282.0,298.0
2026-03-11 06:00:00,formal_winter_event_2026,286.0,266.0,286.0,306.0
2026-03-11 06:30:00,formal_winter_event_2026,296.0,272.0,296.0,320.0
2026-03-11 07:00:00,formal_winter_event_2026,312.0,284.0,312.0,344.0
2026-03-11 07:30:00,formal_winter_event_2026,310.0,286.0,310.0,348.0
2026-03-11 08:00:00,formal_winter_event_2026,310.0,284.0,310.0,348.0
2026-03-11 08:30:00,formal_winter_event_2026,231.0,159.0,231.0,296.0
2026-03-11 09:00:00,formal_winter_event_2026,231.0,140.0,231.0,300.0
2026-03-11 09:30:00,formal_winter_event_2026,191.0,69.5,191.0,280.0
2026-03-11 10:00:00,formal_winter_event_2026,102.5,-46.5,102.5,224.0
2026-03-11 10:30:00,formal_winter_event_2026,74.5,-81.0,74.5,219.0
2026-03-11 11:00:00,formal_winter_event_2026,-61.0,-184.0,-61.0,150.0
2026-03-11 11:30:00,formal_winter_event_2026,24.625,-161.0,24.625,237.0
2026-03-11 12:00:00,formal_winter_event_2026,-168.0,-247.0,-168.0,5.90625
2026-03-11 12:30:00,formal_winter_event_2026,-187.0,-251.0,-187.0,-97.0
2026-03-11 13:00:00,formal_winter_event_2026,-201.0,-262.0,-201.0,-122.0
2026-03-11 13:30:00,formal_winter_event_2026,-211.0,-286.0,-211.0,-134.0
2026-03-11 14:00:00,formal_winter_event_2026,-201.0,-274.0,-201.0,-125.0
2026-03-11 14:30:00,formal_winter_event_2026,-174.0,-251.0,-174.0,-76.0
2026-03-11 15:00:00,formal_winter_event_2026,13.9375,-149.0,13.9375,193.0
2026-03-11 15:30:00,formal_winter_event_2026,179.0,19.875,179.0,288.0
2026-03-11 16:00:00,formal_winter_event_2026,240.0,133.0,240.0,310.0
2026-03-11 16:30:00,formal_winter_event_2026,264.0,230.0,264.0,300.0
2026-03-11 17:00:00,formal_winter_event_2026,274.0,245.0,274.0,308.0
2026-03-11 17:30:00,formal_winter_event_2026,280.0,253.0,280.0,310.0
2026-03-11 18:00:00,formal_winter_event_2026,290.0,268.0,290.0,322.0
2026-03-11 18:30:00,formal_winter_event_2026,308.0,280.0,308.0,346.0
2026-03-11 19:00:00,formal_winter_event_2026,318.0,288.0,318.0,358.0
2026-03-11 19:30:00,formal_winter_event_2026,314.0,288.0,314.0,350.0
2026-03-11 20:00:00,formal_winter_event_2026,310.0,282.0,310.0,346.0
2026-03-11 20:30:00,formal_winter_event_2026,314.0,286.0,314.0,352.0
2026-03-11 21:00:00,formal_winter_event_2026,322.0,292.0,322.0,364.0
2026-03-11 21:30:00,formal_winter_event_2026,326.0,292.0,326.0,372.0
2026-03-11 22:00:00,formal_winter_event_2026,326.0,294.0,326.0,372.0
2026-03-11 22:30:00,formal_winter_event_2026,326.0,294.0,326.0,374.0
2026-03-11 23:00:00,formal_winter_event_2026,328.0,294.0,328.0,370.0
2026-03-11 23:30:00,formal_winter_event_2026,316.0,288.0,316.0,352.0
2026-03-12 00:00:00,formal_winter_event_2026,302.0,276.0,302.0,332.0
2026-03-12 00:30:00,formal_winter_event_2026,286.0,274.0,286.0,296.0
2026-03-12 01:00:00,formal_winter_event_2026,286.0,276.0,286.0,302.0
2026-03-12 01:30:00,formal_winter_event_2026,288.0,276.0,288.0,304.0
2026-03-12 02:00:00,formal_winter_event_2026,284.0,272.0,284.0,300.0
2026-03-12 02:30:00,formal_winter_event_2026,284.0,268.0,284.0,300.0
2026-03-12 03:00:00,formal_winter_event_2026,280.0,266.0,280.0,298.0
2026-03-12 03:30:00,formal_winter_event_2026,278.0,264.0,278.0,292.0
2026-03-12 04:00:00,formal_winter_event_2026,274.0,262.0,274.0,286.0
2026-03-12 04:30:00,formal_winter_event_2026,274.0,262.0,274.0,282.0
2026-03-12 05:00:00,formal_winter_event_2026,272.0,260.0,272.0,282.0
2026-03-12 05:30:00,formal_winter_event_2026,272.0,260.0,272.0,280.0
2026-03-12 06:00:00,formal_winter_event_2026,276.0,264.0,276.0,288.0
2026-03-12 06:30:00,formal_winter_event_2026,292.0,278.0,292.0,310.0
2026-03-12 07:00:00,formal_winter_event_2026,316.0,296.0,316.0,352.0
2026-03-12 07:30:00,formal_winter_event_2026,306.0,286.0,306.0,340.0
2026-03-12 08:00:00,formal_winter_event_2026,292.0,274.0,292.0,324.0
2026-03-12 08:30:00,formal_winter_event_2026,224.0,157.0,224.0,284.0
2026-03-12 09:00:00,formal_winter_event_2026,224.0,153.0,224.0,284.0
2026-03-12 09:30:00,formal_winter_event_2026,221.0,148.0,221.0,282.0
2026-03-12 10:00:00,formal_winter_event_2026,165.0,58.75,165.0,244.0
2026-03-12 10:30:00,formal_winter_event_2026,129.0,-1.578125,129.0,230.0
2026-03-12 11:00:00,formal_winter_event_2026,-1.578125,-124.0,-1.578125,154.0
2026-03-12 11:30:00,formal_winter_event_2026,119.0,-18.875,119.0,233.0
2026-03-12 12:00:00,formal_winter_event_2026,-133.0,-212.0,-133.0,-12.3125
2026-03-12 12:30:00,formal_winter_event_2026,-139.0,-212.0,-139.0,-54.0
2026-03-12 13:00:00,formal_winter_event_2026,-145.0,-215.0,-145.0,-61.5
2026-03-12 13:30:00,formal_winter_event_2026,-142.0,-223.0,-142.0,-54.0
2026-03-12 14:00:00,formal_winter_event_2026,-139.0,-223.0,-139.0,-61.5
2026-03-12 14:30:00,formal_winter_event_2026,-124.0,-205.0,-124.0,-30.125
2026-03-12 15:00:00,formal_winter_event_2026,174.0,65.5,174.0,256.0
2026-03-12 15:30:00,formal_winter_event_2026,266.0,211.0,266.0,320.0
2026-03-12 16:00:00,formal_winter_event_2026,276.0,230.0,276.0,320.0
2026-03-12 16:30:00,formal_winter_event_2026,280.0,256.0,280.0,310.0
2026-03-12 17:00:00,formal_winter_event_2026,284.0,264.0,284.0,310.0
2026-03-12 17:30:00,formal_winter_event_2026,286.0,268.0,286.0,304.0
2026-03-12 18:00:00,formal_winter_event_2026,298.0,282.0,298.0,318.0
2026-03-12 18:30:00,formal_winter_event_2026,320.0,298.0,320.0,356.0
2026-03-12 19:00:00,formal_winter_event_2026,328.0,304.0,328.0,372.0
2026-03-12 19:30:00,formal_winter_event_2026,318.0,298.0,318.0,358.0
2026-03-12 20:00:00,formal_winter_event_2026,306.0,286.0,306.0,336.0
2026-03-12 20:30:00,formal_winter_event_2026,312.0,290.0,312.0,342.0
2026-03-12 21:00:00,formal_winter_event_2026,316.0,294.0,316.0,354.0
2026-03-12 21:30:00,formal_winter_event_2026,312.0,290.0,312.0,350.0
2026-03-12 22:00:00,formal_winter_event_2026,314.0,290.0,314.0,350.0
2026-03-12 22:30:00,formal_winter_event_2026,318.0,292.0,318.0,356.0
2026-03-12 23:00:00,formal_winter_event_2026,320.0,294.0,320.0,360.0
2026-03-12 23:30:00,formal_winter_event_2026,300.0,282.0,300.0,320.0
2026-03-13 00:00:00,formal_winter_event_2026,280.0,264.0,280.0,296.0
2026-03-13 00:30:00,formal_winter_event_2026,262.0,251.0,262.0,272.0
2026-03-13 01:00:00,formal_winter_event_2026,262.0,249.0,262.0,274.0
2026-03-13 01:30:00,formal_winter_event_2026,264.0,250.0,264.0,276.0
2026-03-13 02:00:00,formal_winter_event_2026,262.0,249.0,262.0,276.0
2026-03-13 02:30:00,formal_winter_event_2026,264.0,250.0,264.0,278.0
2026-03-13 03:00:00,formal_winter_event_2026,264.0,251.0,264.0,278.0
2026-03-13 03:30:00,formal_winter_event_2026,264.0,251.0,264.0,276.0
2026-03-13 04:00:00,formal_winter_event_2026,260.0,248.0,260.0,272.0
2026-03-13 04:30:00,formal_winter_event_2026,260.0,251.0,260.0,268.0
2026-03-13 05:00:00,formal_winter_event_2026,262.0,251.0,262.0,270.0
2026-03-13 05:30:00,formal_winter_event_2026,264.0,252.0,264.0,272.0
2026-03-13 06:00:00,formal_winter_event_2026,270.0,258.0,270.0,286.0
2026-03-13 06:30:00,formal_winter_event_2026,286.0,270.0,286.0,306.0
2026-03-13 07:00:00,formal_winter_event_2026,304.0,284.0,304.0,338.0
2026-03-13 07:30:00,formal_winter_event_2026,282.0,260.0,282.0,320.0
2026-03-13 08:00:00,formal_winter_event_2026,274.0,251.0,274.0,310.0
2026-03-13 08:30:00,formal_winter_event_2026,190.0,123.0,190.0,247.0
2026-03-13 09:00:00,formal_winter_event_2026,183.0,103.0,183.0,249.0
2026-03-13 09:30:00,formal_winter_event_2026,134.0,33.0,134.0,223.0
2026-03-13 10:00:00,formal_winter_event_2026,-9.0625,-129.0,-9.0625,130.0
2026-03-13 10:30:00,formal_winter_event_2026,-141.0,-216.0,-141.0,42.25
2026-03-13 11:00:00,formal_winter_event_2026,-198.0,-256.0,-198.0,-117.5
2026-03-13 11:30:00,formal_winter_event_2026,-202.0,-256.0,-202.0,-77.0
2026-03-13 12:00:00,formal_winter_event_2026,-216.0,-264.0,-216.0,-138.0
2026-03-13 12:30:00,formal_winter_event_2026,-205.0,-252.0,-205.0,-141.0
2026-03-13 13:00:00,formal_winter_event_2026,-205.0,-256.0,-205.0,-144.0
2026-03-13 13:30:00,formal_winter_event_2026,-212.0,-260.0,-212.0,-156.0
2026-03-13 14:00:00,formal_winter_event_2026,-209.0,-260.0,-209.0,-156.0
2026-03-13 14:30:00,formal_winter_event_2026,-198.0,-256.0,-198.0,-135.0
2026-03-13 15:00:00,formal_winter_event_2026,35.0,-92.5,35.0,138.0
2026-03-13 15:30:00,formal_winter_event_2026,241.0,180.0,241.0,292.0
2026-03-13 16:00:00,formal_winter_event_2026,256.0,213.0,256.0,292.0
2026-03-13 16:30:00,formal_winter_event_2026,264.0,244.0,264.0,284.0
2026-03-13 17:00:00,formal_winter_event_2026,274.0,258.0,274.0,294.0
2026-03-13 17:30:00,formal_winter_event_2026,278.0,260.0,278.0,294.0
2026-03-13 18:00:00,formal_winter_event_2026,282.0,266.0,282.0,300.0
2026-03-13 18:30:00,formal_winter_event_2026,306.0,286.0,306.0,334.0
2026-03-13 19:00:00,formal_winter_event_2026,316.0,292.0,316.0,354.0
2026-03-13 19:30:00,formal_winter_event_2026,308.0,286.0,308.0,340.0
2026-03-13 20:00:00,formal_winter_event_2026,300.0,280.0,300.0,328.0
2026-03-13 20:30:00,formal_winter_event_2026,308.0,286.0,308.0,338.0
2026-03-13 21:00:00,formal_winter_event_2026,314.0,288.0,314.0,352.0
2026-03-13 21:30:00,formal_winter_event_2026,312.0,288.0,312.0,354.0
2026-03-13 22:00:00,formal_winter_event_2026,314.0,288.0,314.0,352.0
2026-03-13 22:30:00,formal_winter_event_2026,318.0,292.0,318.0,360.0
2026-03-13 23:00:00,formal_winter_event_2026,324.0,298.0,324.0,366.0
2026-03-13 23:30:00,formal_winter_event_2026,306.0,286.0,306.0,332.0
2026-03-14 00:00:00,formal_winter_event_2026,286.0,270.0,286.0,304.0
2026-03-14 00:30:00,formal_winter_event_2026,278.0,264.0,278.0,292.0
2026-03-14 01:00:00,formal_winter_event_2026,274.0,260.0,274.0,292.0
2026-03-14 01:30:00,formal_winter_event_2026,272.0,256.0,272.0,288.0
2026-03-14 02:00:00,formal_winter_event_2026,268.0,254.0,268.0,284.0
2026-03-14 02:30:00,formal_winter_event_2026,268.0,252.0,268.0,282.0
2026-03-14 03:00:00,formal_winter_event_2026,270.0,256.0,270.0,286.0
2026-03-14 03:30:00,formal_winter_event_2026,268.0,254.0,268.0,282.0
2026-03-14 04:00:00,formal_winter_event_2026,264.0,251.0,264.0,278.0
2026-03-14 04:30:00,formal_winter_event_2026,264.0,253.0,264.0,274.0
2026-03-14 05:00:00,formal_winter_event_2026,264.0,252.0,264.0,274.0
2026-03-14 05:30:00,formal_winter_event_2026,266.0,253.0,266.0,274.0
2026-03-14 06:00:00,formal_winter_event_2026,268.0,254.0,268.0,282.0
2026-03-14 06:30:00,formal_winter_event_2026,278.0,260.0,278.0,296.0
2026-03-14 07:00:00,formal_winter_event_2026,294.0,272.0,294.0,324.0
2026-03-14 07:30:00,formal_winter_event_2026,294.0,270.0,294.0,332.0
2026-03-14 08:00:00,formal_winter_event_2026,288.0,264.0,288.0,330.0
2026-03-14 08:30:00,formal_winter_event_2026,211.0,143.0,211.0,272.0
2026-03-14 09:00:00,formal_winter_event_2026,235.0,169.0,235.0,290.0
2026-03-14 09:30:00,formal_winter_event_2026,250.0,181.0,250.0,298.0
2026-03-14 10:00:00,formal_winter_event_2026,241.0,160.0,241.0,294.0
2026-03-14 10:30:00,formal_winter_event_2026,140.0,-25.5,140.0,268.0
2026-03-14 11:00:00,formal_winter_event_2026,-116.0,-180.0,-116.0,61.0
2026-03-14 11:30:00,formal_winter_event_2026,-124.5,-180.0,-124.5,104.5
2026-03-14 12:00:00,formal_winter_event_2026,-148.0,-193.0,-148.0,-46.0
2026-03-14 12:30:00,formal_winter_event_2026,-142.0,-186.0,-142.0,-23.25
2026-03-14 13:00:00,formal_winter_event_2026,-142.0,-190.0,-142.0,-23.25
2026-03-14 13:30:00,formal_winter_event_2026,-154.0,-207.0,-154.0,-83.5
2026-03-14 14:00:00,formal_winter_event_2026,-157.0,-210.0,-157.0,-91.0
2026-03-14 14:30:00,formal_winter_event_2026,-151.0,-203.0,-151.0,-78.0
2026-03-14 15:00:00,formal_winter_event_2026,181.0,28.125,181.0,264.0
2026-03-14 15:30:00,formal_winter_event_2026,266.0,219.0,266.0,302.0
2026-03-14 16:00:00,formal_winter_event_2026,270.0,234.0,270.0,308.0
2026-03-14 16:30:00,formal_winter_event_2026,290.0,266.0,290.0,320.0
2026-03-14 17:00:00,formal_winter_event_2026,298.0,276.0,298.0,328.0
2026-03-14 17:30:00,formal_winter_event_2026,288.0,268.0,288.0,312.0
2026-03-14 18:00:00,formal_winter_event_2026,288.0,270.0,288.0,310.0
2026-03-14 18:30:00,formal_winter_event_2026,304.0,282.0,304.0,330.0
2026-03-14 19:00:00,formal_winter_event_2026,310.0,288.0,310.0,342.0
2026-03-14 19:30:00,formal_winter_event_2026,300.0,280.0,300.0,324.0
2026-03-14 20:00:00,formal_winter_event_2026,290.0,272.0,290.0,312.0
2026-03-14 20:30:00,formal_winter_event_2026,296.0,280.0,296.0,316.0
2026-03-14 21:00:00,formal_winter_event_2026,300.0,280.0,300.0,324.0
2026-03-14 21:30:00,formal_winter_event_2026,296.0,276.0,296.0,324.0
2026-03-14 22:00:00,formal_winter_event_2026,298.0,276.0,298.0,324.0
2026-03-14 22:30:00,formal_winter_event_2026,310.0,286.0,310.0,344.0
2026-03-14 23:00:00,formal_winter_event_2026,316.0,290.0,316.0,352.0
2026-03-14 23:30:00,formal_winter_event_2026,298.0,276.0,298.0,324.0
2026-03-15 00:00:00,formal_winter_event_2026,284.0,266.0,284.0,306.0
