time,congestion_state
2025-08-28 00:30:00,1
2025-08-28 01:00:00,1
2025-08-28 01:30:00,1
2025-08-28 02:00:00,1
2025-08-28 02:30:00,2
2025-08-28 03:00:00,2
2025-08-28 03:30:00,2
2025-08-28 04:00:00,2
2025-08-28 04:30:00,2
2025-08-28 05:00:00,1
2025-08-28 05:30:00,1
2025-08-28 06:00:00,1
2025-08-28 06:30:00,1
2025-08-28 07:00:00,2
2025-08-28 07:30:00,2
2025-08-28 08:00:00,2
2025-08-28 08:30:00,2
2025-08-28 09:00:00,2
2025-08-28 09:30:00,2
2025-08-28 10:00:00,2
2025-08-28 10:30:00,2
2025-08-28 11:00:00,1
2025-08-28 11:30:00,1
2025-08-28 12:00:00,1
2025-08-28 12:30:00,1
2025-08-28 13:00:00,1
2025-08-28 13:30:00,1
2025-08-28 14:00:00,1
2025-08-28 14:30:00,2
2025-08-28 15:00:00,2
2025-08-28 15:30:00,2
2025-08-28 16:00:00,1
2025-08-28 16:30:00,1
2025-08-28 17:00:00,1
2025-08-28 17:30:00,1
2025-08-28 18:00:00,1
2025-08-28 18:30:00,1
2025-08-28 19:00:00,1
2025-08-28 19:30:00,2
2025-08-28 20:00:00,1
2025-08-28 20:30:00,1
2025-08-28 21:00:00,2
2025-08-28 21:30:00,1
2025-08-28 22:00:00,1
2025-08-28 22:30:00,1
2025-08-28 23:00:00,1
2025-08-28 23:30:00,1
2025-08-29 00:00:00,1
2025-08-29 00:30:00,1
2025-08-29 01:00:00,1
2025-08-29 01:30:00,1
2025-08-29 02:00:00,1
2025-08-29 02:30:00,2
2025-08-29 03:00:00,1
2025-08-29 03:30:00,1
2025-08-29 04:00:00,1
2025-08-29 04:30:00,1
2025-08-29 05:00:00,1
2025-08-29 05:30:00,0
2025-08-29 06:00:00,1
2025-08-29 06:30:00,1
2025-08-29 07:00:00,1
2025-08-29 07:30:00,2
2025-08-29 08:00:00,2
2025-08-29 08:30:00,0
2025-08-29 09:00:00,0
2025-08-29 09:30:00,0
2025-08-29 10:00:00,0
2025-08-29 10:30:00,2
2025-08-29 11:00:00,1
2025-08-29 11:30:00,1
2025-08-29 12:00:00,1
2025-08-29 12:30:00,1
2025-08-29 13:00:00,1
2025-08-29 13:30:00,2
2025-08-29 14:00:00,1
2025-08-29 14:30:00,2
2025-08-29 15:00:00,2
2025-08-29 15:30:00,2
2025-08-29 16:00:00,1
2025-08-29 16:30:00,1
2025-08-29 17:00:00,1
2025-08-29 17:30:00,2
2025-08-29 18:00:00,2
2025-08-29 18:30:00,1
2025-08-29 19:00:00,2
2025-08-29 19:30:00,2
2025-08-29 20:00:00,1
2025-08-29 20:30:00,1
2025-08-29 21:00:00,1
2025-08-29 21:30:00,1
2025-08-29 22:00:00,1
2025-08-29 22:30:00,1
2025-08-29 23:00:00,1
2025-08-29 23:30:00,2
2025-08-30 00:00:00,1
2025-09-04 00:30:00,1
2025-09-04 01:00:00,1
2025-09-04 01:30:00,1
2025-09-04 02:00:00,1
2025-09-04 02:30:00,1
2025-09-04 03:00:00,1
2025-09-04 03:30:00,1
2025-09-04 04:00:00,1
2025-09-04 04:30:00,1
2025-09-04 05:00:00,1
2025-09-04 05:30:00,1
2025-09-04 06:00:00,1
2025-09-04 06:30:00,1
2025-09-04 07:00:00,1
2025-09-04 07:30:00,2
2025-09-04 08:00:00,2
2025-09-04 08:30:00,2
2025-09-04 09:00:00,1
2025-09-04 09:30:00,1
2025-09-04 10:00:00,2
2025-09-04 10:30:00,2
2025-09-04 11:00:00,1
2025-09-04 11:30:00,1
2025-09-04 12:00:00,1
2025-09-04 12:30:00,0
2025-09-04 13:00:00,1
2025-09-04 13:30:00,1
2025-09-04 14:00:00,1
2025-09-04 14:30:00,2
2025-09-04 15:00:00,2
2025-09-04 15:30:00,2
2025-09-04 16:00:00,1
2025-09-04 16:30:00,2
2025-09-04 17:00:00,2
2025-09-04 17:30:00,2
2025-09-04 18:00:00,2
2025-09-04 18:30:00,2
2025-09-04 19:00:00,0
2025-09-04 19:30:00,2
2025-09-04 20:00:00,2
2025-09-04 20:30:00,2
2025-09-04 21:00:00,2
2025-09-04 21:30:00,2
2025-09-04 22:00:00,2
2025-09-04 22:30:00,2
2025-09-04 23:00:00,2
2025-09-04 23:30:00,2
2025-09-05 00:00:00,1
2025-09-05 00:30:00,0
2025-09-05 01:00:00,1
2025-09-05 01:30:00,1
2025-09-05 02:00:00,2
2025-09-05 02:30:00,1
2025-09-05 03:00:00,1
2025-09-05 03:30:00,1
2025-09-05 04:00:00,1
2025-09-05 04:30:00,1
2025-09-05 05:00:00,1
2025-09-05 05:30:00,1
2025-09-05 06:00:00,1
2025-09-05 06:30:00,1
2025-09-05 07:00:00,1
2025-09-05 07:30:00,1
2025-09-05 08:00:00,2
2025-09-05 08:30:00,2
2025-09-05 09:00:00,1
2025-09-05 09:30:00,2
2025-09-05 10:00:00,1
2025-09-05 10:30:00,1
2025-09-05 11:00:00,1
2025-09-05 11:30:00,1
2025-09-05 12:00:00,1
2025-09-05 12:30:00,0
2025-09-05 13:00:00,1
2025-09-05 13:30:00,1
2025-09-05 14:00:00,1
2025-09-05 14:30:00,1
2025-09-05 15:00:00,2
2025-09-05 15:30:00,2
2025-09-05 16:00:00,1
2025-09-05 16:30:00,2
2025-09-05 17:00:00,2
2025-09-05 17:30:00,2
2025-09-05 18:00:00,2
2025-09-05 18:30:00,2
2025-09-05 19:00:00,2
2025-09-05 19:30:00,2
2025-09-05 20:00:00,1
2025-09-05 20:30:00,2
2025-09-05 21:00:00,2
2025-09-05 21:30:00,2
2025-09-05 22:00:00,2
2025-09-05 22:30:00,2
2025-09-05 23:00:00,2
2025-09-05 23:30:00,2
2025-09-06 00:00:00,1
2025-09-08 00:30:00,2
2025-09-08 01:00:00,1
2025-09-08 01:30:00,2
2025-09-08 02:00:00,1
2025-09-08 02:30:00,1
2025-09-08 03:00:00,1
2025-09-08 03:30:00,1
2025-09-08 04:00:00,1
2025-09-08 04:30:00,1
2025-09-08 05:00:00,1
2025-09-08 05:30:00,1
2025-09-08 06:00:00,1
2025-09-08 06:30:00,1
2025-09-08 07:00:00,1
2025-09-08 07:30:00,1
2025-09-08 08:00:00,1
2025-09-08 08:30:00,1
2025-09-08 09:00:00,1
2025-09-08 09:30:00,2
2025-09-08 10:00:00,1
2025-09-08 10:30:00,2
2025-09-08 11:00:00,1
2025-09-08 11:30:00,0
2025-09-08 12:00:00,0
2025-09-08 12:30:00,0
2025-09-08 13:00:00,0
2025-09-08 13:30:00,1
2025-09-08 14:00:00,0
2025-09-08 14:30:00,0
2025-09-08 15:00:00,0
2025-09-08 15:30:00,0
2025-09-08 16:00:00,2
2025-09-08 16:30:00,0
2025-09-08 17:00:00,2
2025-09-08 17:30:00,2
2025-09-08 18:00:00,2
2025-09-08 18:30:00,2
2025-09-08 19:00:00,2
2025-09-08 19:30:00,2
2025-09-08 20:00:00,2
2025-09-08 20:30:00,2
2025-09-08 21:00:00,2
2025-09-08 21:30:00,2
2025-09-08 22:00:00,2
2025-09-08 22:30:00,2
2025-09-08 23:00:00,2
2025-09-08 23:30:00,2
2025-09-09 00:00:00,2
2025-09-09 00:30:00,2
2025-09-09 01:00:00,0
2025-09-09 01:30:00,2
2025-09-09 02:00:00,0
2025-09-09 02:30:00,0
2025-09-09 03:00:00,0
2025-09-09 03:30:00,0
2025-09-09 04:00:00,0
2025-09-09 04:30:00,2
2025-09-09 05:00:00,2
2025-09-09 05:30:00,2
2025-09-09 06:00:00,2
2025-09-09 06:30:00,2
2025-09-09 07:00:00,2
2025-09-09 07:30:00,2
2025-09-09 08:00:00,2
2025-09-09 08:30:00,2
2025-09-09 09:00:00,2
2025-09-09 09:30:00,2
2025-09-09 10:00:00,2
2025-09-09 10:30:00,2
2025-09-09 11:00:00,1
2025-09-09 11:30:00,1
2025-09-09 12:00:00,1
2025-09-09 12:30:00,1
2025-09-09 13:00:00,2
2025-09-09 13:30:00,2
2025-09-09 14:00:00,2
2025-09-09 14:30:00,2
2025-09-09 15:00:00,2
2025-09-09 15:30:00,2
2025-09-09 16:00:00,2
2025-09-09 16:30:00,2
2025-09-09 17:00:00,2
2025-09-09 17:30:00,2
2025-09-09 18:00:00,2
2025-09-09 18:30:00,2
2025-09-09 19:00:00,2
2025-09-09 19:30:00,2
2025-09-09 20:00:00,2
2025-09-09 20:30:00,2
2025-09-09 21:00:00,2
2025-09-09 21:30:00,2
2025-09-09 22:00:00,2
2025-09-09 22:30:00,2
2025-09-09 23:00:00,1
2025-09-09 23:30:00,1
2025-09-10 00:00:00,1
2025-09-10 00:30:00,2
2025-09-10 01:00:00,1
2025-09-10 01:30:00,0
2025-09-10 02:00:00,2
2025-09-10 02:30:00,2
2025-09-10 03:00:00,1
2025-09-10 03:30:00,1
2025-09-10 04:00:00,1
2025-09-10 04:30:00,1
2025-09-10 05:00:00,1
2025-09-10 05:30:00,1
2025-09-10 06:00:00,1
2025-09-10 06:30:00,1
2025-09-10 07:00:00,1
2025-09-10 07:30:00,1
2025-09-10 08:00:00,2
2025-09-10 08:30:00,2
2025-09-10 09:00:00,2
2025-09-10 09:30:00,2
2025-09-10 10:00:00,2
2025-09-10 10:30:00,2
2025-09-10 11:00:00,1
2025-09-10 11:30:00,2
2025-09-10 12:00:00,2
2025-09-10 12:30:00,2
2025-09-10 13:00:00,2
2025-09-10 13:30:00,2
2025-09-10 14:00:00,2
2025-09-10 14:30:00,2
2025-09-10 15:00:00,0
2025-09-10 15:30:00,2
2025-09-10 16:00:00,2
2025-09-10 16:30:00,2
2025-09-10 17:00:00,2
2025-09-10 17:30:00,2
2025-09-10 18:00:00,2
2025-09-10 18:30:00,2
2025-09-10 19:00:00,2
2025-09-10 19:30:00,2
2025-09-10 20:00:00,2
2025-09-10 20:30:00,2
2025-09-10 21:00:00,2
2025-09-10 21:30:00,2
2025-09-10 22:00:00,2
2025-09-10 22:30:00,2
2025-09-10 23:00:00,2
2025-09-10 23:30:00,1
2025-09-11 00:00:00,1
2025-09-11 00:30:00,2
2025-09-11 01:00:00,2
2025-09-11 01:30:00,2
2025-09-11 02:00:00,2
2025-09-11 02:30:00,2
2025-09-11 03:00:00,2
2025-09-11 03:30:00,2
2025-09-11 04:00:00,2
2025-09-11 04:30:00,2
2025-09-11 05:00:00,2
2025-09-11 05:30:00,1
2025-09-11 06:00:00,1
2025-09-11 06:30:00,1
2025-09-11 07:00:00,2
2025-09-11 07:30:00,2
2025-09-11 08:00:00,2
2025-09-11 08:30:00,2
2025-09-11 09:00:00,2
2025-09-11 09:30:00,2
2025-09-11 10:00:00,2
2025-09-11 10:30:00,2
2025-09-11 11:00:00,1
2025-09-11 11:30:00,1
2025-09-11 12:00:00,1
2025-09-11 12:30:00,2
2025-09-11 13:00:00,2
2025-09-11 13:30:00,2
2025-09-11 14:00:00,2
2025-09-11 14:30:00,2
2025-09-11 15:00:00,0
2025-09-11 15:30:00,2
2025-09-11 16:00:00,2
2025-09-11 16:30:00,2
2025-09-11 17:00:00,2
2025-09-11 17:30:00,2
2025-09-11 18:00:00,2
2025-09-11 18:30:00,2
2025-09-11 19:00:00,2
2025-09-11 19:30:00,2
2025-09-11 20:00:00,2
2025-09-11 20:30:00,2
2025-09-11 21:00:00,2
2025-09-11 21:30:00,2
2025-09-11 22:00:00,2
2025-09-11 22:30:00,2
2025-09-11 23:00:00,2
2025-09-11 23:30:00,2
2025-09-12 00:00:00,2
2025-09-12 00:30:00,1
2025-09-12 01:00:00,2
2025-09-12 01:30:00,2
2025-09-12 02:00:00,2
2025-09-12 02:30:00,2
2025-09-12 03:00:00,2
2025-09-12 03:30:00,1
2025-09-12 04:00:00,1
2025-09-12 04:30:00,1
2025-09-12 05:00:00,1
2025-09-12 05:30:00,1
2025-09-12 06:00:00,1
2025-09-12 06:30:00,1
2025-09-12 07:00:00,2
2025-09-12 07:30:00,1
2025-09-12 08:00:00,1
2025-09-12 08:30:00,1
2025-09-12 09:00:00,2
2025-09-12 09:30:00,2
2025-09-12 10:00:00,2
2025-09-12 10:30:00,2
2025-09-12 11:00:00,1
2025-09-12 11:30:00,2
2025-09-12 12:00:00,2
2025-09-12 12:30:00,0
2025-09-12 13:00:00,2
2025-09-12 13:30:00,1
2025-09-12 14:00:00,1
2025-09-12 14:30:00,0
2025-09-12 15:00:00,0
2025-09-12 15:30:00,2
2025-09-12 16:00:00,2
2025-09-12 16:30:00,2
2025-09-12 17:00:00,2
2025-09-12 17:30:00,2
2025-09-12 18:00:00,2
2025-09-12 18:30:00,0
2025-09-12 19:00:00,2
2025-09-12 19:30:00,0
2025-09-12 20:00:00,2
2025-09-12 20:30:00,2
2025-09-12 21:00:00,2
2025-09-12 21:30:00,2
2025-09-12 22:00:00,2
2025-09-12 22:30:00,2
2025-09-12 23:00:00,2
2025-09-12 23:30:00,1
2025-09-13 00:00:00,1
2025-09-13 00:30:00,1
2025-09-13 01:00:00,1
2025-09-13 01:30:00,1
2025-09-13 02:00:00,2
2025-09-13 02:30:00,2
2025-09-13 03:00:00,1
2025-09-13 03:30:00,1
2025-09-13 04:00:00,1
2025-09-13 04:30:00,1
2025-09-13 05:00:00,1
2025-09-13 05:30:00,1
2025-09-13 06:00:00,1
2025-09-13 06:30:00,1
2025-09-13 07:00:00,2
2025-09-13 07:30:00,2
2025-09-13 08:00:00,2
2025-09-13 08:30:00,2
2025-09-13 09:00:00,2
2025-09-13 09:30:00,2
2025-09-13 10:00:00,2
2025-09-13 10:30:00,2
2025-09-13 11:00:00,1
2025-09-13 11:30:00,0
2025-09-13 12:00:00,2
2025-09-13 12:30:00,2
2025-09-13 13:00:00,0
2025-09-13 13:30:00,2
2025-09-13 14:00:00,1
2025-09-13 14:30:00,2
2025-09-13 15:00:00,2
2025-09-13 15:30:00,2
2025-09-13 16:00:00,2
2025-09-13 16:30:00,2
2025-09-13 17:00:00,2
2025-09-13 17:30:00,2
2025-09-13 18:00:00,2
2025-09-13 18:30:00,0
2025-09-13 19:00:00,2
2025-09-13 19:30:00,2
2025-09-13 20:00:00,2
2025-09-13 20:30:00,2
2025-09-13 21:00:00,0
2025-09-13 21:30:00,2
2025-09-13 22:00:00,2
2025-09-13 22:30:00,1
2025-09-13 23:00:00,2
2025-09-13 23:30:00,1
2025-09-14 00:00:00,1
2025-09-14 00:30:00,1
2025-09-14 01:00:00,1
2025-09-14 01:30:00,1
2025-09-14 02:00:00,1
2025-09-14 02:30:00,1
2025-09-14 03:00:00,1
2025-09-14 03:30:00,1
2025-09-14 04:00:00,1
2025-09-14 04:30:00,1
2025-09-14 05:00:00,1
2025-09-14 05:30:00,1
2025-09-14 06:00:00,1
2025-09-14 06:30:00,1
2025-09-14 07:00:00,2
2025-09-14 07:30:00,2
2025-09-14 08:00:00,2
2025-09-14 08:30:00,2
2025-09-14 09:00:00,0
2025-09-14 09:30:00,2
2025-09-14 10:00:00,2
2025-09-14 10:30:00,2
2025-09-14 11:00:00,2
2025-09-14 11:30:00,1
2025-09-14 12:00:00,1
2025-09-14 12:30:00,1
2025-09-14 13:00:00,2
2025-09-14 13:30:00,1
2025-09-14 14:00:00,1
2025-09-14 14:30:00,2
2025-09-14 15:00:00,2
2025-09-14 15:30:00,1
2025-09-14 16:00:00,1
2025-09-14 16:30:00,2
2025-09-14 17:00:00,2
2025-09-14 17:30:00,2
2025-09-14 18:00:00,2
2025-09-14 18:30:00,2
2025-09-14 19:00:00,2
2025-09-14 19:30:00,2
2025-09-14 20:00:00,2
2025-09-14 20:30:00,2
2025-09-14 21:00:00,2
2025-09-14 21:30:00,2
2025-09-14 22:00:00,2
2025-09-14 22:30:00,2
2025-09-14 23:00:00,1
2025-09-14 23:30:00,2
2025-09-15 00:00:00,1
2025-09-15 00:30:00,1
2025-09-15 01:00:00,1
2025-09-15 01:30:00,1
2025-09-15 02:00:00,2
2025-09-15 02:30:00,1
2025-09-15 03:00:00,1
2025-09-15 03:30:00,1
2025-09-15 04:00:00,2
2025-09-15 04:30:00,2
2025-09-15 05:00:00,1
2025-09-15 05:30:00,1
2025-09-15 06:00:00,1
2025-09-15 06:30:00,1
2025-09-15 07:00:00,2
2025-09-15 07:30:00,2
2025-09-15 08:00:00,2
2025-09-15 08:30:00,2
2025-09-15 09:00:00,2
2025-09-15 09:30:00,2
2025-09-15 10:00:00,2
2025-09-15 10:30:00,2
2025-09-15 11:00:00,1
2025-09-15 11:30:00,1
2025-09-15 12:00:00,1
2025-09-15 12:30:00,0
2025-09-15 13:00:00,1
2025-09-15 13:30:00,1
2025-09-15 14:00:00,0
2025-09-15 14:30:00,1
2025-09-15 15:00:00,0
2025-09-15 15:30:00,1
2025-09-15 16:00:00,2
2025-09-15 16:30:00,2
2025-09-15 17:00:00,2
2025-09-15 17:30:00,2
2025-09-15 18:00:00,2
2025-09-15 18:30:00,1
2025-09-15 19:00:00,2
2025-09-15 19:30:00,2
2025-09-15 20:00:00,2
2025-09-15 20:30:00,0
2025-09-15 21:00:00,1
2025-09-15 21:30:00,2
2025-09-15 22:00:00,2
2025-09-15 22:30:00,2
2025-09-15 23:00:00,2
2025-09-15 23:30:00,2
2025-09-16 00:00:00,1
2025-09-16 00:30:00,2
2025-09-16 01:00:00,1
2025-09-16 01:30:00,1
2025-09-16 02:00:00,1
2025-09-16 02:30:00,1
2025-09-16 03:00:00,1
2025-09-16 03:30:00,2
2025-09-16 04:00:00,2
2025-09-16 04:30:00,2
2025-09-16 05:00:00,2
2025-09-16 05:30:00,2
2025-09-16 06:00:00,1
2025-09-16 06:30:00,1
2025-09-16 07:00:00,1
2025-09-16 07:30:00,2
2025-09-16 08:00:00,2
2025-09-16 08:30:00,2
2025-09-16 09:00:00,2
2025-09-16 09:30:00,1
2025-09-16 10:00:00,1
2025-09-16 10:30:00,2
2025-09-16 11:00:00,1
2025-09-16 11:30:00,2
2025-09-16 12:00:00,1
2025-09-16 12:30:00,1
2025-09-16 13:00:00,1
2025-09-16 13:30:00,2
2025-09-16 14:00:00,1
2025-09-16 14:30:00,1
2025-09-16 15:00:00,2
2025-09-16 15:30:00,2
2025-09-16 16:00:00,1
2025-09-16 16:30:00,2
2025-09-16 17:00:00,2
2025-09-16 17:30:00,0
2025-09-16 18:00:00,2
2025-09-16 18:30:00,2
2025-09-16 19:00:00,2
2025-09-16 19:30:00,1
2025-09-16 20:00:00,2
2025-09-16 20:30:00,2
2025-09-16 21:00:00,2
2025-09-16 21:30:00,2
2025-09-16 22:00:00,2
2025-09-16 22:30:00,2
2025-09-16 23:00:00,2
2025-09-16 23:30:00,2
2025-09-17 00:00:00,1
2025-09-17 00:30:00,0
2025-09-17 01:00:00,1
2025-09-17 01:30:00,1
2025-09-17 02:00:00,1
2025-09-17 02:30:00,2
2025-09-17 03:00:00,2
2025-09-17 03:30:00,1
2025-09-17 04:00:00,1
2025-09-17 04:30:00,1
2025-09-17 05:00:00,1
2025-09-17 05:30:00,1
2025-09-17 06:00:00,1
2025-09-17 06:30:00,1
2025-09-17 07:00:00,1
2025-09-17 07:30:00,2
2025-09-17 08:00:00,2
2025-09-17 08:30:00,2
2025-09-17 09:00:00,1
2025-09-17 09:30:00,2
2025-09-17 10:00:00,1
2025-09-17 10:30:00,1
2025-09-17 11:00:00,1
2025-09-17 11:30:00,1
2025-09-17 12:00:00,2
2025-09-17 12:30:00,0
2025-09-17 13:00:00,2
2025-09-17 13:30:00,2
2025-09-17 14:00:00,1
2025-09-17 14:30:00,0
2025-09-17 15:00:00,2
2025-09-17 15:30:00,0
2025-09-17 16:00:00,0
2025-09-17 16:30:00,2
2025-09-17 17:00:00,2
2025-09-17 17:30:00,2
2025-09-17 18:00:00,2
2025-09-17 18:30:00,2
2025-09-17 19:00:00,2
2025-09-17 19:30:00,2
2025-09-17 20:00:00,0
2025-09-17 20:30:00,2
2025-09-17 21:00:00,2
2025-09-17 21:30:00,2
2025-09-17 22:00:00,2
2025-09-17 22:30:00,2
2025-09-17 23:00:00,2
2025-09-17 23:30:00,1
2025-09-18 00:00:00,2
2025-09-18 00:30:00,2
2025-09-18 01:00:00,1
2025-09-18 01:30:00,1
2025-09-18 02:00:00,2
2025-09-18 02:30:00,0
2025-09-18 03:00:00,0
2025-09-18 03:30:00,2
2025-09-18 04:00:00,2
2025-09-18 04:30:00,1
2025-09-18 05:00:00,2
2025-09-18 05:30:00,2
2025-09-18 06:00:00,2
2025-09-18 06:30:00,1
2025-09-18 07:00:00,2
2025-09-18 07:30:00,2
2025-09-18 08:00:00,1
2025-09-18 08:30:00,1
2025-09-18 09:00:00,2
2025-09-18 09:30:00,1
2025-09-18 10:00:00,1
2025-09-18 10:30:00,1
2025-09-18 11:00:00,1
2025-09-18 11:30:00,1
2025-09-18 12:00:00,1
2025-09-18 12:30:00,0
2025-09-18 13:00:00,2
2025-09-18 13:30:00,1
2025-09-18 14:00:00,1
2025-09-18 14:30:00,1
2025-09-18 15:00:00,2
2025-09-18 15:30:00,1
2025-09-18 16:00:00,2
2025-09-18 16:30:00,2
2025-09-18 17:00:00,2
2025-09-18 17:30:00,2
2025-09-18 18:00:00,2
2025-09-18 18:30:00,2
2025-09-18 19:00:00,1
2025-09-18 19:30:00,2
2025-09-18 20:00:00,2
2025-09-18 20:30:00,2
2025-09-18 21:00:00,2
2025-09-18 21:30:00,2
2025-09-18 22:00:00,2
2025-09-18 22:30:00,2
2025-09-18 23:00:00,2
2025-09-18 23:30:00,1
2025-09-19 00:00:00,1
2025-09-19 00:30:00,2
2025-09-19 01:00:00,1
2025-09-19 01:30:00,1
2025-09-19 02:00:00,2
2025-09-19 02:30:00,2
2025-09-19 03:00:00,2
2025-09-19 03:30:00,1
2025-09-19 04:00:00,1
2025-09-19 04:30:00,1
2025-09-19 05:00:00,1
2025-09-19 05:30:00,1
2025-09-19 06:00:00,1
2025-09-19 06:30:00,1
2025-09-19 07:00:00,2
2025-09-19 07:30:00,1
2025-09-19 08:00:00,1
2025-09-19 08:30:00,0
2025-09-19 09:00:00,0
2025-09-19 09:30:00,2
2025-09-19 10:00:00,1
2025-09-19 10:30:00,1
2025-09-19 11:00:00,1
2025-09-19 11:30:00,1
2025-09-19 12:00:00,1
2025-09-19 12:30:00,1
2025-09-19 13:00:00,1
2025-09-19 13:30:00,2
2025-09-19 14:00:00,2
2025-09-19 14:30:00,1
2025-09-19 15:00:00,2
2025-09-19 15:30:00,1
2025-09-19 16:00:00,0
2025-09-19 16:30:00,2
2025-09-19 17:00:00,2
2025-09-19 17:30:00,2
2025-09-19 18:00:00,1
2025-09-19 18:30:00,2
2025-09-19 19:00:00,2
2025-09-19 19:30:00,0
2025-09-19 20:00:00,0
2025-09-19 20:30:00,2
2025-09-19 21:00:00,2
2025-09-19 21:30:00,2
2025-09-19 22:00:00,2
2025-09-19 22:30:00,2
2025-09-19 23:00:00,2
2025-09-19 23:30:00,0
2025-09-20 00:00:00,1
2025-09-20 00:30:00,0
2025-09-20 01:00:00,1
2025-09-20 01:30:00,2
2025-09-20 02:00:00,2
2025-09-20 02:30:00,2
2025-09-20 03:00:00,2
2025-09-20 03:30:00,1
2025-09-20 04:00:00,2
2025-09-20 04:30:00,2
2025-09-20 05:00:00,2
2025-09-20 05:30:00,2
2025-09-20 06:00:00,1
2025-09-20 06:30:00,2
2025-09-20 07:00:00,2
2025-09-20 07:30:00,2
2025-09-20 08:00:00,1
2025-09-20 08:30:00,2
2025-09-20 09:00:00,2
2025-09-20 09:30:00,1
2025-09-20 10:00:00,1
2025-09-20 10:30:00,1
2025-09-20 11:00:00,1
2025-09-20 11:30:00,1
2025-09-20 12:00:00,1
2025-09-20 12:30:00,2
2025-09-20 13:00:00,1
2025-09-20 13:30:00,1
2025-09-20 14:00:00,1
2025-09-20 14:30:00,2
2025-09-20 15:00:00,1
2025-09-20 15:30:00,1
2025-09-20 16:00:00,0
2025-09-20 16:30:00,0
2025-09-20 17:00:00,0
2025-09-20 17:30:00,1
2025-09-20 18:00:00,1
2025-09-20 18:30:00,1
2025-09-20 19:00:00,0
2025-09-20 19:30:00,1
2025-09-20 20:00:00,0
2025-09-20 20:30:00,1
2025-09-20 21:00:00,1
2025-09-20 21:30:00,1
2025-09-20 22:00:00,1
2025-09-20 22:30:00,1
2025-09-20 23:00:00,1
2025-09-20 23:30:00,1
2025-09-21 00:00:00,1
2025-09-21 00:30:00,1
2025-09-21 01:00:00,1
2025-09-21 01:30:00,2
2025-09-21 02:00:00,1
2025-09-21 02:30:00,2
2025-09-21 03:00:00,2
2025-09-21 03:30:00,2
2025-09-21 04:00:00,1
2025-09-21 04:30:00,1
2025-09-21 05:00:00,1
2025-09-21 05:30:00,1
2025-09-21 06:00:00,1
2025-09-21 06:30:00,1
2025-09-21 07:00:00,2
2025-09-21 07:30:00,2
2025-09-21 08:00:00,2
2025-09-21 08:30:00,1
2025-09-21 09:00:00,1
2025-09-21 09:30:00,1
2025-09-21 10:00:00,1
2025-09-21 10:30:00,1
2025-09-21 11:00:00,1
2025-09-21 11:30:00,1
2025-09-21 12:00:00,1
2025-09-21 12:30:00,1
2025-09-21 13:00:00,1
2025-09-21 13:30:00,1
2025-09-21 14:00:00,1
2025-09-21 14:30:00,1
2025-09-21 15:00:00,1
2025-09-21 15:30:00,1
2025-09-21 16:00:00,1
2025-09-21 16:30:00,1
2025-09-21 17:00:00,1
2025-09-21 17:30:00,2
2025-09-21 18:00:00,1
2025-09-21 18:30:00,1
2025-09-21 19:00:00,1
2025-09-21 19:30:00,2
2025-09-21 20:00:00,2
2025-09-21 20:30:00,2
2025-09-21 21:00:00,2
2025-09-21 21:30:00,2
2025-09-21 22:00:00,1
2025-09-21 22:30:00,2
2025-09-21 23:00:00,1
2025-09-21 23:30:00,1
2025-09-22 00:00:00,1
2025-09-22 00:30:00,2
2025-09-22 01:00:00,2
2025-09-22 01:30:00,2
2025-09-22 02:00:00,2
2025-09-22 02:30:00,1
2025-09-22 03:00:00,1
2025-09-22 03:30:00,1
2025-09-22 04:00:00,1
2025-09-22 04:30:00,1
2025-09-22 05:00:00,1
2025-09-22 05:30:00,1
2025-09-22 06:00:00,1
2025-09-22 06:30:00,1
2025-09-22 07:00:00,1
2025-09-22 07:30:00,1
2025-09-22 08:00:00,0
2025-09-22 08:30:00,2
2025-09-22 09:00:00,2
2025-09-22 09:30:00,1
2025-09-22 10:00:00,1
2025-09-22 10:30:00,1
2025-09-22 11:00:00,1
2025-09-22 11:30:00,2
2025-09-22 12:00:00,1
2025-09-22 12:30:00,1
2025-09-22 13:00:00,1
2025-09-22 13:30:00,1
2025-09-22 14:00:00,1
2025-09-22 14:30:00,2
2025-09-22 15:00:00,2
2025-09-22 15:30:00,1
2025-09-22 16:00:00,1
2025-09-22 16:30:00,2
2025-09-22 17:00:00,2
2025-09-22 17:30:00,2
2025-09-22 18:00:00,2
2025-09-22 18:30:00,2
2025-09-22 19:00:00,2
2025-09-22 19:30:00,2
2025-09-22 20:00:00,2
2025-09-22 20:30:00,2
2025-09-22 21:00:00,2
2025-09-22 21:30:00,2
2025-09-22 22:00:00,2
2025-09-22 22:30:00,2
2025-09-22 23:00:00,2
2025-09-22 23:30:00,2
2025-09-23 00:00:00,2
2025-09-23 00:30:00,2
2025-09-23 01:00:00,1
2025-09-23 01:30:00,1
2025-09-23 02:00:00,2
2025-09-23 02:30:00,1
2025-09-23 03:00:00,1
2025-09-23 03:30:00,1
2025-09-23 04:00:00,1
2025-09-23 04:30:00,1
2025-09-23 05:00:00,1
2025-09-23 05:30:00,1
2025-09-23 06:00:00,1
2025-09-23 06:30:00,1
2025-09-23 07:00:00,2
2025-09-23 07:30:00,1
2025-09-23 08:00:00,1
2025-09-23 08:30:00,1
2025-09-23 09:00:00,1
2025-09-23 09:30:00,2
2025-09-23 10:00:00,2
2025-09-23 10:30:00,2
2025-09-23 11:00:00,1
2025-09-23 11:30:00,0
2025-09-23 12:00:00,1
2025-09-23 12:30:00,0
2025-09-23 13:00:00,1
2025-09-23 13:30:00,2
2025-09-23 14:00:00,1
2025-09-23 14:30:00,0
2025-09-23 15:00:00,1
2025-09-23 15:30:00,2
2025-09-23 16:00:00,2
2025-09-23 16:30:00,2
2025-09-23 17:00:00,2
2025-09-23 17:30:00,2
2025-09-23 18:00:00,2
2025-09-23 18:30:00,2
2025-09-23 19:00:00,2
2025-09-23 19:30:00,2
2025-09-23 20:00:00,2
2025-09-23 20:30:00,0
2025-09-23 21:00:00,0
2025-09-23 21:30:00,0
2025-09-23 22:00:00,2
2025-09-23 22:30:00,2
2025-09-23 23:00:00,0
2025-09-23 23:30:00,1
2025-09-24 00:00:00,1
2025-09-24 00:30:00,1
2025-09-24 01:00:00,1
2025-09-24 01:30:00,1
2025-09-24 02:00:00,0
2025-09-24 02:30:00,2
2025-09-24 03:00:00,0
2025-09-24 03:30:00,1
2025-09-24 04:00:00,1
2025-09-24 04:30:00,0
2025-09-24 05:00:00,1
2025-09-24 05:30:00,0
2025-09-24 06:00:00,0
2025-09-24 06:30:00,1
2025-09-24 07:00:00,1
2025-09-24 07:30:00,1
2025-09-24 08:00:00,0
2025-09-24 08:30:00,1
2025-09-24 09:00:00,0
2025-09-24 09:30:00,0
2025-09-24 10:00:00,0
2025-09-24 10:30:00,1
2025-09-24 11:00:00,1
2025-09-24 11:30:00,0
2025-09-24 12:00:00,0
2025-09-24 12:30:00,0
2025-09-24 13:00:00,0
2025-09-24 13:30:00,1
2025-09-24 14:00:00,1
2025-09-24 14:30:00,1
2025-09-24 15:00:00,1
2025-09-24 15:30:00,1
2025-09-24 16:00:00,2
2025-09-24 16:30:00,2
2025-09-24 17:00:00,2
2025-09-24 17:30:00,0
2025-09-24 18:00:00,2
2025-09-24 18:30:00,2
2025-09-24 19:00:00,2
2025-09-24 19:30:00,2
2025-09-24 20:00:00,1
2025-09-24 20:30:00,0
2025-09-24 21:00:00,1
2025-09-24 21:30:00,1
2025-09-24 22:00:00,1
2025-09-24 22:30:00,2
2025-09-24 23:00:00,0
2025-09-24 23:30:00,2
2025-09-25 00:00:00,1
2025-09-25 00:30:00,1
2025-09-25 01:00:00,1
2025-09-25 01:30:00,1
2025-09-25 02:00:00,0
2025-09-25 02:30:00,1
2025-09-25 03:00:00,1
2025-09-25 03:30:00,1
2025-09-25 04:00:00,1
2025-09-25 04:30:00,1
2025-09-25 05:00:00,1
2025-09-25 05:30:00,1
2025-09-25 06:00:00,0
2025-09-25 06:30:00,0
2025-09-25 07:00:00,1
2025-09-25 07:30:00,1
2025-09-25 08:00:00,1
2025-09-25 08:30:00,1
2025-09-25 09:00:00,1
2025-09-25 09:30:00,2
2025-09-25 10:00:00,1
2025-09-25 10:30:00,1
2025-09-25 11:00:00,1
2025-09-25 11:30:00,0
2025-09-25 12:00:00,1
2025-09-25 12:30:00,1
2025-09-25 13:00:00,2
2025-09-25 13:30:00,1
2025-09-25 14:00:00,0
2025-09-25 14:30:00,2
2025-09-25 15:00:00,0
2025-09-25 15:30:00,0
2025-09-25 16:00:00,0
2025-09-25 16:30:00,0
2025-09-25 17:00:00,0
2025-09-25 17:30:00,2
2025-09-25 18:00:00,0
2025-09-25 18:30:00,2
2025-09-25 19:00:00,2
2025-09-25 19:30:00,2
2025-09-25 20:00:00,0
2025-09-25 20:30:00,0
2025-09-25 21:00:00,2
2025-09-25 21:30:00,2
2025-09-25 22:00:00,2
2025-09-25 22:30:00,2
2025-09-25 23:00:00,2
2025-09-25 23:30:00,0
2025-09-26 00:00:00,1
2025-09-26 00:30:00,2
2025-09-26 01:00:00,2
2025-09-26 01:30:00,2
2025-09-26 02:00:00,2
2025-09-26 02:30:00,2
2025-09-26 03:00:00,0
2025-09-26 03:30:00,1
2025-09-26 04:00:00,1
2025-09-26 04:30:00,1
2025-09-26 05:00:00,1
2025-09-26 05:30:00,1
2025-09-26 06:00:00,1
2025-09-26 06:30:00,1
2025-09-26 07:00:00,1
2025-09-26 07:30:00,1
2025-09-26 08:00:00,1
2025-09-26 08:30:00,1
2025-09-26 09:00:00,1
2025-09-26 09:30:00,1
2025-09-26 10:00:00,0
2025-09-26 10:30:00,1
2025-09-26 11:00:00,1
2025-09-26 11:30:00,0
2025-09-26 12:00:00,2
2025-09-26 12:30:00,0
2025-09-26 13:00:00,2
2025-09-26 13:30:00,1
2025-09-26 14:00:00,2
2025-09-26 14:30:00,2
2025-09-26 15:00:00,2
2025-09-26 15:30:00,2
2025-09-26 16:00:00,0
2025-09-26 16:30:00,2
2025-09-26 17:00:00,2
2025-09-26 17:30:00,2
2025-09-26 18:00:00,2
2025-09-26 18:30:00,2
2025-09-26 19:00:00,0
2025-09-26 19:30:00,2
2025-09-26 20:00:00,2
2025-09-26 20:30:00,2
2025-09-26 21:00:00,1
2025-09-26 21:30:00,2
2025-09-26 22:00:00,1
2025-09-26 22:30:00,1
2025-09-26 23:00:00,2
2025-09-26 23:30:00,1
2025-09-27 00:00:00,2
2025-09-27 00:30:00,1
2025-09-27 01:00:00,1
2025-09-27 01:30:00,0
2025-09-27 02:00:00,0
2025-09-27 02:30:00,0
2025-09-27 03:00:00,0
2025-09-27 03:30:00,1
2025-09-27 04:00:00,1
2025-09-27 04:30:00,0
2025-09-27 05:00:00,1
2025-09-27 05:30:00,1
2025-09-27 06:00:00,1
2025-09-27 06:30:00,1
2025-09-27 07:00:00,1
2025-09-27 07:30:00,1
2025-09-27 08:00:00,1
2025-09-27 08:30:00,2
2025-09-27 09:00:00,0
2025-09-27 09:30:00,0
2025-09-27 10:00:00,1
2025-09-27 10:30:00,2
2025-09-27 11:00:00,1
2025-09-27 11:30:00,0
2025-09-27 12:00:00,2
2025-09-27 12:30:00,0
2025-09-27 13:00:00,2
2025-09-27 13:30:00,2
2025-09-27 14:00:00,2
2025-09-27 14:30:00,2
2025-09-27 15:00:00,0
2025-09-27 15:30:00,2
2025-09-27 16:00:00,0
2025-09-27 16:30:00,2
2025-09-27 17:00:00,0
2025-09-27 17:30:00,2
2025-09-27 18:00:00,0
2025-09-27 18:30:00,0
2025-09-27 19:00:00,2
2025-09-27 19:30:00,0
2025-09-27 20:00:00,0
2025-09-27 20:30:00,0
2025-09-27 21:00:00,0
2025-09-27 21:30:00,2
2025-09-27 22:00:00,0
2025-09-27 22:30:00,2
2025-09-27 23:00:00,2
2025-09-27 23:30:00,1
2025-09-28 00:00:00,1
2025-09-28 00:30:00,0
2025-09-28 01:00:00,1
2025-09-28 01:30:00,0
2025-09-28 02:00:00,0
2025-09-28 02:30:00,2
2025-09-28 03:00:00,1
2025-09-28 03:30:00,2
2025-09-28 04:00:00,0
2025-09-28 04:30:00,0
2025-09-28 05:00:00,1
2025-09-28 05:30:00,1
2025-09-28 06:00:00,1
2025-09-28 06:30:00,0
2025-09-28 07:00:00,1
2025-09-28 07:30:00,1
2025-09-28 08:00:00,2
2025-09-28 08:30:00,1
2025-09-28 09:00:00,0
2025-09-28 09:30:00,2
2025-09-28 10:00:00,0
2025-09-28 10:30:00,0
2025-09-28 11:00:00,1
2025-09-28 11:30:00,0
2025-09-28 12:00:00,0
2025-09-28 12:30:00,2
2025-09-28 13:00:00,0
2025-09-28 13:30:00,0
2025-09-28 14:00:00,0
2025-09-28 14:30:00,0
2025-09-28 15:00:00,0
2025-09-28 15:30:00,0
2025-09-28 16:00:00,2
2025-09-28 16:30:00,0
2025-09-28 17:00:00,2
2025-09-28 17:30:00,0
2025-09-28 18:00:00,2
2025-09-28 18:30:00,0
2025-09-28 19:00:00,2
2025-09-28 19:30:00,2
2025-09-28 20:00:00,2
2025-09-28 20:30:00,2
2025-09-28 21:00:00,2
2025-09-28 21:30:00,0
2025-09-28 22:00:00,0
2025-09-28 22:30:00,0
2025-09-28 23:00:00,2
2025-09-28 23:30:00,2
2025-09-29 00:00:00,2
2025-09-29 00:30:00,1
2025-09-29 01:00:00,2
2025-09-29 01:30:00,2
2025-09-29 02:00:00,1
2025-09-29 02:30:00,1
2025-09-29 03:00:00,1
2025-09-29 03:30:00,1
2025-09-29 04:00:00,1
2025-09-29 04:30:00,1
2025-09-29 05:00:00,1
2025-09-29 05:30:00,1
2025-09-29 06:00:00,1
2025-09-29 06:30:00,0
2025-09-29 07:00:00,1
2025-09-29 07:30:00,0
2025-09-29 08:00:00,2
2025-09-29 08:30:00,0
2025-09-29 09:00:00,0
2025-09-29 09:30:00,0
2025-09-29 10:00:00,2
2025-09-29 10:30:00,2
2025-09-29 11:00:00,1
2025-09-29 11:30:00,0
2025-09-29 12:00:00,2
2025-09-29 12:30:00,0
2025-09-29 13:00:00,0
2025-09-29 13:30:00,2
2025-09-29 14:00:00,1
2025-09-29 14:30:00,1
2025-09-29 15:00:00,2
2025-09-29 15:30:00,0
2025-09-29 16:00:00,2
2025-09-29 16:30:00,2
2025-09-29 17:00:00,1
2025-09-29 17:30:00,2
2025-09-29 18:00:00,2
2025-09-29 18:30:00,2
2025-09-29 19:00:00,2
2025-09-29 19:30:00,2
2025-09-29 20:00:00,1
2025-09-29 20:30:00,1
2025-09-29 21:00:00,1
2025-09-29 21:30:00,1
2025-09-29 22:00:00,1
2025-09-29 22:30:00,2
2025-09-29 23:00:00,1
2025-09-29 23:30:00,1
2025-09-30 00:00:00,1
2025-10-04 00:30:00,1
2025-10-04 01:00:00,2
2025-10-04 01:30:00,1
2025-10-04 02:00:00,1
2025-10-04 02:30:00,2
2025-10-04 03:00:00,1
2025-10-04 03:30:00,1
2025-10-04 04:00:00,1
2025-10-04 04:30:00,1
2025-10-04 05:00:00,1
2025-10-04 05:30:00,1
2025-10-04 06:00:00,1
2025-10-04 06:30:00,1
2025-10-04 07:00:00,1
2025-10-04 07:30:00,1
2025-10-04 08:00:00,1
2025-10-04 08:30:00,1
2025-10-04 09:00:00,1
2025-10-04 09:30:00,1
2025-10-04 10:00:00,1
2025-10-04 10:30:00,1
2025-10-04 11:00:00,1
2025-10-04 11:30:00,1
2025-10-04 12:00:00,1
2025-10-04 12:30:00,1
2025-10-04 13:00:00,1
2025-10-04 13:30:00,1
2025-10-04 14:00:00,1
2025-10-04 14:30:00,1
2025-10-04 15:00:00,1
2025-10-04 15:30:00,1
2025-10-04 16:00:00,1
2025-10-04 16:30:00,2
2025-10-04 17:00:00,2
2025-10-04 17:30:00,2
2025-10-04 18:00:00,2
2025-10-04 18:30:00,2
2025-10-04 19:00:00,2
2025-10-04 19:30:00,2
2025-10-04 20:00:00,1
2025-10-04 20:30:00,2
2025-10-04 21:00:00,0
2025-10-04 21:30:00,2
2025-10-04 22:00:00,2
2025-10-04 22:30:00,2
2025-10-04 23:00:00,2
2025-10-04 23:30:00,2
2025-10-05 00:00:00,2
2025-10-06 00:30:00,1
2025-10-06 01:00:00,1
2025-10-06 01:30:00,1
2025-10-06 02:00:00,2
2025-10-06 02:30:00,2
2025-10-06 03:00:00,2
2025-10-06 03:30:00,2
2025-10-06 04:00:00,2
2025-10-06 04:30:00,2
2025-10-06 05:00:00,1
2025-10-06 05:30:00,1
2025-10-06 06:00:00,0
2025-10-06 06:30:00,1
2025-10-06 07:00:00,1
2025-10-06 07:30:00,2
2025-10-06 08:00:00,0
2025-10-06 08:30:00,1
2025-10-06 09:00:00,2
2025-10-06 09:30:00,0
2025-10-06 10:00:00,0
2025-10-06 10:30:00,0
2025-10-06 11:00:00,2
2025-10-06 11:30:00,0
2025-10-06 12:00:00,0
2025-10-06 12:30:00,0
2025-10-06 13:00:00,0
2025-10-06 13:30:00,0
2025-10-06 14:00:00,0
2025-10-06 14:30:00,1
2025-10-06 15:00:00,1
2025-10-06 15:30:00,1
2025-10-06 16:00:00,1
2025-10-06 16:30:00,2
2025-10-06 17:00:00,2
2025-10-06 17:30:00,2
2025-10-06 18:00:00,2
2025-10-06 18:30:00,2
2025-10-06 19:00:00,2
2025-10-06 19:30:00,0
2025-10-06 20:00:00,2
2025-10-06 20:30:00,0
2025-10-06 21:00:00,0
2025-10-06 21:30:00,0
2025-10-06 22:00:00,0
2025-10-06 22:30:00,2
2025-10-06 23:00:00,0
2025-10-06 23:30:00,2
2025-10-07 00:00:00,2
2025-10-08 00:30:00,1
2025-10-08 01:00:00,2
2025-10-08 01:30:00,2
2025-10-08 02:00:00,0
2025-10-08 02:30:00,2
2025-10-08 03:00:00,2
2025-10-08 03:30:00,2
2025-10-08 04:00:00,2
2025-10-08 04:30:00,2
2025-10-08 05:00:00,2
2025-10-08 05:30:00,2
2025-10-08 06:00:00,0
2025-10-08 06:30:00,2
2025-10-08 07:00:00,0
2025-10-08 07:30:00,0
2025-10-08 08:00:00,0
2025-10-08 08:30:00,0
2025-10-08 09:00:00,0
2025-10-08 09:30:00,2
2025-10-08 10:00:00,2
2025-10-08 10:30:00,0
2025-10-08 11:00:00,2
2025-10-08 11:30:00,0
2025-10-08 12:00:00,1
2025-10-08 12:30:00,0
2025-10-08 13:00:00,0
2025-10-08 13:30:00,2
2025-10-08 14:00:00,2
2025-10-08 14:30:00,2
2025-10-08 15:00:00,2
2025-10-08 15:30:00,2
2025-10-08 16:00:00,2
2025-10-08 16:30:00,2
2025-10-08 17:00:00,2
2025-10-08 17:30:00,2
2025-10-08 18:00:00,2
2025-10-08 18:30:00,1
2025-10-08 19:00:00,1
2025-10-08 19:30:00,1
2025-10-08 20:00:00,0
2025-10-08 20:30:00,0
2025-10-08 21:00:00,2
2025-10-08 21:30:00,1
2025-10-08 22:00:00,2
2025-10-08 22:30:00,2
2025-10-08 23:00:00,1
2025-10-08 23:30:00,1
2025-10-09 00:00:00,1
2025-10-11 00:30:00,2
2025-10-11 01:00:00,0
2025-10-11 01:30:00,0
2025-10-11 02:00:00,0
2025-10-11 02:30:00,0
2025-10-11 03:00:00,2
2025-10-11 03:30:00,2
2025-10-11 04:00:00,0
2025-10-11 04:30:00,0
2025-10-11 05:00:00,0
2025-10-11 05:30:00,0
2025-10-11 06:00:00,0
2025-10-11 06:30:00,0
2025-10-11 07:00:00,0
2025-10-11 07:30:00,2
2025-10-11 08:00:00,2
2025-10-11 08:30:00,0
2025-10-11 09:00:00,2
2025-10-11 09:30:00,1
2025-10-11 10:00:00,2
2025-10-11 10:30:00,2
2025-10-11 11:00:00,1
2025-10-11 11:30:00,0
2025-10-11 12:00:00,2
2025-10-11 12:30:00,2
2025-10-11 13:00:00,0
2025-10-11 13:30:00,2
2025-10-11 14:00:00,2
2025-10-11 14:30:00,2
2025-10-11 15:00:00,2
2025-10-11 15:30:00,2
2025-10-11 16:00:00,2
2025-10-11 16:30:00,2
2025-10-11 17:00:00,0
2025-10-11 17:30:00,0
2025-10-11 18:00:00,0
2025-10-11 18:30:00,0
2025-10-11 19:00:00,2
2025-10-11 19:30:00,0
2025-10-11 20:00:00,0
2025-10-11 20:30:00,2
2025-10-11 21:00:00,2
2025-10-11 21:30:00,2
2025-10-11 22:00:00,2
2025-10-11 22:30:00,0
2025-10-11 23:00:00,2
2025-10-11 23:30:00,2
2025-10-12 00:00:00,1
2025-10-12 00:30:00,1
2025-10-12 01:00:00,1
2025-10-12 01:30:00,0
2025-10-12 02:00:00,0
2025-10-12 02:30:00,2
2025-10-12 03:00:00,0
2025-10-12 03:30:00,0
2025-10-12 04:00:00,0
2025-10-12 04:30:00,0
2025-10-12 05:00:00,0
2025-10-12 05:30:00,0
2025-10-12 06:00:00,2
2025-10-12 06:30:00,0
2025-10-12 07:00:00,1
2025-10-12 07:30:00,0
2025-10-12 08:00:00,2
2025-10-12 08:30:00,1
2025-10-12 09:00:00,1
2025-10-12 09:30:00,1
2025-10-12 10:00:00,1
2025-10-12 10:30:00,2
2025-10-12 11:00:00,0
2025-10-12 11:30:00,0
2025-10-12 12:00:00,0
2025-10-12 12:30:00,0
2025-10-12 13:00:00,0
2025-10-12 13:30:00,2
2025-10-12 14:00:00,1
2025-10-12 14:30:00,0
2025-10-12 15:00:00,0
2025-10-12 15:30:00,2
2025-10-12 16:00:00,2
2025-10-12 16:30:00,2
2025-10-12 17:00:00,2
2025-10-12 17:30:00,0
2025-10-12 18:00:00,2
2025-10-12 18:30:00,2
2025-10-12 19:00:00,2
2025-10-12 19:30:00,2
2025-10-12 20:00:00,2
2025-10-12 20:30:00,2
2025-10-12 21:00:00,2
2025-10-12 21:30:00,2
2025-10-12 22:00:00,2
2025-10-12 22:30:00,2
2025-10-12 23:00:00,0
2025-10-12 23:30:00,0
2025-10-13 00:00:00,2
2025-10-13 00:30:00,0
2025-10-13 01:00:00,0
2025-10-13 01:30:00,0
2025-10-13 02:00:00,0
2025-10-13 02:30:00,2
2025-10-13 03:00:00,2
2025-10-13 03:30:00,0
2025-10-13 04:00:00,0
2025-10-13 04:30:00,0
2025-10-13 05:00:00,2
2025-10-13 05:30:00,0
2025-10-13 06:00:00,0
2025-10-13 06:30:00,0
2025-10-13 07:00:00,0
2025-10-13 07:30:00,2
2025-10-13 08:00:00,0
2025-10-13 08:30:00,0
2025-10-13 09:00:00,0
2025-10-13 09:30:00,2
2025-10-13 10:00:00,0
2025-10-13 10:30:00,0
2025-10-13 11:00:00,0
2025-10-13 11:30:00,2
2025-10-13 12:00:00,0
2025-10-13 12:30:00,2
2025-10-13 13:00:00,0
2025-10-13 13:30:00,2
2025-10-13 14:00:00,0
2025-10-13 14:30:00,0
2025-10-13 15:00:00,0
2025-10-13 15:30:00,2
2025-10-13 16:00:00,2
2025-10-13 16:30:00,2
2025-10-13 17:00:00,2
2025-10-13 17:30:00,2
2025-10-13 18:00:00,0
2025-10-13 18:30:00,2
2025-10-13 19:00:00,2
2025-10-13 19:30:00,2
2025-10-13 20:00:00,2
2025-10-13 20:30:00,2
2025-10-13 21:00:00,2
2025-10-13 21:30:00,2
2025-10-13 22:00:00,2
2025-10-13 22:30:00,2
2025-10-13 23:00:00,2
2025-10-13 23:30:00,2
2025-10-14 00:00:00,1
2025-10-14 00:30:00,2
2025-10-14 01:00:00,0
2025-10-14 01:30:00,0
2025-10-14 02:00:00,0
2025-10-14 02:30:00,0
2025-10-14 03:00:00,0
2025-10-14 03:30:00,0
2025-10-14 04:00:00,0
2025-10-14 04:30:00,0
2025-10-14 05:00:00,0
2025-10-14 05:30:00,0
2025-10-14 06:00:00,0
2025-10-14 06:30:00,2
2025-10-14 07:00:00,0
2025-10-14 07:30:00,0
2025-10-14 08:00:00,0
2025-10-14 08:30:00,0
2025-10-14 09:00:00,0
2025-10-14 09:30:00,0
2025-10-14 10:00:00,0
2025-10-14 10:30:00,2
2025-10-14 11:00:00,0
2025-10-14 11:30:00,0
2025-10-14 12:00:00,2
2025-10-14 12:30:00,2
2025-10-14 13:00:00,2
2025-10-14 13:30:00,2
2025-10-14 14:00:00,2
2025-10-14 14:30:00,2
2025-10-14 15:00:00,0
2025-10-14 15:30:00,0
2025-10-14 16:00:00,0
2025-10-14 16:30:00,0
2025-10-14 17:00:00,2
2025-10-14 17:30:00,2
2025-10-14 18:00:00,0
2025-10-14 18:30:00,2
2025-10-14 19:00:00,1
2025-10-14 19:30:00,1
2025-10-14 20:00:00,1
2025-10-14 20:30:00,1
2025-10-14 21:00:00,1
2025-10-14 21:30:00,1
2025-10-14 22:00:00,1
2025-10-14 22:30:00,1
2025-10-14 23:00:00,1
2025-10-14 23:30:00,1
2025-10-15 00:00:00,1
2025-10-15 00:30:00,2
2025-10-15 01:00:00,0
2025-10-15 01:30:00,2
2025-10-15 02:00:00,0
2025-10-15 02:30:00,0
2025-10-15 03:00:00,0
2025-10-15 03:30:00,2
2025-10-15 04:00:00,0
2025-10-15 04:30:00,2
2025-10-15 05:00:00,0
2025-10-15 05:30:00,2
2025-10-15 06:00:00,0
2025-10-15 06:30:00,0
2025-10-15 07:00:00,2
2025-10-15 07:30:00,0
2025-10-15 08:00:00,0
2025-10-15 08:30:00,0
2025-10-15 09:00:00,0
2025-10-15 09:30:00,2
2025-10-15 10:00:00,2
2025-10-15 10:30:00,1
2025-10-15 11:00:00,1
2025-10-15 11:30:00,1
2025-10-15 12:00:00,1
2025-10-15 12:30:00,1
2025-10-15 13:00:00,1
2025-10-15 13:30:00,2
2025-10-15 14:00:00,2
2025-10-15 14:30:00,2
2025-10-15 15:00:00,2
2025-10-15 15:30:00,2
2025-10-15 16:00:00,2
2025-10-15 16:30:00,2
2025-10-15 17:00:00,0
2025-10-15 17:30:00,0
2025-10-15 18:00:00,0
2025-10-15 18:30:00,0
2025-10-15 19:00:00,0
2025-10-15 19:30:00,0
2025-10-15 20:00:00,0
2025-10-15 20:30:00,0
2025-10-15 21:00:00,0
2025-10-15 21:30:00,0
2025-10-15 22:00:00,0
2025-10-15 22:30:00,2
2025-10-15 23:00:00,0
2025-10-15 23:30:00,0
2025-10-16 00:00:00,1
2025-10-16 00:30:00,0
2025-10-16 01:00:00,0
2025-10-16 01:30:00,0
2025-10-16 02:00:00,0
2025-10-16 02:30:00,0
2025-10-16 03:00:00,0
2025-10-16 03:30:00,2
2025-10-16 04:00:00,2
2025-10-16 04:30:00,2
2025-10-16 05:00:00,2
2025-10-16 05:30:00,0
2025-10-16 06:00:00,1
2025-10-16 06:30:00,2
2025-10-16 07:00:00,2
2025-10-16 07:30:00,0
2025-10-16 08:00:00,2
2025-10-16 08:30:00,0
2025-10-16 09:00:00,0
2025-10-16 09:30:00,0
2025-10-16 10:00:00,2
2025-10-16 10:30:00,0
2025-10-16 11:00:00,0
2025-10-16 11:30:00,0
2025-10-16 12:00:00,2
2025-10-16 12:30:00,2
2025-10-16 13:00:00,0
2025-10-16 13:30:00,1
2025-10-16 14:00:00,1
2025-10-16 14:30:00,1
2025-10-16 15:00:00,0
2025-10-16 15:30:00,0
2025-10-16 16:00:00,0
2025-10-16 16:30:00,0
2025-10-16 17:00:00,0
2025-10-16 17:30:00,0
2025-10-16 18:00:00,0
2025-10-16 18:30:00,0
2025-10-16 19:00:00,2
2025-10-16 19:30:00,0
2025-10-16 20:00:00,0
2025-10-16 20:30:00,0
2025-10-16 21:00:00,0
2025-10-16 21:30:00,1
2025-10-16 22:00:00,0
2025-10-16 22:30:00,1
2025-10-16 23:00:00,0
2025-10-16 23:30:00,1
2025-10-17 00:00:00,0
2025-10-17 00:30:00,0
2025-10-17 01:00:00,0
2025-10-17 01:30:00,0
2025-10-17 02:00:00,0
2025-10-17 02:30:00,0
2025-10-17 03:00:00,0
2025-10-17 03:30:00,0
2025-10-17 04:00:00,0
2025-10-17 04:30:00,0
2025-10-17 05:00:00,0
2025-10-17 05:30:00,0
2025-10-17 06:00:00,1
2025-10-17 06:30:00,1
2025-10-17 07:00:00,0
2025-10-17 07:30:00,1
2025-10-17 08:00:00,1
2025-10-17 08:30:00,1
2025-10-17 09:00:00,1
2025-10-17 09:30:00,1
2025-10-17 10:00:00,1
2025-10-17 10:30:00,1
2025-10-17 11:00:00,1
2025-10-17 11:30:00,1
2025-10-17 12:00:00,0
2025-10-17 12:30:00,1
2025-10-17 13:00:00,1
2025-10-17 13:30:00,1
2025-10-17 14:00:00,1
2025-10-17 14:30:00,1
2025-10-17 15:00:00,1
2025-10-17 15:30:00,1
2025-10-17 16:00:00,0
2025-10-17 16:30:00,0
2025-10-17 17:00:00,0
2025-10-17 17:30:00,0
2025-10-17 18:00:00,1
2025-10-17 18:30:00,0
2025-10-17 19:00:00,1
2025-10-17 19:30:00,1
2025-10-17 20:00:00,0
2025-10-17 20:30:00,1
2025-10-17 21:00:00,1
2025-10-17 21:30:00,1
2025-10-17 22:00:00,1
2025-10-17 22:30:00,0
2025-10-17 23:00:00,1
2025-10-17 23:30:00,1
2025-10-18 00:00:00,1
2025-10-18 00:30:00,2
2025-10-18 01:00:00,0
2025-10-18 01:30:00,0
2025-10-18 02:00:00,0
2025-10-18 02:30:00,0
2025-10-18 03:00:00,0
2025-10-18 03:30:00,2
2025-10-18 04:00:00,2
2025-10-18 04:30:00,1
2025-10-18 05:00:00,1
2025-10-18 05:30:00,1
2025-10-18 06:00:00,1
2025-10-18 06:30:00,1
2025-10-18 07:00:00,1
2025-10-18 07:30:00,1
2025-10-18 08:00:00,1
2025-10-18 08:30:00,0
2025-10-18 09:00:00,0
2025-10-18 09:30:00,0
2025-10-18 10:00:00,1
2025-10-18 10:30:00,0
2025-10-18 11:00:00,0
2025-10-18 11:30:00,0
2025-10-18 12:00:00,0
2025-10-18 12:30:00,0
2025-10-18 13:00:00,0
2025-10-18 13:30:00,1
2025-10-18 14:00:00,2
2025-10-18 14:30:00,2
2025-10-18 15:00:00,1
2025-10-18 15:30:00,2
2025-10-18 16:00:00,1
2025-10-18 16:30:00,0
2025-10-18 17:00:00,1
2025-10-18 17:30:00,1
2025-10-18 18:00:00,1
2025-10-18 18:30:00,1
2025-10-18 19:00:00,1
2025-10-18 19:30:00,1
2025-10-18 20:00:00,1
2025-10-18 20:30:00,1
2025-10-18 21:00:00,1
2025-10-18 21:30:00,1
2025-10-18 22:00:00,1
2025-10-18 22:30:00,0
2025-10-18 23:00:00,0
2025-10-18 23:30:00,0
2025-10-19 00:00:00,0
2025-10-24 00:30:00,0
2025-10-24 01:00:00,0
2025-10-24 01:30:00,2
2025-10-24 02:00:00,0
2025-10-24 02:30:00,0
2025-10-24 03:00:00,0
2025-10-24 03:30:00,0
2025-10-24 04:00:00,0
2025-10-24 04:30:00,0
2025-10-24 05:00:00,0
2025-10-24 05:30:00,0
2025-10-24 06:00:00,2
2025-10-24 06:30:00,2
2025-10-24 07:00:00,2
2025-10-24 07:30:00,2
2025-10-24 08:00:00,2
2025-10-24 08:30:00,2
2025-10-24 09:00:00,2
2025-10-24 09:30:00,2
2025-10-24 10:00:00,0
2025-10-24 10:30:00,0
2025-10-24 11:00:00,0
2025-10-24 11:30:00,2
2025-10-24 12:00:00,0
2025-10-24 12:30:00,2
2025-10-24 13:00:00,1
2025-10-24 13:30:00,0
2025-10-24 14:00:00,0
2025-10-24 14:30:00,0
2025-10-24 15:00:00,2
2025-10-24 15:30:00,2
2025-10-24 16:00:00,2
2025-10-24 16:30:00,2
2025-10-24 17:00:00,2
2025-10-24 17:30:00,2
2025-10-24 18:00:00,2
2025-10-24 18:30:00,2
2025-10-24 19:00:00,2
2025-10-24 19:30:00,2
2025-10-24 20:00:00,2
2025-10-24 20:30:00,2
2025-10-24 21:00:00,2
2025-10-24 21:30:00,2
2025-10-24 22:00:00,2
2025-10-24 22:30:00,2
2025-10-24 23:00:00,2
2025-10-24 23:30:00,2
2025-10-25 00:00:00,2
2025-10-25 00:30:00,2
2025-10-25 01:00:00,2
2025-10-25 01:30:00,2
2025-10-25 02:00:00,0
2025-10-25 02:30:00,2
2025-10-25 03:00:00,2
2025-10-25 03:30:00,2
2025-10-25 04:00:00,2
2025-10-25 04:30:00,2
2025-10-25 05:00:00,2
2025-10-25 05:30:00,0
2025-10-25 06:00:00,2
2025-10-25 06:30:00,2
2025-10-25 07:00:00,2
2025-10-25 07:30:00,2
2025-10-25 08:00:00,2
2025-10-25 08:30:00,2
2025-10-25 09:00:00,2
2025-10-25 09:30:00,2
2025-10-25 10:00:00,2
2025-10-25 10:30:00,2
2025-10-25 11:00:00,2
2025-10-25 11:30:00,2
2025-10-25 12:00:00,2
2025-10-25 12:30:00,2
2025-10-25 13:00:00,2
2025-10-25 13:30:00,2
2025-10-25 14:00:00,2
2025-10-25 14:30:00,2
2025-10-25 15:00:00,2
2025-10-25 15:30:00,2
2025-10-25 16:00:00,2
2025-10-25 16:30:00,2
2025-10-25 17:00:00,2
2025-10-25 17:30:00,2
2025-10-25 18:00:00,2
2025-10-25 18:30:00,2
2025-10-25 19:00:00,2
2025-10-25 19:30:00,2
2025-10-25 20:00:00,2
2025-10-25 20:30:00,2
2025-10-25 21:00:00,2
2025-10-25 21:30:00,2
2025-10-25 22:00:00,2
2025-10-25 22:30:00,2
2025-10-25 23:00:00,2
2025-10-25 23:30:00,2
2025-10-26 00:00:00,2
2025-10-27 00:30:00,2
2025-10-27 01:00:00,0
2025-10-27 01:30:00,0
2025-10-27 02:00:00,2
2025-10-27 02:30:00,2
2025-10-27 03:00:00,2
2025-10-27 03:30:00,2
2025-10-27 04:00:00,2
2025-10-27 04:30:00,2
2025-10-27 05:00:00,2
2025-10-27 05:30:00,2
2025-10-27 06:00:00,2
2025-10-27 06:30:00,2
2025-10-27 07:00:00,1
2025-10-27 07:30:00,1
2025-10-27 08:00:00,1
2025-10-27 08:30:00,2
2025-10-27 09:00:00,2
2025-10-27 09:30:00,2
2025-10-27 10:00:00,1
2025-10-27 10:30:00,1
2025-10-27 11:00:00,1
2025-10-27 11:30:00,1
2025-10-27 12:00:00,1
2025-10-27 12:30:00,1
2025-10-27 13:00:00,1
2025-10-27 13:30:00,1
2025-10-27 14:00:00,1
2025-10-27 14:30:00,1
2025-10-27 15:00:00,1
2025-10-27 15:30:00,1
2025-10-27 16:00:00,2
2025-10-27 16:30:00,2
2025-10-27 17:00:00,2
2025-10-27 17:30:00,1
2025-10-27 18:00:00,2
2025-10-27 18:30:00,2
2025-10-27 19:00:00,2
2025-10-27 19:30:00,2
2025-10-27 20:00:00,2
2025-10-27 20:30:00,2
2025-10-27 21:00:00,2
2025-10-27 21:30:00,2
2025-10-27 22:00:00,2
2025-10-27 22:30:00,2
2025-10-27 23:00:00,2
2025-10-27 23:30:00,2
2025-10-28 00:00:00,2
2025-10-28 00:30:00,2
2025-10-28 01:00:00,2
2025-10-28 01:30:00,2
2025-10-28 02:00:00,2
2025-10-28 02:30:00,2
2025-10-28 03:00:00,2
2025-10-28 03:30:00,2
2025-10-28 04:00:00,2
2025-10-28 04:30:00,2
2025-10-28 05:00:00,2
2025-10-28 05:30:00,2
2025-10-28 06:00:00,2
2025-10-28 06:30:00,2
2025-10-28 07:00:00,2
2025-10-28 07:30:00,2
2025-10-28 08:00:00,2
2025-10-28 08:30:00,2
2025-10-28 09:00:00,2
2025-10-28 09:30:00,2
2025-10-28 10:00:00,2
2025-10-28 10:30:00,2
2025-10-28 11:00:00,2
2025-10-28 11:30:00,2
2025-10-28 12:00:00,2
2025-10-28 12:30:00,2
2025-10-28 13:00:00,1
2025-10-28 13:30:00,2
2025-10-28 14:00:00,2
2025-10-28 14:30:00,2
2025-10-28 15:00:00,2
2025-10-28 15:30:00,2
2025-10-28 16:00:00,2
2025-10-28 16:30:00,2
2025-10-28 17:00:00,2
2025-10-28 17:30:00,2
2025-10-28 18:00:00,2
2025-10-28 18:30:00,2
2025-10-28 19:00:00,2
2025-10-28 19:30:00,2
2025-10-28 20:00:00,2
2025-10-28 20:30:00,2
2025-10-28 21:00:00,2
2025-10-28 21:30:00,2
2025-10-28 22:00:00,2
2025-10-28 22:30:00,2
2025-10-28 23:00:00,2
2025-10-28 23:30:00,2
2025-10-29 00:00:00,2
2025-10-29 00:30:00,2
2025-10-29 01:00:00,2
2025-10-29 01:30:00,2
2025-10-29 02:00:00,2
2025-10-29 02:30:00,2
2025-10-29 03:00:00,2
2025-10-29 03:30:00,2
2025-10-29 04:00:00,2
2025-10-29 04:30:00,2
2025-10-29 05:00:00,2
2025-10-29 05:30:00,2
2025-10-29 06:00:00,2
2025-10-29 06:30:00,2
2025-10-29 07:00:00,2
2025-10-29 07:30:00,2
2025-10-29 08:00:00,1
2025-10-29 08:30:00,1
2025-10-29 09:00:00,1
2025-10-29 09:30:00,1
2025-10-29 10:00:00,1
2025-10-29 10:30:00,1
2025-10-29 11:00:00,1
2025-10-29 11:30:00,1
2025-10-29 12:00:00,1
2025-10-29 12:30:00,2
2025-10-29 13:00:00,1
2025-10-29 13:30:00,1
2025-10-29 14:00:00,1
2025-10-29 14:30:00,1
2025-10-29 15:00:00,1
2025-10-29 15:30:00,2
2025-10-29 16:00:00,2
2025-10-29 16:30:00,2
2025-10-29 17:00:00,2
2025-10-29 17:30:00,2
2025-10-29 18:00:00,2
2025-10-29 18:30:00,2
2025-10-29 19:00:00,2
2025-10-29 19:30:00,2
2025-10-29 20:00:00,2
2025-10-29 20:30:00,2
2025-10-29 21:00:00,2
2025-10-29 21:30:00,2
2025-10-29 22:00:00,2
2025-10-29 22:30:00,2
2025-10-29 23:00:00,2
2025-10-29 23:30:00,2
2025-10-30 00:00:00,2
2025-11-04 00:30:00,2
2025-11-04 01:00:00,2
2025-11-04 01:30:00,2
2025-11-04 02:00:00,2
2025-11-04 02:30:00,2
2025-11-04 03:00:00,2
2025-11-04 03:30:00,2
2025-11-04 04:00:00,2
2025-11-04 04:30:00,2
2025-11-04 05:00:00,2
2025-11-04 05:30:00,2
2025-11-04 06:00:00,2
2025-11-04 06:30:00,2
2025-11-04 07:00:00,1
2025-11-04 07:30:00,1
2025-11-04 08:00:00,2
2025-11-04 08:30:00,2
2025-11-04 09:00:00,2
2025-11-04 09:30:00,2
2025-11-04 10:00:00,2
2025-11-04 10:30:00,2
2025-11-04 11:00:00,2
2025-11-04 11:30:00,2
2025-11-04 12:00:00,2
2025-11-04 12:30:00,2
2025-11-04 13:00:00,1
2025-11-04 13:30:00,2
2025-11-04 14:00:00,2
2025-11-04 14:30:00,2
2025-11-04 15:00:00,2
2025-11-04 15:30:00,2
2025-11-04 16:00:00,2
2025-11-04 16:30:00,2
2025-11-04 17:00:00,2
2025-11-04 17:30:00,1
2025-11-04 18:00:00,2
2025-11-04 18:30:00,2
2025-11-04 19:00:00,2
2025-11-04 19:30:00,2
2025-11-04 20:00:00,2
2025-11-04 20:30:00,2
2025-11-04 21:00:00,2
2025-11-04 21:30:00,2
2025-11-04 22:00:00,2
2025-11-04 22:30:00,2
2025-11-04 23:00:00,2
2025-11-04 23:30:00,2
2025-11-05 00:00:00,2
2025-11-05 00:30:00,1
2025-11-05 01:00:00,2
2025-11-05 01:30:00,2
2025-11-05 02:00:00,2
2025-11-05 02:30:00,2
2025-11-05 03:00:00,2
2025-11-05 03:30:00,1
2025-11-05 04:00:00,1
2025-11-05 04:30:00,1
2025-11-05 05:00:00,1
2025-11-05 05:30:00,1
2025-11-05 06:00:00,1
2025-11-05 06:30:00,1
2025-11-05 07:00:00,1
2025-11-05 07:30:00,1
2025-11-05 08:00:00,2
2025-11-05 08:30:00,1
2025-11-05 09:00:00,1
2025-11-05 09:30:00,1
2025-11-05 10:00:00,2
2025-11-05 10:30:00,2
2025-11-05 11:00:00,1
2025-11-05 11:30:00,1
2025-11-05 12:00:00,0
2025-11-05 12:30:00,0
2025-11-05 13:00:00,1
2025-11-05 13:30:00,1
2025-11-05 14:00:00,1
2025-11-05 14:30:00,1
2025-11-05 15:00:00,2
2025-11-05 15:30:00,2
2025-11-05 16:00:00,2
2025-11-05 16:30:00,2
2025-11-05 17:00:00,2
2025-11-05 17:30:00,2
2025-11-05 18:00:00,2
2025-11-05 18:30:00,1
2025-11-05 19:00:00,1
2025-11-05 19:30:00,1
2025-11-05 20:00:00,2
2025-11-05 20:30:00,1
2025-11-05 21:00:00,1
2025-11-05 21:30:00,1
2025-11-05 22:00:00,1
2025-11-05 22:30:00,0
2025-11-05 23:00:00,2
2025-11-05 23:30:00,1
2025-11-06 00:00:00,1
2025-11-08 00:30:00,0
2025-11-08 01:00:00,0
2025-11-08 01:30:00,1
2025-11-08 02:00:00,1
2025-11-08 02:30:00,1
2025-11-08 03:00:00,1
2025-11-08 03:30:00,1
2025-11-08 04:00:00,1
2025-11-08 04:30:00,1
2025-11-08 05:00:00,1
2025-11-08 05:30:00,1
2025-11-08 06:00:00,1
2025-11-08 06:30:00,1
2025-11-08 07:00:00,0
2025-11-08 07:30:00,1
2025-11-08 08:00:00,0
2025-11-08 08:30:00,1
2025-11-08 09:00:00,1
2025-11-08 09:30:00,2
2025-11-08 10:00:00,0
2025-11-08 10:30:00,0
2025-11-08 11:00:00,1
2025-11-08 11:30:00,0
2025-11-08 12:00:00,1
2025-11-08 12:30:00,1
2025-11-08 13:00:00,1
2025-11-08 13:30:00,0
2025-11-08 14:00:00,1
2025-11-08 14:30:00,1
2025-11-08 15:00:00,1
2025-11-08 15:30:00,0
2025-11-08 16:00:00,0
2025-11-08 16:30:00,0
2025-11-08 17:00:00,0
2025-11-08 17:30:00,0
2025-11-08 18:00:00,1
2025-11-08 18:30:00,1
2025-11-08 19:00:00,1
2025-11-08 19:30:00,1
2025-11-08 20:00:00,1
2025-11-08 20:30:00,1
2025-11-08 21:00:00,1
2025-11-08 21:30:00,1
2025-11-08 22:00:00,1
2025-11-08 22:30:00,1
2025-11-08 23:00:00,1
2025-11-08 23:30:00,1
2025-11-09 00:00:00,1
2025-11-09 00:30:00,1
2025-11-09 01:00:00,1
2025-11-09 01:30:00,1
2025-11-09 02:00:00,1
2025-11-09 02:30:00,1
2025-11-09 03:00:00,1
2025-11-09 03:30:00,1
2025-11-09 04:00:00,1
2025-11-09 04:30:00,1
2025-11-09 05:00:00,1
2025-11-09 05:30:00,2
2025-11-09 06:00:00,2
2025-11-09 06:30:00,2
2025-11-09 07:00:00,1
2025-11-09 07:30:00,1
2025-11-09 08:00:00,1
2025-11-09 08:30:00,1
2025-11-09 09:00:00,1
2025-11-09 09:30:00,1
2025-11-09 10:00:00,2
2025-11-09 10:30:00,2
2025-11-09 11:00:00,2
2025-11-09 11:30:00,2
2025-11-09 12:00:00,2
2025-11-09 12:30:00,2
2025-11-09 13:00:00,0
2025-11-09 13:30:00,2
2025-11-09 14:00:00,0
2025-11-09 14:30:00,0
2025-11-09 15:00:00,1
2025-11-09 15:30:00,1
2025-11-09 16:00:00,1
2025-11-09 16:30:00,1
2025-11-09 17:00:00,1
2025-11-09 17:30:00,1
2025-11-09 18:00:00,1
2025-11-09 18:30:00,1
2025-11-09 19:00:00,1
2025-11-09 19:30:00,1
2025-11-09 20:00:00,1
2025-11-09 20:30:00,1
2025-11-09 21:00:00,1
2025-11-09 21:30:00,1
2025-11-09 22:00:00,1
2025-11-09 22:30:00,1
2025-11-09 23:00:00,1
2025-11-09 23:30:00,1
2025-11-10 00:00:00,1
2025-11-10 00:30:00,2
2025-11-10 01:00:00,2
2025-11-10 01:30:00,2
2025-11-10 02:00:00,2
2025-11-10 02:30:00,2
2025-11-10 03:00:00,2
2025-11-10 03:30:00,2
2025-11-10 04:00:00,2
2025-11-10 04:30:00,2
2025-11-10 05:00:00,2
2025-11-10 05:30:00,2
2025-11-10 06:00:00,2
2025-11-10 06:30:00,2
2025-11-10 07:00:00,1
2025-11-10 07:30:00,1
2025-11-10 08:00:00,1
2025-11-10 08:30:00,1
2025-11-10 09:00:00,1
2025-11-10 09:30:00,1
2025-11-10 10:00:00,1
2025-11-10 10:30:00,1
2025-11-10 11:00:00,1
2025-11-10 11:30:00,1
2025-11-10 12:00:00,2
2025-11-10 12:30:00,1
2025-11-10 13:00:00,1
2025-11-10 13:30:00,1
2025-11-10 14:00:00,1
2025-11-10 14:30:00,1
2025-11-10 15:00:00,1
2025-11-10 15:30:00,1
2025-11-10 16:00:00,1
2025-11-10 16:30:00,1
2025-11-10 17:00:00,1
2025-11-10 17:30:00,1
2025-11-10 18:00:00,1
2025-11-10 18:30:00,2
2025-11-10 19:00:00,2
2025-11-10 19:30:00,1
2025-11-10 20:00:00,1
2025-11-10 20:30:00,1
2025-11-10 21:00:00,1
2025-11-10 21:30:00,1
2025-11-10 22:00:00,1
2025-11-10 22:30:00,1
2025-11-10 23:00:00,1
2025-11-10 23:30:00,1
2025-11-11 00:00:00,1
2025-11-11 00:30:00,2
2025-11-11 01:00:00,1
2025-11-11 01:30:00,1
2025-11-11 02:00:00,2
2025-11-11 02:30:00,1
2025-11-11 03:00:00,2
2025-11-11 03:30:00,2
2025-11-11 04:00:00,2
2025-11-11 04:30:00,2
2025-11-11 05:00:00,1
2025-11-11 05:30:00,2
2025-11-11 06:00:00,1
2025-11-11 06:30:00,1
2025-11-11 07:00:00,1
2025-11-11 07:30:00,2
2025-11-11 08:00:00,2
2025-11-11 08:30:00,1
2025-11-11 09:00:00,1
2025-11-11 09:30:00,2
2025-11-11 10:00:00,2
2025-11-11 10:30:00,2
2025-11-11 11:00:00,1
2025-11-11 11:30:00,1
2025-11-11 12:00:00,1
2025-11-11 12:30:00,2
2025-11-11 13:00:00,1
2025-11-11 13:30:00,1
2025-11-11 14:00:00,1
2025-11-11 14:30:00,1
2025-11-11 15:00:00,1
2025-11-11 15:30:00,1
2025-11-11 16:00:00,1
2025-11-11 16:30:00,1
2025-11-11 17:00:00,1
2025-11-11 17:30:00,1
2025-11-11 18:00:00,2
2025-11-11 18:30:00,1
2025-11-11 19:00:00,1
2025-11-11 19:30:00,1
2025-11-11 20:00:00,1
2025-11-11 20:30:00,1
2025-11-11 21:00:00,1
2025-11-11 21:30:00,1
2025-11-11 22:00:00,1
2025-11-11 22:30:00,1
2025-11-11 23:00:00,1
2025-11-11 23:30:00,1
2025-11-12 00:00:00,1
2025-11-12 00:30:00,2
2025-11-12 01:00:00,1
2025-11-12 01:30:00,2
2025-11-12 02:00:00,2
2025-11-12 02:30:00,2
2025-11-12 03:00:00,2
2025-11-12 03:30:00,2
2025-11-12 04:00:00,2
2025-11-12 04:30:00,2
2025-11-12 05:00:00,2
2025-11-12 05:30:00,2
2025-11-12 06:00:00,2
2025-11-12 06:30:00,2
2025-11-12 07:00:00,1
2025-11-12 07:30:00,1
2025-11-12 08:00:00,2
2025-11-12 08:30:00,2
2025-11-12 09:00:00,0
2025-11-12 09:30:00,1
2025-11-12 10:00:00,1
2025-11-12 10:30:00,1
2025-11-12 11:00:00,1
2025-11-12 11:30:00,1
2025-11-12 12:00:00,2
2025-11-12 12:30:00,1
2025-11-12 13:00:00,2
2025-11-12 13:30:00,2
2025-11-12 14:00:00,2
2025-11-12 14:30:00,2
2025-11-12 15:00:00,2
2025-11-12 15:30:00,2
2025-11-12 16:00:00,2
2025-11-12 16:30:00,2
2025-11-12 17:00:00,2
2025-11-12 17:30:00,2
2025-11-12 18:00:00,2
2025-11-12 18:30:00,2
2025-11-12 19:00:00,2
2025-11-12 19:30:00,2
2025-11-12 20:00:00,2
2025-11-12 20:30:00,2
2025-11-12 21:00:00,2
2025-11-12 21:30:00,2
2025-11-12 22:00:00,2
2025-11-12 22:30:00,1
2025-11-12 23:00:00,1
2025-11-12 23:30:00,1
2025-11-13 00:00:00,1
2025-11-13 00:30:00,2
2025-11-13 01:00:00,1
2025-11-13 01:30:00,1
2025-11-13 02:00:00,2
2025-11-13 02:30:00,1
2025-11-13 03:00:00,2
2025-11-13 03:30:00,2
2025-11-13 04:00:00,2
2025-11-13 04:30:00,2
2025-11-13 05:00:00,1
2025-11-13 05:30:00,1
2025-11-13 06:00:00,1
2025-11-13 06:30:00,1
2025-11-13 07:00:00,1
2025-11-13 07:30:00,1
2025-11-13 08:00:00,1
2025-11-13 08:30:00,1
2025-11-13 09:00:00,1
2025-11-13 09:30:00,1
2025-11-13 10:00:00,1
2025-11-13 10:30:00,1
2025-11-13 11:00:00,1
2025-11-13 11:30:00,1
2025-11-13 12:00:00,1
2025-11-13 12:30:00,1
2025-11-13 13:00:00,1
2025-11-13 13:30:00,1
2025-11-13 14:00:00,1
2025-11-13 14:30:00,1
2025-11-13 15:00:00,1
2025-11-13 15:30:00,1
2025-11-13 16:00:00,1
2025-11-13 16:30:00,1
2025-11-13 17:00:00,1
2025-11-13 17:30:00,2
2025-11-13 18:00:00,2
2025-11-13 18:30:00,2
2025-11-13 19:00:00,2
2025-11-13 19:30:00,2
2025-11-13 20:00:00,2
2025-11-13 20:30:00,2
2025-11-13 21:00:00,2
2025-11-13 21:30:00,2
2025-11-13 22:00:00,1
2025-11-13 22:30:00,2
2025-11-13 23:00:00,2
2025-11-13 23:30:00,2
2025-11-14 00:00:00,2
2025-11-14 00:30:00,2
2025-11-14 01:00:00,2
2025-11-14 01:30:00,1
2025-11-14 02:00:00,2
2025-11-14 02:30:00,2
2025-11-14 03:00:00,2
2025-11-14 03:30:00,2
2025-11-14 04:00:00,2
2025-11-14 04:30:00,2
2025-11-14 05:00:00,2
2025-11-14 05:30:00,2
2025-11-14 06:00:00,2
2025-11-14 06:30:00,2
2025-11-14 07:00:00,2
2025-11-14 07:30:00,2
2025-11-14 08:00:00,2
2025-11-14 08:30:00,1
2025-11-14 09:00:00,1
2025-11-14 09:30:00,1
2025-11-14 10:00:00,2
2025-11-14 10:30:00,2
2025-11-14 11:00:00,1
2025-11-14 11:30:00,2
2025-11-14 12:00:00,2
2025-11-14 12:30:00,2
2025-11-14 13:00:00,1
2025-11-14 13:30:00,1
2025-11-14 14:00:00,1
2025-11-14 14:30:00,1
2025-11-14 15:00:00,1
2025-11-14 15:30:00,2
2025-11-14 16:00:00,1
2025-11-14 16:30:00,1
2025-11-14 17:00:00,1
2025-11-14 17:30:00,1
2025-11-14 18:00:00,1
2025-11-14 18:30:00,1
2025-11-14 19:00:00,1
2025-11-14 19:30:00,1
2025-11-14 20:00:00,1
2025-11-14 20:30:00,1
2025-11-14 21:00:00,1
2025-11-14 21:30:00,1
2025-11-14 22:00:00,1
2025-11-14 22:30:00,1
2025-11-14 23:00:00,1
2025-11-14 23:30:00,1
2025-11-15 00:00:00,1
2025-11-15 00:30:00,2
2025-11-15 01:00:00,1
2025-11-15 01:30:00,2
2025-11-15 02:00:00,2
2025-11-15 02:30:00,2
2025-11-15 03:00:00,2
2025-11-15 03:30:00,1
2025-11-15 04:00:00,2
2025-11-15 04:30:00,2
2025-11-15 05:00:00,1
2025-11-15 05:30:00,1
2025-11-15 06:00:00,1
2025-11-15 06:30:00,1
2025-11-15 07:00:00,1
2025-11-15 07:30:00,1
2025-11-15 08:00:00,1
2025-11-15 08:30:00,1
2025-11-15 09:00:00,1
2025-11-15 09:30:00,1
2025-11-15 10:00:00,1
2025-11-15 10:30:00,1
2025-11-15 11:00:00,1
2025-11-15 11:30:00,1
2025-11-15 12:00:00,1
2025-11-15 12:30:00,2
2025-11-15 13:00:00,1
2025-11-15 13:30:00,1
2025-11-15 14:00:00,1
2025-11-15 14:30:00,1
2025-11-15 15:00:00,1
2025-11-15 15:30:00,1
2025-11-15 16:00:00,1
2025-11-15 16:30:00,1
2025-11-15 17:00:00,1
2025-11-15 17:30:00,1
2025-11-15 18:00:00,1
2025-11-15 18:30:00,1
2025-11-15 19:00:00,1
2025-11-15 19:30:00,1
2025-11-15 20:00:00,1
2025-11-15 20:30:00,1
2025-11-15 21:00:00,1
2025-11-15 21:30:00,1
2025-11-15 22:00:00,1
2025-11-15 22:30:00,1
2025-11-15 23:00:00,1
2025-11-15 23:30:00,1
2025-11-16 00:00:00,1
2025-11-16 00:30:00,2
2025-11-16 01:00:00,1
2025-11-16 01:30:00,1
2025-11-16 02:00:00,1
2025-11-16 02:30:00,1
2025-11-16 03:00:00,1
2025-11-16 03:30:00,1
2025-11-16 04:00:00,1
2025-11-16 04:30:00,1
2025-11-16 05:00:00,1
2025-11-16 05:30:00,1
2025-11-16 06:00:00,1
2025-11-16 06:30:00,1
2025-11-16 07:00:00,1
2025-11-16 07:30:00,1
2025-11-16 08:00:00,1
2025-11-16 08:30:00,0
2025-11-16 09:00:00,1
2025-11-16 09:30:00,1
2025-11-16 10:00:00,1
2025-11-16 10:30:00,1
2025-11-16 11:00:00,1
2025-11-16 11:30:00,1
2025-11-16 12:00:00,1
2025-11-16 12:30:00,1
2025-11-16 13:00:00,1
2025-11-16 13:30:00,1
2025-11-16 14:00:00,1
2025-11-16 14:30:00,1
2025-11-16 15:00:00,1
2025-11-16 15:30:00,1
2025-11-16 16:00:00,1
2025-11-16 16:30:00,1
2025-11-16 17:00:00,1
2025-11-16 17:30:00,1
2025-11-16 18:00:00,1
2025-11-16 18:30:00,1
2025-11-16 19:00:00,1
2025-11-16 19:30:00,1
2025-11-16 20:00:00,1
2025-11-16 20:30:00,1
2025-11-16 21:00:00,1
2025-11-16 21:30:00,1
2025-11-16 22:00:00,1
2025-11-16 22:30:00,1
2025-11-16 23:00:00,1
2025-11-16 23:30:00,1
2025-11-17 00:00:00,1
2025-11-17 00:30:00,1
2025-11-17 01:00:00,1
2025-11-17 01:30:00,2
2025-11-17 02:00:00,2
2025-11-17 02:30:00,2
2025-11-17 03:00:00,2
2025-11-17 03:30:00,1
2025-11-17 04:00:00,1
2025-11-17 04:30:00,1
2025-11-17 05:00:00,1
2025-11-17 05:30:00,1
2025-11-17 06:00:00,1
2025-11-17 06:30:00,1
2025-11-17 07:00:00,1
2025-11-17 07:30:00,1
2025-11-17 08:00:00,1
2025-11-17 08:30:00,1
2025-11-17 09:00:00,1
2025-11-17 09:30:00,1
2025-11-17 10:00:00,1
2025-11-17 10:30:00,2
2025-11-17 11:00:00,0
2025-11-17 11:30:00,2
2025-11-17 12:00:00,2
2025-11-17 12:30:00,2
2025-11-17 13:00:00,0
2025-11-17 13:30:00,0
2025-11-17 14:00:00,2
2025-11-17 14:30:00,2
2025-11-17 15:00:00,1
2025-11-17 15:30:00,1
2025-11-17 16:00:00,1
2025-11-17 16:30:00,1
2025-11-17 17:00:00,2
2025-11-17 17:30:00,1
2025-11-17 18:00:00,1
2025-11-17 18:30:00,1
2025-11-17 19:00:00,1
2025-11-17 19:30:00,1
2025-11-17 20:00:00,1
2025-11-17 20:30:00,2
2025-11-17 21:00:00,1
2025-11-17 21:30:00,1
2025-11-17 22:00:00,1
2025-11-17 22:30:00,1
2025-11-17 23:00:00,1
2025-11-17 23:30:00,1
2025-11-18 00:00:00,1
2025-11-18 00:30:00,1
2025-11-18 01:00:00,2
2025-11-18 01:30:00,1
2025-11-18 02:00:00,1
2025-11-18 02:30:00,1
2025-11-18 03:00:00,1
2025-11-18 03:30:00,1
2025-11-18 04:00:00,1
2025-11-18 04:30:00,1
2025-11-18 05:00:00,1
2025-11-18 05:30:00,1
2025-11-18 06:00:00,1
2025-11-18 06:30:00,1
2025-11-18 07:00:00,2
2025-11-18 07:30:00,2
2025-11-18 08:00:00,1
2025-11-18 08:30:00,1
2025-11-18 09:00:00,0
2025-11-18 09:30:00,2
2025-11-18 10:00:00,2
2025-11-18 10:30:00,2
2025-11-18 11:00:00,2
2025-11-18 11:30:00,2
2025-11-18 12:00:00,1
2025-11-18 12:30:00,1
2025-11-18 13:00:00,1
2025-11-18 13:30:00,1
2025-11-18 14:00:00,1
2025-11-18 14:30:00,1
2025-11-18 15:00:00,1
2025-11-18 15:30:00,2
2025-11-18 16:00:00,2
2025-11-18 16:30:00,1
2025-11-18 17:00:00,1
2025-11-18 17:30:00,2
2025-11-18 18:00:00,2
2025-11-18 18:30:00,2
2025-11-18 19:00:00,2
2025-11-18 19:30:00,0
2025-11-18 20:00:00,0
2025-11-18 20:30:00,2
2025-11-18 21:00:00,0
2025-11-18 21:30:00,1
2025-11-18 22:00:00,1
2025-11-18 22:30:00,1
2025-11-18 23:00:00,1
2025-11-18 23:30:00,1
2025-11-19 00:00:00,1
2025-11-19 00:30:00,2
2025-11-19 01:00:00,2
2025-11-19 01:30:00,2
2025-11-19 02:00:00,2
2025-11-19 02:30:00,2
2025-11-19 03:00:00,2
2025-11-19 03:30:00,2
2025-11-19 04:00:00,2
2025-11-19 04:30:00,2
2025-11-19 05:00:00,2
2025-11-19 05:30:00,2
2025-11-19 06:00:00,2
2025-11-19 06:30:00,2
2025-11-19 07:00:00,2
2025-11-19 07:30:00,1
2025-11-19 08:00:00,1
2025-11-19 08:30:00,1
2025-11-19 09:00:00,1
2025-11-19 09:30:00,1
2025-11-19 10:00:00,2
2025-11-19 10:30:00,1
2025-11-19 11:00:00,1
2025-11-19 11:30:00,2
2025-11-19 12:00:00,2
2025-11-19 12:30:00,2
2025-11-19 13:00:00,1
2025-11-19 13:30:00,1
2025-11-19 14:00:00,1
2025-11-19 14:30:00,1
2025-11-19 15:00:00,1
2025-11-19 15:30:00,1
2025-11-19 16:00:00,1
2025-11-19 16:30:00,1
2025-11-19 17:00:00,1
2025-11-19 17:30:00,1
2025-11-19 18:00:00,1
2025-11-19 18:30:00,1
2025-11-19 19:00:00,2
2025-11-19 19:30:00,1
2025-11-19 20:00:00,1
2025-11-19 20:30:00,1
2025-11-19 21:00:00,1
2025-11-19 21:30:00,1
2025-11-19 22:00:00,2
2025-11-19 22:30:00,1
2025-11-19 23:00:00,1
2025-11-19 23:30:00,1
2025-11-20 00:00:00,2
2025-11-20 00:30:00,1
2025-11-20 01:00:00,2
2025-11-20 01:30:00,1
2025-11-20 02:00:00,1
2025-11-20 02:30:00,1
2025-11-20 03:00:00,1
2025-11-20 03:30:00,1
2025-11-20 04:00:00,1
2025-11-20 04:30:00,1
2025-11-20 05:00:00,1
2025-11-20 05:30:00,2
2025-11-20 06:00:00,1
2025-11-20 06:30:00,2
2025-11-20 07:00:00,2
2025-11-20 07:30:00,2
2025-11-20 08:00:00,1
2025-11-20 08:30:00,0
2025-11-20 09:00:00,0
2025-11-20 09:30:00,0
2025-11-20 10:00:00,1
2025-11-20 10:30:00,1
2025-11-20 11:00:00,1
2025-11-20 11:30:00,1
2025-11-20 12:00:00,2
2025-11-20 12:30:00,2
2025-11-20 13:00:00,1
2025-11-20 13:30:00,1
2025-11-20 14:00:00,1
2025-11-20 14:30:00,1
2025-11-20 15:00:00,1
2025-11-20 15:30:00,1
2025-11-20 16:00:00,2
2025-11-20 16:30:00,2
2025-11-20 17:00:00,2
2025-11-20 17:30:00,2
2025-11-20 18:00:00,2
2025-11-20 18:30:00,2
2025-11-20 19:00:00,2
2025-11-20 19:30:00,2
2025-11-20 20:00:00,2
2025-11-20 20:30:00,2
2025-11-20 21:00:00,2
2025-11-20 21:30:00,2
2025-11-20 22:00:00,1
2025-11-20 22:30:00,1
2025-11-20 23:00:00,1
2025-11-20 23:30:00,1
2025-11-21 00:00:00,1
2025-11-21 00:30:00,1
2025-11-21 01:00:00,1
2025-11-21 01:30:00,1
2025-11-21 02:00:00,1
2025-11-21 02:30:00,1
2025-11-21 03:00:00,1
2025-11-21 03:30:00,1
2025-11-21 04:00:00,1
2025-11-21 04:30:00,1
2025-11-21 05:00:00,1
2025-11-21 05:30:00,1
2025-11-21 06:00:00,1
2025-11-21 06:30:00,1
2025-11-21 07:00:00,1
2025-11-21 07:30:00,1
2025-11-21 08:00:00,1
2025-11-21 08:30:00,1
2025-11-21 09:00:00,1
2025-11-21 09:30:00,1
2025-11-21 10:00:00,0
2025-11-21 10:30:00,0
2025-11-21 11:00:00,1
2025-11-21 11:30:00,1
2025-11-21 12:00:00,1
2025-11-21 12:30:00,1
2025-11-21 13:00:00,1
2025-11-21 13:30:00,1
2025-11-21 14:00:00,1
2025-11-21 14:30:00,1
2025-11-21 15:00:00,1
2025-11-21 15:30:00,1
2025-11-21 16:00:00,1
2025-11-21 16:30:00,1
2025-11-21 17:00:00,2
2025-11-21 17:30:00,2
2025-11-21 18:00:00,2
2025-11-21 18:30:00,1
2025-11-21 19:00:00,1
2025-11-21 19:30:00,1
2025-11-21 20:00:00,1
2025-11-21 20:30:00,1
2025-11-21 21:00:00,1
2025-11-21 21:30:00,1
2025-11-21 22:00:00,1
2025-11-21 22:30:00,1
2025-11-21 23:00:00,1
2025-11-21 23:30:00,1
2025-11-22 00:00:00,1
2025-11-22 00:30:00,1
2025-11-22 01:00:00,1
2025-11-22 01:30:00,2
2025-11-22 02:00:00,2
2025-11-22 02:30:00,2
2025-11-22 03:00:00,2
2025-11-22 03:30:00,1
2025-11-22 04:00:00,1
2025-11-22 04:30:00,2
2025-11-22 05:00:00,1
2025-11-22 05:30:00,2
2025-11-22 06:00:00,2
2025-11-22 06:30:00,1
2025-11-22 07:00:00,1
2025-11-22 07:30:00,1
2025-11-22 08:00:00,1
2025-11-22 08:30:00,1
2025-11-22 09:00:00,0
2025-11-22 09:30:00,0
2025-11-22 10:00:00,0
2025-11-22 10:30:00,0
2025-11-22 11:00:00,1
2025-11-22 11:30:00,1
2025-11-22 12:00:00,2
2025-11-22 12:30:00,2
2025-11-22 13:00:00,1
2025-11-22 13:30:00,0
2025-11-22 14:00:00,1
2025-11-22 14:30:00,1
2025-11-22 15:00:00,1
2025-11-22 15:30:00,1
2025-11-22 16:00:00,1
2025-11-22 16:30:00,1
2025-11-22 17:00:00,1
2025-11-22 17:30:00,1
2025-11-22 18:00:00,1
2025-11-22 18:30:00,1
2025-11-22 19:00:00,1
2025-11-22 19:30:00,1
2025-11-22 20:00:00,1
2025-11-22 20:30:00,1
2025-11-22 21:00:00,1
2025-11-22 21:30:00,1
2025-11-22 22:00:00,1
2025-11-22 22:30:00,1
2025-11-22 23:00:00,2
2025-11-22 23:30:00,1
2025-11-23 00:00:00,1
2026-01-08 00:30:00,1
2026-01-08 01:00:00,1
2026-01-08 01:30:00,1
2026-01-08 02:00:00,1
2026-01-08 02:30:00,1
2026-01-08 03:00:00,1
2026-01-08 03:30:00,1
2026-01-08 04:00:00,1
2026-01-08 04:30:00,1
2026-01-08 05:00:00,1
2026-01-08 05:30:00,1
2026-01-08 06:00:00,1
2026-01-08 06:30:00,1
2026-01-08 07:00:00,1
2026-01-08 07:30:00,0
2026-01-08 08:00:00,0
2026-01-08 08:30:00,0
2026-01-08 09:00:00,0
2026-01-08 09:30:00,0
2026-01-08 10:00:00,0
2026-01-08 10:30:00,0
2026-01-08 11:00:00,0
2026-01-08 11:30:00,0
2026-01-08 12:00:00,0
2026-01-08 12:30:00,0
2026-01-08 13:00:00,0
2026-01-08 13:30:00,0
2026-01-08 14:00:00,0
2026-01-08 14:30:00,0
2026-01-08 15:00:00,0
2026-01-08 15:30:00,0
2026-01-08 16:00:00,0
2026-01-08 16:30:00,0
2026-01-08 17:00:00,0
2026-01-08 17:30:00,0
2026-01-08 18:00:00,0
2026-01-08 18:30:00,0
2026-01-08 19:00:00,0
2026-01-08 19:30:00,1
2026-01-08 20:00:00,1
2026-01-08 20:30:00,0
2026-01-08 21:00:00,0
2026-01-08 21:30:00,0
2026-01-08 22:00:00,0
2026-01-08 22:30:00,0
2026-01-08 23:00:00,1
2026-01-08 23:30:00,1
2026-01-09 00:00:00,1
2026-01-09 00:30:00,1
2026-01-09 01:00:00,1
2026-01-09 01:30:00,1
2026-01-09 02:00:00,2
2026-01-09 02:30:00,0
2026-01-09 03:00:00,1
2026-01-09 03:30:00,1
2026-01-09 04:00:00,1
2026-01-09 04:30:00,1
2026-01-09 05:00:00,1
2026-01-09 05:30:00,1
2026-01-09 06:00:00,1
2026-01-09 06:30:00,1
2026-01-09 07:00:00,1
2026-01-09 07:30:00,1
2026-01-09 08:00:00,1
2026-01-09 08:30:00,1
2026-01-09 09:00:00,1
2026-01-09 09:30:00,1
2026-01-09 10:00:00,1
2026-01-09 10:30:00,1
2026-01-09 11:00:00,1
2026-01-09 11:30:00,2
2026-01-09 12:00:00,2
2026-01-09 12:30:00,2
2026-01-09 13:00:00,2
2026-01-09 13:30:00,1
2026-01-09 14:00:00,1
2026-01-09 14:30:00,1
2026-01-09 15:00:00,1
2026-01-09 15:30:00,1
2026-01-09 16:00:00,1
2026-01-09 16:30:00,1
2026-01-09 17:00:00,1
2026-01-09 17:30:00,1
2026-01-09 18:00:00,0
2026-01-09 18:30:00,1
2026-01-09 19:00:00,0
2026-01-09 19:30:00,1
2026-01-09 20:00:00,1
2026-01-09 20:30:00,1
2026-01-09 21:00:00,1
2026-01-09 21:30:00,1
2026-01-09 22:00:00,1
2026-01-09 22:30:00,1
2026-01-09 23:00:00,1
2026-01-09 23:30:00,1
2026-01-10 00:00:00,1
2026-01-10 00:30:00,1
2026-01-10 01:00:00,1
2026-01-10 01:30:00,1
2026-01-10 02:00:00,1
2026-01-10 02:30:00,1
2026-01-10 03:00:00,1
2026-01-10 03:30:00,1
2026-01-10 04:00:00,1
2026-01-10 04:30:00,1
2026-01-10 05:00:00,1
2026-01-10 05:30:00,1
2026-01-10 06:00:00,1
2026-01-10 06:30:00,1
2026-01-10 07:00:00,1
2026-01-10 07:30:00,1
2026-01-10 08:00:00,1
2026-01-10 08:30:00,1
2026-01-10 09:00:00,1
2026-01-10 09:30:00,1
2026-01-10 10:00:00,1
2026-01-10 10:30:00,1
2026-01-10 11:00:00,1
2026-01-10 11:30:00,1
2026-01-10 12:00:00,1
2026-01-10 12:30:00,1
2026-01-10 13:00:00,1
2026-01-10 13:30:00,1
2026-01-10 14:00:00,2
2026-01-10 14:30:00,1
2026-01-10 15:00:00,1
2026-01-10 15:30:00,1
2026-01-10 16:00:00,1
2026-01-10 16:30:00,1
2026-01-10 17:00:00,1
2026-01-10 17:30:00,1
2026-01-10 18:00:00,1
2026-01-10 18:30:00,1
2026-01-10 19:00:00,1
2026-01-10 19:30:00,1
2026-01-10 20:00:00,1
2026-01-10 20:30:00,1
2026-01-10 21:00:00,1
2026-01-10 21:30:00,1
2026-01-10 22:00:00,1
2026-01-10 22:30:00,1
2026-01-10 23:00:00,1
2026-01-10 23:30:00,1
2026-01-11 00:00:00,1
2026-01-11 00:30:00,1
2026-01-11 01:00:00,1
2026-01-11 01:30:00,1
2026-01-11 02:00:00,1
2026-01-11 02:30:00,1
2026-01-11 03:00:00,1
2026-01-11 03:30:00,1
2026-01-11 04:00:00,1
2026-01-11 04:30:00,1
2026-01-11 05:00:00,1
2026-01-11 05:30:00,1
2026-01-11 06:00:00,1
2026-01-11 06:30:00,1
2026-01-11 07:00:00,1
2026-01-11 07:30:00,1
2026-01-11 08:00:00,1
2026-01-11 08:30:00,1
2026-01-11 09:00:00,1
2026-01-11 09:30:00,1
2026-01-11 10:00:00,1
2026-01-11 10:30:00,1
2026-01-11 11:00:00,1
2026-01-11 11:30:00,1
2026-01-11 12:00:00,2
2026-01-11 12:30:00,2
2026-01-11 13:00:00,1
2026-01-11 13:30:00,1
2026-01-11 14:00:00,1
2026-01-11 14:30:00,1
2026-01-11 15:00:00,1
2026-01-11 15:30:00,1
2026-01-11 16:00:00,1
2026-01-11 16:30:00,2
2026-01-11 17:00:00,1
2026-01-11 17:30:00,1
2026-01-11 18:00:00,1
2026-01-11 18:30:00,1
2026-01-11 19:00:00,1
2026-01-11 19:30:00,1
2026-01-11 20:00:00,1
2026-01-11 20:30:00,1
2026-01-11 21:00:00,1
2026-01-11 21:30:00,1
2026-01-11 22:00:00,1
2026-01-11 22:30:00,1
2026-01-11 23:00:00,1
2026-01-11 23:30:00,1
2026-01-12 00:00:00,1
2026-01-12 00:30:00,1
2026-01-12 01:00:00,1
2026-01-12 01:30:00,1
2026-01-12 02:00:00,1
2026-01-12 02:30:00,1
2026-01-12 03:00:00,1
2026-01-12 03:30:00,1
2026-01-12 04:00:00,1
2026-01-12 04:30:00,1
2026-01-12 05:00:00,1
2026-01-12 05:30:00,1
2026-01-12 06:00:00,1
2026-01-12 06:30:00,1
2026-01-12 07:00:00,1
2026-01-12 07:30:00,1
2026-01-12 08:00:00,1
2026-01-12 08:30:00,1
2026-01-12 09:00:00,1
2026-01-12 09:30:00,1
2026-01-12 10:00:00,1
2026-01-12 10:30:00,1
2026-01-12 11:00:00,1
2026-01-12 11:30:00,1
2026-01-12 12:00:00,1
2026-01-12 12:30:00,2
2026-01-12 13:00:00,2
2026-01-12 13:30:00,1
2026-01-12 14:00:00,1
2026-01-12 14:30:00,2
2026-01-12 15:00:00,2
2026-01-12 15:30:00,1
2026-01-12 16:00:00,2
2026-01-12 16:30:00,2
2026-01-12 17:00:00,1
2026-01-12 17:30:00,1
2026-01-12 18:00:00,0
2026-01-12 18:30:00,0
2026-01-12 19:00:00,0
2026-01-12 19:30:00,1
2026-01-12 20:00:00,1
2026-01-12 20:30:00,1
2026-01-12 21:00:00,1
2026-01-12 21:30:00,1
2026-01-12 22:00:00,1
2026-01-12 22:30:00,1
2026-01-12 23:00:00,1
2026-01-12 23:30:00,1
2026-01-13 00:00:00,1
2026-01-13 00:30:00,1
2026-01-13 01:00:00,1
2026-01-13 01:30:00,1
2026-01-13 02:00:00,1
2026-01-13 02:30:00,1
2026-01-13 03:00:00,1
2026-01-13 03:30:00,1
2026-01-13 04:00:00,1
2026-01-13 04:30:00,1
2026-01-13 05:00:00,1
2026-01-13 05:30:00,1
2026-01-13 06:00:00,1
2026-01-13 06:30:00,1
2026-01-13 07:00:00,1
2026-01-13 07:30:00,1
2026-01-13 08:00:00,1
2026-01-13 08:30:00,1
2026-01-13 09:00:00,1
2026-01-13 09:30:00,1
2026-01-13 10:00:00,1
2026-01-13 10:30:00,1
2026-01-13 11:00:00,1
2026-01-13 11:30:00,1
2026-01-13 12:00:00,1
2026-01-13 12:30:00,1
2026-01-13 13:00:00,1
2026-01-13 13:30:00,1
2026-01-13 14:00:00,1
2026-01-13 14:30:00,1
2026-01-13 15:00:00,1
2026-01-13 15:30:00,1
2026-01-13 16:00:00,1
2026-01-13 16:30:00,1
2026-01-13 17:00:00,1
2026-01-13 17:30:00,1
2026-01-13 18:00:00,0
2026-01-13 18:30:00,1
2026-01-13 19:00:00,1
2026-01-13 19:30:00,1
2026-01-13 20:00:00,1
2026-01-13 20:30:00,1
2026-01-13 21:00:00,1
2026-01-13 21:30:00,1
2026-01-13 22:00:00,1
2026-01-13 22:30:00,1
2026-01-13 23:00:00,1
2026-01-13 23:30:00,1
2026-01-14 00:00:00,1
2026-01-14 00:30:00,1
2026-01-14 01:00:00,1
2026-01-14 01:30:00,1
2026-01-14 02:00:00,1
2026-01-14 02:30:00,1
2026-01-14 03:00:00,1
2026-01-14 03:30:00,1
2026-01-14 04:00:00,1
2026-01-14 04:30:00,1
2026-01-14 05:00:00,1
2026-01-14 05:30:00,1
2026-01-14 06:00:00,1
2026-01-14 06:30:00,1
2026-01-14 07:00:00,1
2026-01-14 07:30:00,1
2026-01-14 08:00:00,1
2026-01-14 08:30:00,1
2026-01-14 09:00:00,1
2026-01-14 09:30:00,1
2026-01-14 10:00:00,1
2026-01-14 10:30:00,1
2026-01-14 11:00:00,1
2026-01-14 11:30:00,1
2026-01-14 12:00:00,1
2026-01-14 12:30:00,1
2026-01-14 13:00:00,1
2026-01-14 13:30:00,1
2026-01-14 14:00:00,1
2026-01-14 14:30:00,1
2026-01-14 15:00:00,1
2026-01-14 15:30:00,1
2026-01-14 16:00:00,1
2026-01-14 16:30:00,1
2026-01-14 17:00:00,1
2026-01-14 17:30:00,1
2026-01-14 18:00:00,1
2026-01-14 18:30:00,1
2026-01-14 19:00:00,1
2026-01-14 19:30:00,0
2026-01-14 20:00:00,1
2026-01-14 20:30:00,1
2026-01-14 21:00:00,1
2026-01-14 21:30:00,1
2026-01-14 22:00:00,1
2026-01-14 22:30:00,1
2026-01-14 23:00:00,1
2026-01-14 23:30:00,1
2026-01-15 00:00:00,1
2026-01-15 00:30:00,1
2026-01-15 01:00:00,1
2026-01-15 01:30:00,1
2026-01-15 02:00:00,1
2026-01-15 02:30:00,1
2026-01-15 03:00:00,1
2026-01-15 03:30:00,1
2026-01-15 04:00:00,1
2026-01-15 04:30:00,1
2026-01-15 05:00:00,1
2026-01-15 05:30:00,1
2026-01-15 06:00:00,1
2026-01-15 06:30:00,1
2026-01-15 07:00:00,1
2026-01-15 07:30:00,1
2026-01-15 08:00:00,1
2026-01-15 08:30:00,1
2026-01-15 09:00:00,1
2026-01-15 09:30:00,1
2026-01-15 10:00:00,1
2026-01-15 10:30:00,1
2026-01-15 11:00:00,1
2026-01-15 11:30:00,1
2026-01-15 12:00:00,1
2026-01-15 12:30:00,1
2026-01-15 13:00:00,1
2026-01-15 13:30:00,1
2026-01-15 14:00:00,1
2026-01-15 14:30:00,1
2026-01-15 15:00:00,1
2026-01-15 15:30:00,1
2026-01-15 16:00:00,1
2026-01-15 16:30:00,1
2026-01-15 17:00:00,1
2026-01-15 17:30:00,1
2026-01-15 18:00:00,1
2026-01-15 18:30:00,1
2026-01-15 19:00:00,1
2026-01-15 19:30:00,1
2026-01-15 20:00:00,1
2026-01-15 20:30:00,1
2026-01-15 21:00:00,1
2026-01-15 21:30:00,1
2026-01-15 22:00:00,1
2026-01-15 22:30:00,1
2026-01-15 23:00:00,1
2026-01-15 23:30:00,1
2026-01-16 00:00:00,1
2026-01-16 00:30:00,1
2026-01-16 01:00:00,1
2026-01-16 01:30:00,1
2026-01-16 02:00:00,1
2026-01-16 02:30:00,1
2026-01-16 03:00:00,1
2026-01-16 03:30:00,1
2026-01-16 04:00:00,1
2026-01-16 04:30:00,1
2026-01-16 05:00:00,1
2026-01-16 05:30:00,1
2026-01-16 06:00:00,1
2026-01-16 06:30:00,1
2026-01-16 07:00:00,1
2026-01-16 07:30:00,1
2026-01-16 08:00:00,1
2026-01-16 08:30:00,1
2026-01-16 09:00:00,2
2026-01-16 09:30:00,2
2026-01-16 10:00:00,2
2026-01-16 10:30:00,2
2026-01-16 11:00:00,2
2026-01-16 11:30:00,1
2026-01-16 12:00:00,1
2026-01-16 12:30:00,1
2026-01-16 13:00:00,1
2026-01-16 13:30:00,1
2026-01-16 14:00:00,1
2026-01-16 14:30:00,1
2026-01-16 15:00:00,1
2026-01-16 15:30:00,1
2026-01-16 16:00:00,2
2026-01-16 16:30:00,1
2026-01-16 17:00:00,1
2026-01-16 17:30:00,2
2026-01-16 18:00:00,1
2026-01-16 18:30:00,2
2026-01-16 19:00:00,2
2026-01-16 19:30:00,1
2026-01-16 20:00:00,2
2026-01-16 20:30:00,1
2026-01-16 21:00:00,2
2026-01-16 21:30:00,1
2026-01-16 22:00:00,1
2026-01-16 22:30:00,1
2026-01-16 23:00:00,1
2026-01-16 23:30:00,1
2026-01-17 00:00:00,1
2026-01-17 00:30:00,0
2026-01-17 01:00:00,0
2026-01-17 01:30:00,1
2026-01-17 02:00:00,1
2026-01-17 02:30:00,1
2026-01-17 03:00:00,1
2026-01-17 03:30:00,1
2026-01-17 04:00:00,1
2026-01-17 04:30:00,2
2026-01-17 05:00:00,2
2026-01-17 05:30:00,1
2026-01-17 06:00:00,1
2026-01-17 06:30:00,1
2026-01-17 07:00:00,1
2026-01-17 07:30:00,1
2026-01-17 08:00:00,1
2026-01-17 08:30:00,1
2026-01-17 09:00:00,1
2026-01-17 09:30:00,2
2026-01-17 10:00:00,2
2026-01-17 10:30:00,1
2026-01-17 11:00:00,1
2026-01-17 11:30:00,2
2026-01-17 12:00:00,2
2026-01-17 12:30:00,2
2026-01-17 13:00:00,1
2026-01-17 13:30:00,2
2026-01-17 14:00:00,2
2026-01-17 14:30:00,2
2026-01-17 15:00:00,1
2026-01-17 15:30:00,1
2026-01-17 16:00:00,1
2026-01-17 16:30:00,1
2026-01-17 17:00:00,1
2026-01-17 17:30:00,1
2026-01-17 18:00:00,1
2026-01-17 18:30:00,1
2026-01-17 19:00:00,1
2026-01-17 19:30:00,1
2026-01-17 20:00:00,1
2026-01-17 20:30:00,1
2026-01-17 21:00:00,1
2026-01-17 21:30:00,1
2026-01-17 22:00:00,1
2026-01-17 22:30:00,1
2026-01-17 23:00:00,1
2026-01-17 23:30:00,1
2026-01-18 00:00:00,1
2026-01-18 00:30:00,1
2026-01-18 01:00:00,1
2026-01-18 01:30:00,1
2026-01-18 02:00:00,1
2026-01-18 02:30:00,1
2026-01-18 03:00:00,1
2026-01-18 03:30:00,1
2026-01-18 04:00:00,1
2026-01-18 04:30:00,1
2026-01-18 05:00:00,1
2026-01-18 05:30:00,1
2026-01-18 06:00:00,1
2026-01-18 06:30:00,1
2026-01-18 07:00:00,1
2026-01-18 07:30:00,1
2026-01-18 08:00:00,1
2026-01-18 08:30:00,1
2026-01-18 09:00:00,1
2026-01-18 09:30:00,1
2026-01-18 10:00:00,1
2026-01-18 10:30:00,2
2026-01-18 11:00:00,2
2026-01-18 11:30:00,2
2026-01-18 12:00:00,2
2026-01-18 12:30:00,1
2026-01-18 13:00:00,2
2026-01-18 13:30:00,1
2026-01-18 14:00:00,2
2026-01-18 14:30:00,2
2026-01-18 15:00:00,1
2026-01-18 15:30:00,1
2026-01-18 16:00:00,1
2026-01-18 16:30:00,1
2026-01-18 17:00:00,1
2026-01-18 17:30:00,1
2026-01-18 18:00:00,1
2026-01-18 18:30:00,1
2026-01-18 19:00:00,1
2026-01-18 19:30:00,1
2026-01-18 20:00:00,1
2026-01-18 20:30:00,1
2026-01-18 21:00:00,1
2026-01-18 21:30:00,1
2026-01-18 22:00:00,1
2026-01-18 22:30:00,1
2026-01-18 23:00:00,1
2026-01-18 23:30:00,1
2026-01-19 00:00:00,1
2026-01-19 00:30:00,1
2026-01-19 01:00:00,1
2026-01-19 01:30:00,1
2026-01-19 02:00:00,1
2026-01-19 02:30:00,1
2026-01-19 03:00:00,1
2026-01-19 03:30:00,1
2026-01-19 04:00:00,1
2026-01-19 04:30:00,1
2026-01-19 05:00:00,1
2026-01-19 05:30:00,1
2026-01-19 06:00:00,1
2026-01-19 06:30:00,1
2026-01-19 07:00:00,1
2026-01-19 07:30:00,1
2026-01-19 08:00:00,1
2026-01-19 08:30:00,1
2026-01-19 09:00:00,1
2026-01-19 09:30:00,2
2026-01-19 10:00:00,2
2026-01-19 10:30:00,2
2026-01-19 11:00:00,2
2026-01-19 11:30:00,2
2026-01-19 12:00:00,2
2026-01-19 12:30:00,2
2026-01-19 13:00:00,2
2026-01-19 13:30:00,2
2026-01-19 14:00:00,2
2026-01-19 14:30:00,2
2026-01-19 15:00:00,2
2026-01-19 15:30:00,2
2026-01-19 16:00:00,1
2026-01-19 16:30:00,1
2026-01-19 17:00:00,1
2026-01-19 17:30:00,1
2026-01-19 18:00:00,1
2026-01-19 18:30:00,2
2026-01-19 19:00:00,1
2026-01-19 19:30:00,1
2026-01-19 20:00:00,1
2026-01-19 20:30:00,1
2026-01-19 21:00:00,1
2026-01-19 21:30:00,1
2026-01-19 22:00:00,1
2026-01-19 22:30:00,1
2026-01-19 23:00:00,1
2026-01-19 23:30:00,1
2026-01-20 00:00:00,1
2026-01-20 00:30:00,1
2026-01-20 01:00:00,1
2026-01-20 01:30:00,1
2026-01-20 02:00:00,2
2026-01-20 02:30:00,1
2026-01-20 03:00:00,1
2026-01-20 03:30:00,1
2026-01-20 04:00:00,1
2026-01-20 04:30:00,1
2026-01-20 05:00:00,1
2026-01-20 05:30:00,1
2026-01-20 06:00:00,1
2026-01-20 06:30:00,1
2026-01-20 07:00:00,1
2026-01-20 07:30:00,1
2026-01-20 08:00:00,2
2026-01-20 08:30:00,2
2026-01-20 09:00:00,1
2026-01-20 09:30:00,1
2026-01-20 10:00:00,2
2026-01-20 10:30:00,2
2026-01-20 11:00:00,2
2026-01-20 11:30:00,2
2026-01-20 12:00:00,2
2026-01-20 12:30:00,1
2026-01-20 13:00:00,2
2026-01-20 13:30:00,2
2026-01-20 14:00:00,2
2026-01-20 14:30:00,2
2026-01-20 15:00:00,1
2026-01-20 15:30:00,1
2026-01-20 16:00:00,1
2026-01-20 16:30:00,1
2026-01-20 17:00:00,1
2026-01-20 17:30:00,1
2026-01-20 18:00:00,1
2026-01-20 18:30:00,2
2026-01-20 19:00:00,1
2026-01-20 19:30:00,1
2026-01-20 20:00:00,1
2026-01-20 20:30:00,2
2026-01-20 21:00:00,2
2026-01-20 21:30:00,2
2026-01-20 22:00:00,1
2026-01-20 22:30:00,1
2026-01-20 23:00:00,2
2026-01-20 23:30:00,1
2026-01-21 00:00:00,1
2026-01-21 00:30:00,1
2026-01-21 01:00:00,1
2026-01-21 01:30:00,2
2026-01-21 02:00:00,2
2026-01-21 02:30:00,2
2026-01-21 03:00:00,2
2026-01-21 03:30:00,2
2026-01-21 04:00:00,2
2026-01-21 04:30:00,1
2026-01-21 05:00:00,1
2026-01-21 05:30:00,2
2026-01-21 06:00:00,2
2026-01-21 06:30:00,2
2026-01-21 07:00:00,2
2026-01-21 07:30:00,1
2026-01-21 08:00:00,1
2026-01-21 08:30:00,1
2026-01-21 09:00:00,1
2026-01-21 09:30:00,1
2026-01-21 10:00:00,1
2026-01-21 10:30:00,1
2026-01-21 11:00:00,1
2026-01-21 11:30:00,2
2026-01-21 12:00:00,1
2026-01-21 12:30:00,1
2026-01-21 13:00:00,1
2026-01-21 13:30:00,1
2026-01-21 14:00:00,1
2026-01-21 14:30:00,1
2026-01-21 15:00:00,1
2026-01-21 15:30:00,1
2026-01-21 16:00:00,1
2026-01-21 16:30:00,1
2026-01-21 17:00:00,2
2026-01-21 17:30:00,2
2026-01-21 18:00:00,2
2026-01-21 18:30:00,2
2026-01-21 19:00:00,2
2026-01-21 19:30:00,2
2026-01-21 20:00:00,2
2026-01-21 20:30:00,2
2026-01-21 21:00:00,2
2026-01-21 21:30:00,1
2026-01-21 22:00:00,1
2026-01-21 22:30:00,1
2026-01-21 23:00:00,1
2026-01-21 23:30:00,1
2026-01-22 00:00:00,1
2026-01-22 00:30:00,1
2026-01-22 01:00:00,1
2026-01-22 01:30:00,2
2026-01-22 02:00:00,1
2026-01-22 02:30:00,0
2026-01-22 03:00:00,1
2026-01-22 03:30:00,1
2026-01-22 04:00:00,1
2026-01-22 04:30:00,1
2026-01-22 05:00:00,1
2026-01-22 05:30:00,1
2026-01-22 06:00:00,1
2026-01-22 06:30:00,1
2026-01-22 07:00:00,1
2026-01-22 07:30:00,2
2026-01-22 08:00:00,2
2026-01-22 08:30:00,1
2026-01-22 09:00:00,1
2026-01-22 09:30:00,2
2026-01-22 10:00:00,2
2026-01-22 10:30:00,1
2026-01-22 11:00:00,2
2026-01-22 11:30:00,2
2026-01-22 12:00:00,1
2026-01-22 12:30:00,1
2026-01-22 13:00:00,2
2026-01-22 13:30:00,1
2026-01-22 14:00:00,1
2026-01-22 14:30:00,1
2026-01-22 15:00:00,1
2026-01-22 15:30:00,1
2026-01-22 16:00:00,1
2026-01-22 16:30:00,1
2026-01-22 17:00:00,1
2026-01-22 17:30:00,1
2026-01-22 18:00:00,1
2026-01-22 18:30:00,1
2026-01-22 19:00:00,0
2026-01-22 19:30:00,0
2026-01-22 20:00:00,0
2026-01-22 20:30:00,0
2026-01-22 21:00:00,0
2026-01-22 21:30:00,1
2026-01-22 22:00:00,1
2026-01-22 22:30:00,1
2026-01-22 23:00:00,1
2026-01-22 23:30:00,1
2026-01-23 00:00:00,1
2026-01-23 00:30:00,1
2026-01-23 01:00:00,1
2026-01-23 01:30:00,2
2026-01-23 02:00:00,1
2026-01-23 02:30:00,2
2026-01-23 03:00:00,2
2026-01-23 03:30:00,2
2026-01-23 04:00:00,2
2026-01-23 04:30:00,2
2026-01-23 05:00:00,2
2026-01-23 05:30:00,2
2026-01-23 06:00:00,2
2026-01-23 06:30:00,1
2026-01-23 07:00:00,1
2026-01-23 07:30:00,1
2026-01-23 08:00:00,1
2026-01-23 08:30:00,1
2026-01-23 09:00:00,1
2026-01-23 09:30:00,1
2026-01-23 10:00:00,1
2026-01-23 10:30:00,1
2026-01-23 11:00:00,1
2026-01-23 11:30:00,1
2026-01-23 12:00:00,1
2026-01-23 12:30:00,1
2026-01-23 13:00:00,1
2026-01-23 13:30:00,1
2026-01-23 14:00:00,1
2026-01-23 14:30:00,1
2026-01-23 15:00:00,1
2026-01-23 15:30:00,1
2026-01-23 16:00:00,1
2026-01-23 16:30:00,1
2026-01-23 17:00:00,1
2026-01-23 17:30:00,1
2026-01-23 18:00:00,1
2026-01-23 18:30:00,1
2026-01-23 19:00:00,1
2026-01-23 19:30:00,1
2026-01-23 20:00:00,1
2026-01-23 20:30:00,1
2026-01-23 21:00:00,0
2026-01-23 21:30:00,1
2026-01-23 22:00:00,1
2026-01-23 22:30:00,1
2026-01-23 23:00:00,1
2026-01-23 23:30:00,1
2026-01-24 00:00:00,1
2026-01-24 00:30:00,1
2026-01-24 01:00:00,1
2026-01-24 01:30:00,1
2026-01-24 02:00:00,1
2026-01-24 02:30:00,1
2026-01-24 03:00:00,1
2026-01-24 03:30:00,1
2026-01-24 04:00:00,1
2026-01-24 04:30:00,1
2026-01-24 05:00:00,1
2026-01-24 05:30:00,1
2026-01-24 06:00:00,1
2026-01-24 06:30:00,1
2026-01-24 07:00:00,1
2026-01-24 07:30:00,1
2026-01-24 08:00:00,1
2026-01-24 08:30:00,1
2026-01-24 09:00:00,1
2026-01-24 09:30:00,1
2026-01-24 10:00:00,1
2026-01-24 10:30:00,1
2026-01-24 11:00:00,1
2026-01-24 11:30:00,1
2026-01-24 12:00:00,1
2026-01-24 12:30:00,1
2026-01-24 13:00:00,1
2026-01-24 13:30:00,1
2026-01-24 14:00:00,1
2026-01-24 14:30:00,1
2026-01-24 15:00:00,1
2026-01-24 15:30:00,1
2026-01-24 16:00:00,1
2026-01-24 16:30:00,1
2026-01-24 17:00:00,0
2026-01-24 17:30:00,1
2026-01-24 18:00:00,1
2026-01-24 18:30:00,1
2026-01-24 19:00:00,1
2026-01-24 19:30:00,1
2026-01-24 20:00:00,1
2026-01-24 20:30:00,1
2026-01-24 21:00:00,1
2026-01-24 21:30:00,1
2026-01-24 22:00:00,1
2026-01-24 22:30:00,1
2026-01-24 23:00:00,1
2026-01-24 23:30:00,1
2026-01-25 00:00:00,1
2026-01-25 00:30:00,1
2026-01-25 01:00:00,2
2026-01-25 01:30:00,2
2026-01-25 02:00:00,2
2026-01-25 02:30:00,2
2026-01-25 03:00:00,2
2026-01-25 03:30:00,2
2026-01-25 04:00:00,2
2026-01-25 04:30:00,2
2026-01-25 05:00:00,2
2026-01-25 05:30:00,1
2026-01-25 06:00:00,1
2026-01-25 06:30:00,1
2026-01-25 07:00:00,1
2026-01-25 07:30:00,1
2026-01-25 08:00:00,1
2026-01-25 08:30:00,1
2026-01-25 09:00:00,1
2026-01-25 09:30:00,1
2026-01-25 10:00:00,1
2026-01-25 10:30:00,1
2026-01-25 11:00:00,1
2026-01-25 11:30:00,1
2026-01-25 12:00:00,1
2026-01-25 12:30:00,1
2026-01-25 13:00:00,1
2026-01-25 13:30:00,1
2026-01-25 14:00:00,1
2026-01-25 14:30:00,1
2026-01-25 15:00:00,1
2026-01-25 15:30:00,1
2026-01-25 16:00:00,1
2026-01-25 16:30:00,1
2026-01-25 17:00:00,1
2026-01-25 17:30:00,1
2026-01-25 18:00:00,1
2026-01-25 18:30:00,1
2026-01-25 19:00:00,1
2026-01-25 19:30:00,1
2026-01-25 20:00:00,1
2026-01-25 20:30:00,1
2026-01-25 21:00:00,1
2026-01-25 21:30:00,1
2026-01-25 22:00:00,1
2026-01-25 22:30:00,1
2026-01-25 23:00:00,1
2026-01-25 23:30:00,1
2026-01-26 00:00:00,1
2026-01-26 00:30:00,1
2026-01-26 01:00:00,1
2026-01-26 01:30:00,1
2026-01-26 02:00:00,1
2026-01-26 02:30:00,1
2026-01-26 03:00:00,1
2026-01-26 03:30:00,1
2026-01-26 04:00:00,1
2026-01-26 04:30:00,0
2026-01-26 05:00:00,0
2026-01-26 05:30:00,1
2026-01-26 06:00:00,1
2026-01-26 06:30:00,1
2026-01-26 07:00:00,1
2026-01-26 07:30:00,1
2026-01-26 08:00:00,1
2026-01-26 08:30:00,1
2026-01-26 09:00:00,1
2026-01-26 09:30:00,1
2026-01-26 10:00:00,1
2026-01-26 10:30:00,1
2026-01-26 11:00:00,1
2026-01-26 11:30:00,1
2026-01-26 12:00:00,1
2026-01-26 12:30:00,1
2026-01-26 13:00:00,1
2026-01-26 13:30:00,1
2026-01-26 14:00:00,1
2026-01-26 14:30:00,1
2026-01-26 15:00:00,1
2026-01-26 15:30:00,1
2026-01-26 16:00:00,1
2026-01-26 16:30:00,1
2026-01-26 17:00:00,1
2026-01-26 17:30:00,1
2026-01-26 18:00:00,1
2026-01-26 18:30:00,1
2026-01-26 19:00:00,1
2026-01-26 19:30:00,1
2026-01-26 20:00:00,2
2026-01-26 20:30:00,1
2026-01-26 21:00:00,1
2026-01-26 21:30:00,1
2026-01-26 22:00:00,1
2026-01-26 22:30:00,1
2026-01-26 23:00:00,1
2026-01-26 23:30:00,1
2026-01-27 00:00:00,1
2026-01-27 00:30:00,1
2026-01-27 01:00:00,1
2026-01-27 01:30:00,2
2026-01-27 02:00:00,1
2026-01-27 02:30:00,0
2026-01-27 03:00:00,0
2026-01-27 03:30:00,1
2026-01-27 04:00:00,1
2026-01-27 04:30:00,1
2026-01-27 05:00:00,1
2026-01-27 05:30:00,1
2026-01-27 06:00:00,1
2026-01-27 06:30:00,2
2026-01-27 07:00:00,1
2026-01-27 07:30:00,2
2026-01-27 08:00:00,2
2026-01-27 08:30:00,1
2026-01-27 09:00:00,1
2026-01-27 09:30:00,1
2026-01-27 10:00:00,1
2026-01-27 10:30:00,2
2026-01-27 11:00:00,1
2026-01-27 11:30:00,1
2026-01-27 12:00:00,1
2026-01-27 12:30:00,1
2026-01-27 13:00:00,1
2026-01-27 13:30:00,1
2026-01-27 14:00:00,2
2026-01-27 14:30:00,2
2026-01-27 15:00:00,1
2026-01-27 15:30:00,2
2026-01-27 16:00:00,2
2026-01-27 16:30:00,2
2026-01-27 17:00:00,2
2026-01-27 17:30:00,2
2026-01-27 18:00:00,2
2026-01-27 18:30:00,2
2026-01-27 19:00:00,2
2026-01-27 19:30:00,1
2026-01-27 20:00:00,2
2026-01-27 20:30:00,2
2026-01-27 21:00:00,1
2026-01-27 21:30:00,1
2026-01-27 22:00:00,1
2026-01-27 22:30:00,1
2026-01-27 23:00:00,1
2026-01-27 23:30:00,1
2026-01-28 00:00:00,1
2026-01-28 00:30:00,1
2026-01-28 01:00:00,2
2026-01-28 01:30:00,1
2026-01-28 02:00:00,2
2026-01-28 02:30:00,2
2026-01-28 03:00:00,2
2026-01-28 03:30:00,2
2026-01-28 04:00:00,2
2026-01-28 04:30:00,2
2026-01-28 05:00:00,2
2026-01-28 05:30:00,1
2026-01-28 06:00:00,1
2026-01-28 06:30:00,1
2026-01-28 07:00:00,2
2026-01-28 07:30:00,2
2026-01-28 08:00:00,2
2026-01-28 08:30:00,2
2026-01-28 09:00:00,2
2026-01-28 09:30:00,1
2026-01-28 10:00:00,2
2026-01-28 10:30:00,2
2026-01-28 11:00:00,1
2026-01-28 11:30:00,2
2026-01-28 12:00:00,2
2026-01-28 12:30:00,2
2026-01-28 13:00:00,2
2026-01-28 13:30:00,2
2026-01-28 14:00:00,2
2026-01-28 14:30:00,2
2026-01-28 15:00:00,2
2026-01-28 15:30:00,1
2026-01-28 16:00:00,2
2026-01-28 16:30:00,1
2026-01-28 17:00:00,1
2026-01-28 17:30:00,2
2026-01-28 18:00:00,2
2026-01-28 18:30:00,2
2026-01-28 19:00:00,2
2026-01-28 19:30:00,1
2026-01-28 20:00:00,1
2026-01-28 20:30:00,1
2026-01-28 21:00:00,1
2026-01-28 21:30:00,1
2026-01-28 22:00:00,1
2026-01-28 22:30:00,1
2026-01-28 23:00:00,1
2026-01-28 23:30:00,1
2026-01-29 00:00:00,1
2026-01-29 00:30:00,1
2026-01-29 01:00:00,2
2026-01-29 01:30:00,1
2026-01-29 02:00:00,1
2026-01-29 02:30:00,2
2026-01-29 03:00:00,1
2026-01-29 03:30:00,1
2026-01-29 04:00:00,1
2026-01-29 04:30:00,1
2026-01-29 05:00:00,1
2026-01-29 05:30:00,1
2026-01-29 06:00:00,1
2026-01-29 06:30:00,1
2026-01-29 07:00:00,1
2026-01-29 07:30:00,1
2026-01-29 08:00:00,1
2026-01-29 08:30:00,2
2026-01-29 09:00:00,2
2026-01-29 09:30:00,2
2026-01-29 10:00:00,2
2026-01-29 10:30:00,1
2026-01-29 11:00:00,1
2026-01-29 11:30:00,2
2026-01-29 12:00:00,1
2026-01-29 12:30:00,2
2026-01-29 13:00:00,1
2026-01-29 13:30:00,1
2026-01-29 14:00:00,1
2026-01-29 14:30:00,1
2026-01-29 15:00:00,1
2026-01-29 15:30:00,1
2026-01-29 16:00:00,1
2026-01-29 16:30:00,1
2026-01-29 17:00:00,1
2026-01-29 17:30:00,1
2026-01-29 18:00:00,2
2026-01-29 18:30:00,1
2026-01-29 19:00:00,1
2026-01-29 19:30:00,1
2026-01-29 20:00:00,1
2026-01-29 20:30:00,1
2026-01-29 21:00:00,1
2026-01-29 21:30:00,1
2026-01-29 22:00:00,1
2026-01-29 22:30:00,1
2026-01-29 23:00:00,1
2026-01-29 23:30:00,1
2026-01-30 00:00:00,1
2026-01-30 00:30:00,1
2026-01-30 01:00:00,1
2026-01-30 01:30:00,2
2026-01-30 02:00:00,2
2026-01-30 02:30:00,2
2026-01-30 03:00:00,2
2026-01-30 03:30:00,2
2026-01-30 04:00:00,2
2026-01-30 04:30:00,2
2026-01-30 05:00:00,2
2026-01-30 05:30:00,2
2026-01-30 06:00:00,2
2026-01-30 06:30:00,2
2026-01-30 07:00:00,1
2026-01-30 07:30:00,1
2026-01-30 08:00:00,2
2026-01-30 08:30:00,2
2026-01-30 09:00:00,2
2026-01-30 09:30:00,2
2026-01-30 10:00:00,2
2026-01-30 10:30:00,2
2026-01-30 11:00:00,2
2026-01-30 11:30:00,2
2026-01-30 12:00:00,2
2026-01-30 12:30:00,2
2026-01-30 13:00:00,2
2026-01-30 13:30:00,2
2026-01-30 14:00:00,1
2026-01-30 14:30:00,1
2026-01-30 15:00:00,2
2026-01-30 15:30:00,1
2026-01-30 16:00:00,2
2026-01-30 16:30:00,1
2026-01-30 17:00:00,2
2026-01-30 17:30:00,1
2026-01-30 18:00:00,1
2026-01-30 18:30:00,1
2026-01-30 19:00:00,1
2026-01-30 19:30:00,1
2026-01-30 20:00:00,1
2026-01-30 20:30:00,1
2026-01-30 21:00:00,1
2026-01-30 21:30:00,1
2026-01-30 22:00:00,1
2026-01-30 22:30:00,1
2026-01-30 23:00:00,1
2026-01-30 23:30:00,1
2026-01-31 00:00:00,1
2026-01-31 00:30:00,1
2026-01-31 01:00:00,2
2026-01-31 01:30:00,1
2026-01-31 02:00:00,1
2026-01-31 02:30:00,2
2026-01-31 03:00:00,2
2026-01-31 03:30:00,2
2026-01-31 04:00:00,2
2026-01-31 04:30:00,2
2026-01-31 05:00:00,2
2026-01-31 05:30:00,2
2026-01-31 06:00:00,2
2026-01-31 06:30:00,1
2026-01-31 07:00:00,1
2026-01-31 07:30:00,1
2026-01-31 08:00:00,1
2026-01-31 08:30:00,2
2026-01-31 09:00:00,2
2026-01-31 09:30:00,2
2026-01-31 10:00:00,2
2026-01-31 10:30:00,1
2026-01-31 11:00:00,2
2026-01-31 11:30:00,2
2026-01-31 12:00:00,2
2026-01-31 12:30:00,2
2026-01-31 13:00:00,1
2026-01-31 13:30:00,1
2026-01-31 14:00:00,1
2026-01-31 14:30:00,1
2026-01-31 15:00:00,1
2026-01-31 15:30:00,2
2026-01-31 16:00:00,2
2026-01-31 16:30:00,2
2026-01-31 17:00:00,2
2026-01-31 17:30:00,2
2026-01-31 18:00:00,2
2026-01-31 18:30:00,2
2026-01-31 19:00:00,2
2026-01-31 19:30:00,2
2026-01-31 20:00:00,2
2026-01-31 20:30:00,0
2026-01-31 21:00:00,0
2026-01-31 21:30:00,0
2026-01-31 22:00:00,0
2026-01-31 22:30:00,0
2026-01-31 23:00:00,2
2026-01-31 23:30:00,1
2026-02-01 00:00:00,0
2026-02-01 00:30:00,0
2026-02-01 01:00:00,2
2026-02-01 01:30:00,1
2026-02-01 02:00:00,1
2026-02-01 02:30:00,1
2026-02-01 03:00:00,1
2026-02-01 03:30:00,1
2026-02-01 04:00:00,1
2026-02-01 04:30:00,1
2026-02-01 05:00:00,1
2026-02-01 05:30:00,1
2026-02-01 06:00:00,1
2026-02-01 06:30:00,0
2026-02-01 07:00:00,1
2026-02-01 07:30:00,1
2026-02-01 08:00:00,1
2026-02-01 08:30:00,0
2026-02-01 09:00:00,0
2026-02-01 09:30:00,0
2026-02-01 10:00:00,0
2026-02-01 10:30:00,1
2026-02-01 11:00:00,1
2026-02-01 11:30:00,1
2026-02-01 12:00:00,1
2026-02-01 12:30:00,1
2026-02-01 13:00:00,1
2026-02-01 13:30:00,1
2026-02-01 14:00:00,0
2026-02-01 14:30:00,0
2026-02-01 15:00:00,0
2026-02-01 15:30:00,0
2026-02-01 16:00:00,0
2026-02-01 16:30:00,1
2026-02-01 17:00:00,1
2026-02-01 17:30:00,1
2026-02-01 18:00:00,1
2026-02-01 18:30:00,1
2026-02-01 19:00:00,1
2026-02-01 19:30:00,1
2026-02-01 20:00:00,1
2026-02-01 20:30:00,1
2026-02-01 21:00:00,1
2026-02-01 21:30:00,0
2026-02-01 22:00:00,0
2026-02-01 22:30:00,2
2026-02-01 23:00:00,0
2026-02-01 23:30:00,1
2026-02-02 00:00:00,1
2026-02-02 00:30:00,2
2026-02-02 01:00:00,2
2026-02-02 01:30:00,2
2026-02-02 02:00:00,2
2026-02-02 02:30:00,2
2026-02-02 03:00:00,1
2026-02-02 03:30:00,1
2026-02-02 04:00:00,1
2026-02-02 04:30:00,2
2026-02-02 05:00:00,1
2026-02-02 05:30:00,1
2026-02-02 06:00:00,0
2026-02-02 06:30:00,1
2026-02-02 07:00:00,1
2026-02-02 07:30:00,1
2026-02-02 08:00:00,0
2026-02-02 08:30:00,1
2026-02-02 09:00:00,0
2026-02-02 09:30:00,0
2026-02-02 10:00:00,0
2026-02-02 10:30:00,0
2026-02-02 11:00:00,1
2026-02-02 11:30:00,2
2026-02-02 12:00:00,1
2026-02-02 12:30:00,0
2026-02-02 13:00:00,0
2026-02-02 13:30:00,1
2026-02-02 14:00:00,1
2026-02-02 14:30:00,1
2026-02-02 15:00:00,1
2026-02-02 15:30:00,1
2026-02-02 16:00:00,1
2026-02-02 16:30:00,1
2026-02-02 17:00:00,1
2026-02-02 17:30:00,1
2026-02-02 18:00:00,2
2026-02-02 18:30:00,1
2026-02-02 19:00:00,0
2026-02-02 19:30:00,1
2026-02-02 20:00:00,1
2026-02-02 20:30:00,1
2026-02-02 21:00:00,1
2026-02-02 21:30:00,0
2026-02-02 22:00:00,2
2026-02-02 22:30:00,2
2026-02-02 23:00:00,2
2026-02-02 23:30:00,1
2026-02-03 00:00:00,1
2026-02-03 00:30:00,1
2026-02-03 01:00:00,1
2026-02-03 01:30:00,1
2026-02-03 02:00:00,1
2026-02-03 02:30:00,1
2026-02-03 03:00:00,2
2026-02-03 03:30:00,2
2026-02-03 04:00:00,2
2026-02-03 04:30:00,2
2026-02-03 05:00:00,1
2026-02-03 05:30:00,1
2026-02-03 06:00:00,1
2026-02-03 06:30:00,1
2026-02-03 07:00:00,1
2026-02-03 07:30:00,1
2026-02-03 08:00:00,1
2026-02-03 08:30:00,2
2026-02-03 09:00:00,1
2026-02-03 09:30:00,1
2026-02-03 10:00:00,1
2026-02-03 10:30:00,1
2026-02-03 11:00:00,1
2026-02-03 11:30:00,1
2026-02-03 12:00:00,1
2026-02-03 12:30:00,1
2026-02-03 13:00:00,1
2026-02-03 13:30:00,1
2026-02-03 14:00:00,1
2026-02-03 14:30:00,1
2026-02-03 15:00:00,1
2026-02-03 15:30:00,1
2026-02-03 16:00:00,1
2026-02-03 16:30:00,1
2026-02-03 17:00:00,1
2026-02-03 17:30:00,1
2026-02-03 18:00:00,1
2026-02-03 18:30:00,1
2026-02-03 19:00:00,1
2026-02-03 19:30:00,1
2026-02-03 20:00:00,1
2026-02-03 20:30:00,2
2026-02-03 21:00:00,2
2026-02-03 21:30:00,1
2026-02-03 22:00:00,1
2026-02-03 22:30:00,1
2026-02-03 23:00:00,1
2026-02-03 23:30:00,1
2026-02-04 00:00:00,1
2026-02-04 00:30:00,1
2026-02-04 01:00:00,1
2026-02-04 01:30:00,2
2026-02-04 02:00:00,0
2026-02-04 02:30:00,1
2026-02-04 03:00:00,2
2026-02-04 03:30:00,2
2026-02-04 04:00:00,1
2026-02-04 04:30:00,1
2026-02-04 05:00:00,1
2026-02-04 05:30:00,1
2026-02-04 06:00:00,1
2026-02-04 06:30:00,1
2026-02-04 07:00:00,0
2026-02-04 07:30:00,0
2026-02-04 08:00:00,0
2026-02-04 08:30:00,0
2026-02-04 09:00:00,1
2026-02-04 09:30:00,1
2026-02-04 10:00:00,2
2026-02-04 10:30:00,1
2026-02-04 11:00:00,1
2026-02-04 11:30:00,2
2026-02-04 12:00:00,1
2026-02-04 12:30:00,1
2026-02-04 13:00:00,1
2026-02-04 13:30:00,1
2026-02-04 14:00:00,1
2026-02-04 14:30:00,1
2026-02-04 15:00:00,1
2026-02-04 15:30:00,1
2026-02-04 16:00:00,1
2026-02-04 16:30:00,1
2026-02-04 17:00:00,1
2026-02-04 17:30:00,0
2026-02-04 18:00:00,1
2026-02-04 18:30:00,0
2026-02-04 19:00:00,0
2026-02-04 19:30:00,0
2026-02-04 20:00:00,1
2026-02-04 20:30:00,0
2026-02-04 21:00:00,0
2026-02-04 21:30:00,1
2026-02-04 22:00:00,1
2026-02-04 22:30:00,1
2026-02-04 23:00:00,1
2026-02-04 23:30:00,1
2026-02-05 00:00:00,1
2026-02-05 00:30:00,1
2026-02-05 01:00:00,1
2026-02-05 01:30:00,1
2026-02-05 02:00:00,0
2026-02-05 02:30:00,0
2026-02-05 03:00:00,0
2026-02-05 03:30:00,1
2026-02-05 04:00:00,1
2026-02-05 04:30:00,1
2026-02-05 05:00:00,1
2026-02-05 05:30:00,1
2026-02-05 06:00:00,1
2026-02-05 06:30:00,1
2026-02-05 07:00:00,0
2026-02-05 07:30:00,2
2026-02-05 08:00:00,2
2026-02-05 08:30:00,1
2026-02-05 09:00:00,1
2026-02-05 09:30:00,1
2026-02-05 10:00:00,1
2026-02-05 10:30:00,1
2026-02-05 11:00:00,1
2026-02-05 11:30:00,1
2026-02-05 12:00:00,1
2026-02-05 12:30:00,2
2026-02-05 13:00:00,1
2026-02-05 13:30:00,1
2026-02-05 14:00:00,1
2026-02-05 14:30:00,1
2026-02-05 15:00:00,1
2026-02-05 15:30:00,1
2026-02-05 16:00:00,1
2026-02-05 16:30:00,1
2026-02-05 17:00:00,0
2026-02-05 17:30:00,0
2026-02-05 18:00:00,0
2026-02-05 18:30:00,2
2026-02-05 19:00:00,2
2026-02-05 19:30:00,1
2026-02-05 20:00:00,1
2026-02-05 20:30:00,0
2026-02-05 21:00:00,2
2026-02-05 21:30:00,2
2026-02-05 22:00:00,2
2026-02-05 22:30:00,2
2026-02-05 23:00:00,2
2026-02-05 23:30:00,2
2026-02-06 00:00:00,1
2026-02-06 00:30:00,1
2026-02-06 01:00:00,1
2026-02-06 01:30:00,1
2026-02-06 02:00:00,1
2026-02-06 02:30:00,1
2026-02-06 03:00:00,1
2026-02-06 03:30:00,1
2026-02-06 04:00:00,1
2026-02-06 04:30:00,1
2026-02-06 05:00:00,1
2026-02-06 05:30:00,1
2026-02-06 06:00:00,1
2026-02-06 06:30:00,1
2026-02-06 07:00:00,1
2026-02-06 07:30:00,1
2026-02-06 08:00:00,0
2026-02-06 08:30:00,1
2026-02-06 09:00:00,2
2026-02-06 09:30:00,0
2026-02-06 10:00:00,1
2026-02-06 10:30:00,0
2026-02-06 11:00:00,1
2026-02-06 11:30:00,2
2026-02-06 12:00:00,2
2026-02-06 12:30:00,2
2026-02-06 13:00:00,1
2026-02-06 13:30:00,1
2026-02-06 14:00:00,0
2026-02-06 14:30:00,2
2026-02-06 15:00:00,2
2026-02-06 15:30:00,0
2026-02-06 16:00:00,0
2026-02-06 16:30:00,0
2026-02-06 17:00:00,0
2026-02-06 17:30:00,0
2026-02-06 18:00:00,1
2026-02-06 18:30:00,0
2026-02-06 19:00:00,0
2026-02-06 19:30:00,0
2026-02-06 20:00:00,0
2026-02-06 20:30:00,0
2026-02-06 21:00:00,0
2026-02-06 21:30:00,2
2026-02-06 22:00:00,2
2026-02-06 22:30:00,2
2026-02-06 23:00:00,2
2026-02-06 23:30:00,2
2026-02-07 00:00:00,1
2026-02-07 00:30:00,2
2026-02-07 01:00:00,2
2026-02-07 01:30:00,2
2026-02-07 02:00:00,2
2026-02-07 02:30:00,0
2026-02-07 03:00:00,0
2026-02-07 03:30:00,0
2026-02-07 04:00:00,0
2026-02-07 04:30:00,0
2026-02-07 05:00:00,1
2026-02-07 05:30:00,1
2026-02-07 06:00:00,1
2026-02-07 06:30:00,1
2026-02-07 07:00:00,1
2026-02-07 07:30:00,1
2026-02-07 08:00:00,0
2026-02-07 08:30:00,1
2026-02-07 09:00:00,0
2026-02-07 09:30:00,2
2026-02-07 10:00:00,1
2026-02-07 10:30:00,0
2026-02-07 11:00:00,2
2026-02-07 11:30:00,2
2026-02-07 12:00:00,2
2026-02-07 12:30:00,2
2026-02-07 13:00:00,0
2026-02-07 13:30:00,1
2026-02-07 14:00:00,0
2026-02-07 14:30:00,1
2026-02-07 15:00:00,1
2026-02-07 15:30:00,1
2026-02-07 16:00:00,1
2026-02-07 16:30:00,0
2026-02-07 17:00:00,0
2026-02-07 17:30:00,0
2026-02-07 18:00:00,0
2026-02-07 18:30:00,0
2026-02-07 19:00:00,0
2026-02-07 19:30:00,0
2026-02-07 20:00:00,0
2026-02-07 20:30:00,0
2026-02-07 21:00:00,0
2026-02-07 21:30:00,1
2026-02-07 22:00:00,1
2026-02-07 22:30:00,0
2026-02-07 23:00:00,0
2026-02-07 23:30:00,1
2026-02-08 00:00:00,1
2026-02-08 00:30:00,1
2026-02-08 01:00:00,1
2026-02-08 01:30:00,1
2026-02-08 02:00:00,1
2026-02-08 02:30:00,1
2026-02-08 03:00:00,1
2026-02-08 03:30:00,1
2026-02-08 04:00:00,1
2026-02-08 04:30:00,1
2026-02-08 05:00:00,1
2026-02-08 05:30:00,1
2026-02-08 06:00:00,1
2026-02-08 06:30:00,1
2026-02-08 07:00:00,1
2026-02-08 07:30:00,1
2026-02-08 08:00:00,1
2026-02-08 08:30:00,1
2026-02-08 09:00:00,1
2026-02-08 09:30:00,1
2026-02-08 10:00:00,1
2026-02-08 10:30:00,1
2026-02-08 11:00:00,1
2026-02-08 11:30:00,1
2026-02-08 12:00:00,1
2026-02-08 12:30:00,1
2026-02-08 13:00:00,1
2026-02-08 13:30:00,1
2026-02-08 14:00:00,1
2026-02-08 14:30:00,1
2026-02-08 15:00:00,1
2026-02-08 15:30:00,1
2026-02-08 16:00:00,2
2026-02-08 16:30:00,2
2026-02-08 17:00:00,1
2026-02-08 17:30:00,1
2026-02-08 18:00:00,1
2026-02-08 18:30:00,1
2026-02-08 19:00:00,1
2026-02-08 19:30:00,1
2026-02-08 20:00:00,1
2026-02-08 20:30:00,1
2026-02-08 21:00:00,1
2026-02-08 21:30:00,1
2026-02-08 22:00:00,1
2026-02-08 22:30:00,1
2026-02-08 23:00:00,0
2026-02-08 23:30:00,1
2026-02-09 00:00:00,1
2026-02-09 00:30:00,1
2026-02-09 01:00:00,1
2026-02-09 01:30:00,1
2026-02-09 02:00:00,1
2026-02-09 02:30:00,1
2026-02-09 03:00:00,1
2026-02-09 03:30:00,1
2026-02-09 04:00:00,1
2026-02-09 04:30:00,1
2026-02-09 05:00:00,1
2026-02-09 05:30:00,1
2026-02-09 06:00:00,1
2026-02-09 06:30:00,1
2026-02-09 07:00:00,1
2026-02-09 07:30:00,1
2026-02-09 08:00:00,1
2026-02-09 08:30:00,1
2026-02-09 09:00:00,1
2026-02-09 09:30:00,1
2026-02-09 10:00:00,1
2026-02-09 10:30:00,1
2026-02-09 11:00:00,1
2026-02-09 11:30:00,1
2026-02-09 12:00:00,1
2026-02-09 12:30:00,1
2026-02-09 13:00:00,1
2026-02-09 13:30:00,1
2026-02-09 14:00:00,1
2026-02-09 14:30:00,1
2026-02-09 15:00:00,1
2026-02-09 15:30:00,1
2026-02-09 16:00:00,1
2026-02-09 16:30:00,1
2026-02-09 17:00:00,2
2026-02-09 17:30:00,1
2026-02-09 18:00:00,1
2026-02-09 18:30:00,1
2026-02-09 19:00:00,1
2026-02-09 19:30:00,1
2026-02-09 20:00:00,1
2026-02-09 20:30:00,1
2026-02-09 21:00:00,1
2026-02-09 21:30:00,1
2026-02-09 22:00:00,1
2026-02-09 22:30:00,1
2026-02-09 23:00:00,1
2026-02-09 23:30:00,1
2026-02-10 00:00:00,1
2026-02-10 00:30:00,1
2026-02-10 01:00:00,1
2026-02-10 01:30:00,1
2026-02-10 02:00:00,1
2026-02-10 02:30:00,1
2026-02-10 03:00:00,1
2026-02-10 03:30:00,2
2026-02-10 04:00:00,1
2026-02-10 04:30:00,1
2026-02-10 05:00:00,1
2026-02-10 05:30:00,1
2026-02-10 06:00:00,1
2026-02-10 06:30:00,1
2026-02-10 07:00:00,1
2026-02-10 07:30:00,1
2026-02-10 08:00:00,1
2026-02-10 08:30:00,1
2026-02-10 09:00:00,1
2026-02-10 09:30:00,1
2026-02-10 10:00:00,1
2026-02-10 10:30:00,1
2026-02-10 11:00:00,1
2026-02-10 11:30:00,1
2026-02-10 12:00:00,1
2026-02-10 12:30:00,1
2026-02-10 13:00:00,1
2026-02-10 13:30:00,1
2026-02-10 14:00:00,1
2026-02-10 14:30:00,1
2026-02-10 15:00:00,1
2026-02-10 15:30:00,1
2026-02-10 16:00:00,1
2026-02-10 16:30:00,1
2026-02-10 17:00:00,1
2026-02-10 17:30:00,1
2026-02-10 18:00:00,1
2026-02-10 18:30:00,1
2026-02-10 19:00:00,1
2026-02-10 19:30:00,1
2026-02-10 20:00:00,1
2026-02-10 20:30:00,1
2026-02-10 21:00:00,1
2026-02-10 21:30:00,1
2026-02-10 22:00:00,1
2026-02-10 22:30:00,1
2026-02-10 23:00:00,1
2026-02-10 23:30:00,1
2026-02-11 00:00:00,1
2026-02-11 00:30:00,1
2026-02-11 01:00:00,1
2026-02-11 01:30:00,1
2026-02-11 02:00:00,1
2026-02-11 02:30:00,1
2026-02-11 03:00:00,1
2026-02-11 03:30:00,1
2026-02-11 04:00:00,1
2026-02-11 04:30:00,1
2026-02-11 05:00:00,1
2026-02-11 05:30:00,1
2026-02-11 06:00:00,1
2026-02-11 06:30:00,1
2026-02-11 07:00:00,1
2026-02-11 07:30:00,1
2026-02-11 08:00:00,1
2026-02-11 08:30:00,1
2026-02-11 09:00:00,1
2026-02-11 09:30:00,1
2026-02-11 10:00:00,1
2026-02-11 10:30:00,1
2026-02-11 11:00:00,1
2026-02-11 11:30:00,1
2026-02-11 12:00:00,1
2026-02-11 12:30:00,1
2026-02-11 13:00:00,1
2026-02-11 13:30:00,1
2026-02-11 14:00:00,1
2026-02-11 14:30:00,1
2026-02-11 15:00:00,1
2026-02-11 15:30:00,1
2026-02-11 16:00:00,1
2026-02-11 16:30:00,2
2026-02-11 17:00:00,1
2026-02-11 17:30:00,1
2026-02-11 18:00:00,2
2026-02-11 18:30:00,2
2026-02-11 19:00:00,2
2026-02-11 19:30:00,2
2026-02-11 20:00:00,2
2026-02-11 20:30:00,2
2026-02-11 21:00:00,2
2026-02-11 21:30:00,1
2026-02-11 22:00:00,1
2026-02-11 22:30:00,2
2026-02-11 23:00:00,2
2026-02-11 23:30:00,1
2026-02-12 00:00:00,1
2026-02-12 00:30:00,1
2026-02-12 01:00:00,1
2026-02-12 01:30:00,1
2026-02-12 02:00:00,1
2026-02-12 02:30:00,1
2026-02-12 03:00:00,1
2026-02-12 03:30:00,1
2026-02-12 04:00:00,1
2026-02-12 04:30:00,1
2026-02-12 05:00:00,1
2026-02-12 05:30:00,1
2026-02-12 06:00:00,1
2026-02-12 06:30:00,1
2026-02-12 07:00:00,1
2026-02-12 07:30:00,1
2026-02-12 08:00:00,1
2026-02-12 08:30:00,1
2026-02-12 09:00:00,1
2026-02-12 09:30:00,1
2026-02-12 10:00:00,1
2026-02-12 10:30:00,1
2026-02-12 11:00:00,1
2026-02-12 11:30:00,1
2026-02-12 12:00:00,1
2026-02-12 12:30:00,1
2026-02-12 13:00:00,1
2026-02-12 13:30:00,1
2026-02-12 14:00:00,1
2026-02-12 14:30:00,1
2026-02-12 15:00:00,1
2026-02-12 15:30:00,1
2026-02-12 16:00:00,1
2026-02-12 16:30:00,1
2026-02-12 17:00:00,2
2026-02-12 17:30:00,1
2026-02-12 18:00:00,2
2026-02-12 18:30:00,2
2026-02-12 19:00:00,2
2026-02-12 19:30:00,1
2026-02-12 20:00:00,2
2026-02-12 20:30:00,2
2026-02-12 21:00:00,2
2026-02-12 21:30:00,2
2026-02-12 22:00:00,1
2026-02-12 22:30:00,1
2026-02-12 23:00:00,1
2026-02-12 23:30:00,1
2026-02-13 00:00:00,1
2026-02-13 00:30:00,1
2026-02-13 01:00:00,1
2026-02-13 01:30:00,1
2026-02-13 02:00:00,1
2026-02-13 02:30:00,1
2026-02-13 03:00:00,1
2026-02-13 03:30:00,1
2026-02-13 04:00:00,1
2026-02-13 04:30:00,1
2026-02-13 05:00:00,1
2026-02-13 05:30:00,1
2026-02-13 06:00:00,1
2026-02-13 06:30:00,1
2026-02-13 07:00:00,1
2026-02-13 07:30:00,1
2026-02-13 08:00:00,1
2026-02-13 08:30:00,1
2026-02-13 09:00:00,1
2026-02-13 09:30:00,1
2026-02-13 10:00:00,1
2026-02-13 10:30:00,2
2026-02-13 11:00:00,1
2026-02-13 11:30:00,2
2026-02-13 12:00:00,2
2026-02-13 12:30:00,2
2026-02-13 13:00:00,2
2026-02-13 13:30:00,1
2026-02-13 14:00:00,1
2026-02-13 14:30:00,1
2026-02-13 15:00:00,1
2026-02-13 15:30:00,1
2026-02-13 16:00:00,1
2026-02-13 16:30:00,1
2026-02-13 17:00:00,1
2026-02-13 17:30:00,1
2026-02-13 18:00:00,1
2026-02-13 18:30:00,2
2026-02-13 19:00:00,2
2026-02-13 19:30:00,2
2026-02-13 20:00:00,1
2026-02-13 20:30:00,2
2026-02-13 21:00:00,2
2026-02-13 21:30:00,2
2026-02-13 22:00:00,1
2026-02-13 22:30:00,1
2026-02-13 23:00:00,1
2026-02-13 23:30:00,1
2026-02-14 00:00:00,1
2026-02-14 00:30:00,1
2026-02-14 01:00:00,1
2026-02-14 01:30:00,1
2026-02-14 02:00:00,1
2026-02-14 02:30:00,1
2026-02-14 03:00:00,1
2026-02-14 03:30:00,1
2026-02-14 04:00:00,1
2026-02-14 04:30:00,1
2026-02-14 05:00:00,1
2026-02-14 05:30:00,1
2026-02-14 06:00:00,1
2026-02-14 06:30:00,1
2026-02-14 07:00:00,1
2026-02-14 07:30:00,1
2026-02-14 08:00:00,1
2026-02-14 08:30:00,1
2026-02-14 09:00:00,1
2026-02-14 09:30:00,1
2026-02-14 10:00:00,1
2026-02-14 10:30:00,1
2026-02-14 11:00:00,1
2026-02-14 11:30:00,1
2026-02-14 12:00:00,1
2026-02-14 12:30:00,1
2026-02-14 13:00:00,1
2026-02-14 13:30:00,2
2026-02-14 14:00:00,2
2026-02-14 14:30:00,1
2026-02-14 15:00:00,2
2026-02-14 15:30:00,2
2026-02-14 16:00:00,2
2026-02-14 16:30:00,2
2026-02-14 17:00:00,2
2026-02-14 17:30:00,2
2026-02-14 18:00:00,2
2026-02-14 18:30:00,2
2026-02-14 19:00:00,2
2026-02-14 19:30:00,2
2026-02-14 20:00:00,2
2026-02-14 20:30:00,1
2026-02-14 21:00:00,1
2026-02-14 21:30:00,1
2026-02-14 22:00:00,1
2026-02-14 22:30:00,1
2026-02-14 23:00:00,1
2026-02-14 23:30:00,1
2026-02-15 00:00:00,1
2026-03-01 00:30:00,1
2026-03-01 01:00:00,1
2026-03-01 01:30:00,1
2026-03-01 02:00:00,1
2026-03-01 02:30:00,1
2026-03-01 03:00:00,1
2026-03-01 03:30:00,1
2026-03-01 04:00:00,1
2026-03-01 04:30:00,1
2026-03-01 05:00:00,1
2026-03-01 05:30:00,1
2026-03-01 06:00:00,1
2026-03-01 06:30:00,1
2026-03-01 07:00:00,1
2026-03-01 07:30:00,1
2026-03-01 08:00:00,1
2026-03-01 08:30:00,1
2026-03-01 09:00:00,1
2026-03-01 09:30:00,1
2026-03-01 10:00:00,2
2026-03-01 10:30:00,2
2026-03-01 11:00:00,1
2026-03-01 11:30:00,2
2026-03-01 12:00:00,1
2026-03-01 12:30:00,1
2026-03-01 13:00:00,2
2026-03-01 13:30:00,1
2026-03-01 14:00:00,1
2026-03-01 14:30:00,1
2026-03-01 15:00:00,2
2026-03-01 15:30:00,1
2026-03-01 16:00:00,1
2026-03-01 16:30:00,1
2026-03-01 17:00:00,1
2026-03-01 17:30:00,1
2026-03-01 18:00:00,1
2026-03-01 18:30:00,1
2026-03-01 19:00:00,1
2026-03-01 19:30:00,1
2026-03-01 20:00:00,1
2026-03-01 20:30:00,1
2026-03-01 21:00:00,1
2026-03-01 21:30:00,2
2026-03-01 22:00:00,1
2026-03-01 22:30:00,1
2026-03-01 23:00:00,1
2026-03-01 23:30:00,1
2026-03-02 00:00:00,1
2026-03-02 00:30:00,1
2026-03-02 01:00:00,1
2026-03-02 01:30:00,1
2026-03-02 02:00:00,2
2026-03-02 02:30:00,2
2026-03-02 03:00:00,1
2026-03-02 03:30:00,1
2026-03-02 04:00:00,1
2026-03-02 04:30:00,1
2026-03-02 05:00:00,1
2026-03-02 05:30:00,1
2026-03-02 06:00:00,1
2026-03-02 06:30:00,1
2026-03-02 07:00:00,1
2026-03-02 07:30:00,1
2026-03-02 08:00:00,1
2026-03-02 08:30:00,1
2026-03-02 09:00:00,1
2026-03-02 09:30:00,2
2026-03-02 10:00:00,2
2026-03-02 10:30:00,1
2026-03-02 11:00:00,1
2026-03-02 11:30:00,1
2026-03-02 12:00:00,1
2026-03-02 12:30:00,2
2026-03-02 13:00:00,2
2026-03-02 13:30:00,1
2026-03-02 14:00:00,2
2026-03-02 14:30:00,2
2026-03-02 15:00:00,1
2026-03-02 15:30:00,2
2026-03-02 16:00:00,2
2026-03-02 16:30:00,1
2026-03-02 17:00:00,1
2026-03-02 17:30:00,1
2026-03-02 18:00:00,1
2026-03-02 18:30:00,2
2026-03-02 19:00:00,1
2026-03-02 19:30:00,2
2026-03-02 20:00:00,2
2026-03-02 20:30:00,2
2026-03-02 21:00:00,2
2026-03-02 21:30:00,2
2026-03-02 22:00:00,1
2026-03-02 22:30:00,2
2026-03-02 23:00:00,2
2026-03-02 23:30:00,1
2026-03-03 00:00:00,1
2026-03-03 00:30:00,1
2026-03-03 01:00:00,1
2026-03-03 01:30:00,1
2026-03-03 02:00:00,2
2026-03-03 02:30:00,1
2026-03-03 03:00:00,1
2026-03-03 03:30:00,2
2026-03-03 04:00:00,2
2026-03-03 04:30:00,2
2026-03-03 05:00:00,1
2026-03-03 05:30:00,1
2026-03-03 06:00:00,1
2026-03-03 06:30:00,2
2026-03-03 07:00:00,2
2026-03-03 07:30:00,2
2026-03-03 08:00:00,2
2026-03-03 08:30:00,1
2026-03-03 09:00:00,2
2026-03-03 09:30:00,2
2026-03-03 10:00:00,2
2026-03-03 10:30:00,2
2026-03-03 11:00:00,1
2026-03-03 11:30:00,2
2026-03-03 12:00:00,2
2026-03-03 12:30:00,2
2026-03-03 13:00:00,2
2026-03-03 13:30:00,2
2026-03-03 14:00:00,2
2026-03-03 14:30:00,2
2026-03-03 15:00:00,2
2026-03-03 15:30:00,1
2026-03-03 16:00:00,1
2026-03-03 16:30:00,2
2026-03-03 17:00:00,1
2026-03-03 17:30:00,2
2026-03-03 18:00:00,1
2026-03-03 18:30:00,2
2026-03-03 19:00:00,2
2026-03-03 19:30:00,1
2026-03-03 20:00:00,1
2026-03-03 20:30:00,2
2026-03-03 21:00:00,1
2026-03-03 21:30:00,2
2026-03-03 22:00:00,1
2026-03-03 22:30:00,1
2026-03-03 23:00:00,1
2026-03-03 23:30:00,1
2026-03-04 00:00:00,1
2026-03-04 00:30:00,1
2026-03-04 01:00:00,1
2026-03-04 01:30:00,1
2026-03-04 02:00:00,1
2026-03-04 02:30:00,1
2026-03-04 03:00:00,1
2026-03-04 03:30:00,1
2026-03-04 04:00:00,1
2026-03-04 04:30:00,1
2026-03-04 05:00:00,1
2026-03-04 05:30:00,1
2026-03-04 06:00:00,1
2026-03-04 06:30:00,1
2026-03-04 07:00:00,1
2026-03-04 07:30:00,1
2026-03-04 08:00:00,1
2026-03-04 08:30:00,1
2026-03-04 09:00:00,2
2026-03-04 09:30:00,1
2026-03-04 10:00:00,1
2026-03-04 10:30:00,1
2026-03-04 11:00:00,1
2026-03-04 11:30:00,1
2026-03-04 12:00:00,1
2026-03-04 12:30:00,1
2026-03-04 13:00:00,1
2026-03-04 13:30:00,1
2026-03-04 14:00:00,1
2026-03-04 14:30:00,1
2026-03-04 15:00:00,1
2026-03-04 15:30:00,1
2026-03-04 16:00:00,1
2026-03-04 16:30:00,1
2026-03-04 17:00:00,1
2026-03-04 17:30:00,0
2026-03-04 18:00:00,1
2026-03-04 18:30:00,1
2026-03-04 19:00:00,1
2026-03-04 19:30:00,1
2026-03-04 20:00:00,1
2026-03-04 20:30:00,1
2026-03-04 21:00:00,1
2026-03-04 21:30:00,1
2026-03-04 22:00:00,1
2026-03-04 22:30:00,1
2026-03-04 23:00:00,1
2026-03-04 23:30:00,1
2026-03-05 00:00:00,1
2026-03-05 00:30:00,1
2026-03-05 01:00:00,1
2026-03-05 01:30:00,1
2026-03-05 02:00:00,1
2026-03-05 02:30:00,1
2026-03-05 03:00:00,1
2026-03-05 03:30:00,1
2026-03-05 04:00:00,1
2026-03-05 04:30:00,1
2026-03-05 05:00:00,1
2026-03-05 05:30:00,1
2026-03-05 06:00:00,1
2026-03-05 06:30:00,0
2026-03-05 07:00:00,1
2026-03-05 07:30:00,0
2026-03-05 08:00:00,1
2026-03-05 08:30:00,1
2026-03-05 09:00:00,1
2026-03-05 09:30:00,1
2026-03-05 10:00:00,1
2026-03-05 10:30:00,1
2026-03-05 11:00:00,1
2026-03-05 11:30:00,1
2026-03-05 12:00:00,1
2026-03-05 12:30:00,1
2026-03-05 13:00:00,1
2026-03-05 13:30:00,1
2026-03-05 14:00:00,1
2026-03-05 14:30:00,1
2026-03-05 15:00:00,2
2026-03-05 15:30:00,0
2026-03-05 16:00:00,1
2026-03-05 16:30:00,1
2026-03-05 17:00:00,1
2026-03-05 17:30:00,2
2026-03-05 18:00:00,1
2026-03-05 18:30:00,1
2026-03-05 19:00:00,1
2026-03-05 19:30:00,1
2026-03-05 20:00:00,0
2026-03-05 20:30:00,0
2026-03-05 21:00:00,0
2026-03-05 21:30:00,0
2026-03-05 22:00:00,0
2026-03-05 22:30:00,0
2026-03-05 23:00:00,1
2026-03-05 23:30:00,1
2026-03-06 00:00:00,1
2026-03-06 00:30:00,1
2026-03-06 01:00:00,1
2026-03-06 01:30:00,1
2026-03-06 02:00:00,1
2026-03-06 02:30:00,1
2026-03-06 03:00:00,0
2026-03-06 03:30:00,0
2026-03-06 04:00:00,0
2026-03-06 04:30:00,1
2026-03-06 05:00:00,0
2026-03-06 05:30:00,0
2026-03-06 06:00:00,0
2026-03-06 06:30:00,0
2026-03-06 07:00:00,0
2026-03-06 07:30:00,0
2026-03-06 08:00:00,0
2026-03-06 08:30:00,0
2026-03-06 09:00:00,0
2026-03-06 09:30:00,1
2026-03-06 10:00:00,1
2026-03-06 10:30:00,1
2026-03-06 11:00:00,1
2026-03-06 11:30:00,2
2026-03-06 12:00:00,1
2026-03-06 12:30:00,0
2026-03-06 13:00:00,2
2026-03-06 13:30:00,1
2026-03-06 14:00:00,1
2026-03-06 14:30:00,2
2026-03-06 15:00:00,2
2026-03-06 15:30:00,0
2026-03-06 16:00:00,1
2026-03-06 16:30:00,1
2026-03-06 17:00:00,1
2026-03-06 17:30:00,0
2026-03-06 18:00:00,0
2026-03-06 18:30:00,0
2026-03-06 19:00:00,0
2026-03-06 19:30:00,0
2026-03-06 20:00:00,0
2026-03-06 20:30:00,0
2026-03-06 21:00:00,0
2026-03-06 21:30:00,0
2026-03-06 22:00:00,0
2026-03-06 22:30:00,0
2026-03-06 23:00:00,1
2026-03-06 23:30:00,1
2026-03-07 00:00:00,1
2026-03-07 00:30:00,1
2026-03-07 01:00:00,1
2026-03-07 01:30:00,0
2026-03-07 02:00:00,1
2026-03-07 02:30:00,1
2026-03-07 03:00:00,1
2026-03-07 03:30:00,1
2026-03-07 04:00:00,1
2026-03-07 04:30:00,1
2026-03-07 05:00:00,1
2026-03-07 05:30:00,1
2026-03-07 06:00:00,1
2026-03-07 06:30:00,0
2026-03-07 07:00:00,0
2026-03-07 07:30:00,0
2026-03-07 08:00:00,1
2026-03-07 08:30:00,1
2026-03-07 09:00:00,1
2026-03-07 09:30:00,1
2026-03-07 10:00:00,1
2026-03-07 10:30:00,1
2026-03-07 11:00:00,0
2026-03-07 11:30:00,1
2026-03-07 12:00:00,1
2026-03-07 12:30:00,1
2026-03-07 13:00:00,1
2026-03-07 13:30:00,1
2026-03-07 14:00:00,1
2026-03-07 14:30:00,1
2026-03-07 15:00:00,1
2026-03-07 15:30:00,1
2026-03-07 16:00:00,1
2026-03-07 16:30:00,0
2026-03-07 17:00:00,1
2026-03-07 17:30:00,0
2026-03-07 18:00:00,1
2026-03-07 18:30:00,0
2026-03-07 19:00:00,0
2026-03-07 19:30:00,1
2026-03-07 20:00:00,1
2026-03-07 20:30:00,1
2026-03-07 21:00:00,1
2026-03-07 21:30:00,0
2026-03-07 22:00:00,1
2026-03-07 22:30:00,1
2026-03-07 23:00:00,1
2026-03-07 23:30:00,1
2026-03-08 00:00:00,1
2026-03-08 00:30:00,1
2026-03-08 01:00:00,1
2026-03-08 01:30:00,1
2026-03-08 02:00:00,1
2026-03-08 02:30:00,1
2026-03-08 03:00:00,1
2026-03-08 03:30:00,1
2026-03-08 04:00:00,1
2026-03-08 04:30:00,1
2026-03-08 05:00:00,1
2026-03-08 05:30:00,1
2026-03-08 06:00:00,1
2026-03-08 06:30:00,1
2026-03-08 07:00:00,1
2026-03-08 07:30:00,0
2026-03-08 08:00:00,1
2026-03-08 08:30:00,1
2026-03-08 09:00:00,1
2026-03-08 09:30:00,1
2026-03-08 10:00:00,1
2026-03-08 10:30:00,1
2026-03-08 11:00:00,1
2026-03-08 11:30:00,1
2026-03-08 12:00:00,1
2026-03-08 12:30:00,1
2026-03-08 13:00:00,1
2026-03-08 13:30:00,1
2026-03-08 14:00:00,1
2026-03-08 14:30:00,1
2026-03-08 15:00:00,1
2026-03-08 15:30:00,1
2026-03-08 16:00:00,1
2026-03-08 16:30:00,1
2026-03-08 17:00:00,0
2026-03-08 17:30:00,0
2026-03-08 18:00:00,0
2026-03-08 18:30:00,0
2026-03-08 19:00:00,0
2026-03-08 19:30:00,1
2026-03-08 20:00:00,1
2026-03-08 20:30:00,0
2026-03-08 21:00:00,0
2026-03-08 21:30:00,1
2026-03-08 22:00:00,0
2026-03-08 22:30:00,1
2026-03-08 23:00:00,1
2026-03-08 23:30:00,1
2026-03-09 00:00:00,1
2026-03-09 00:30:00,1
2026-03-09 01:00:00,1
2026-03-09 01:30:00,1
2026-03-09 02:00:00,2
2026-03-09 02:30:00,2
2026-03-09 03:00:00,1
2026-03-09 03:30:00,1
2026-03-09 04:00:00,1
2026-03-09 04:30:00,1
2026-03-09 05:00:00,1
2026-03-09 05:30:00,1
2026-03-09 06:00:00,1
2026-03-09 06:30:00,1
2026-03-09 07:00:00,0
2026-03-09 07:30:00,1
2026-03-09 08:00:00,0
2026-03-09 08:30:00,1
2026-03-09 09:00:00,1
2026-03-09 09:30:00,2
2026-03-09 10:00:00,1
2026-03-09 10:30:00,0
2026-03-09 11:00:00,1
2026-03-09 11:30:00,1
2026-03-09 12:00:00,0
2026-03-09 12:30:00,0
2026-03-09 13:00:00,1
2026-03-09 13:30:00,0
2026-03-09 14:00:00,0
2026-03-09 14:30:00,0
2026-03-09 15:00:00,0
2026-03-09 15:30:00,0
2026-03-09 16:00:00,0
2026-03-09 16:30:00,0
2026-03-09 17:00:00,0
2026-03-09 17:30:00,0
2026-03-09 18:00:00,0
2026-03-09 18:30:00,0
2026-03-09 19:00:00,0
2026-03-09 19:30:00,0
2026-03-09 20:00:00,0
2026-03-09 20:30:00,0
2026-03-09 21:00:00,2
2026-03-09 21:30:00,2
2026-03-09 22:00:00,1
2026-03-09 22:30:00,1
2026-03-09 23:00:00,1
2026-03-09 23:30:00,1
2026-03-10 00:00:00,1
2026-03-10 00:30:00,1
2026-03-10 01:00:00,2
2026-03-10 01:30:00,2
2026-03-10 02:00:00,2
2026-03-10 02:30:00,2
2026-03-10 03:00:00,1
2026-03-10 03:30:00,2
2026-03-10 04:00:00,1
2026-03-10 04:30:00,1
2026-03-10 05:00:00,1
2026-03-10 05:30:00,2
2026-03-10 06:00:00,2
2026-03-10 06:30:00,2
2026-03-10 07:00:00,2
2026-03-10 07:30:00,2
2026-03-10 08:00:00,2
2026-03-10 08:30:00,1
2026-03-10 09:00:00,1
2026-03-10 09:30:00,1
2026-03-10 10:00:00,1
2026-03-10 10:30:00,0
2026-03-10 11:00:00,0
2026-03-10 11:30:00,0
2026-03-10 12:00:00,0
2026-03-10 12:30:00,1
2026-03-10 13:00:00,1
2026-03-10 13:30:00,1
2026-03-10 14:00:00,1
2026-03-10 14:30:00,0
2026-03-10 15:00:00,1
2026-03-10 15:30:00,1
2026-03-10 16:00:00,2
2026-03-10 16:30:00,1
2026-03-10 17:00:00,1
2026-03-10 17:30:00,2
2026-03-10 18:00:00,2
2026-03-10 18:30:00,1
2026-03-10 19:00:00,1
2026-03-10 19:30:00,2
2026-03-10 20:00:00,2
2026-03-10 20:30:00,2
2026-03-10 21:00:00,2
2026-03-10 21:30:00,2
2026-03-10 22:00:00,2
2026-03-10 22:30:00,1
2026-03-10 23:00:00,2
2026-03-10 23:30:00,2
2026-03-11 00:00:00,2
2026-03-11 00:30:00,1
2026-03-11 01:00:00,1
2026-03-11 01:30:00,1
2026-03-11 02:00:00,0
2026-03-11 02:30:00,2
2026-03-11 03:00:00,2
2026-03-11 03:30:00,2
2026-03-11 04:00:00,2
2026-03-11 04:30:00,2
2026-03-11 05:00:00,2
2026-03-11 05:30:00,1
2026-03-11 06:00:00,0
2026-03-11 06:30:00,0
2026-03-11 07:00:00,2
2026-03-11 07:30:00,2
2026-03-11 08:00:00,2
2026-03-11 08:30:00,1
2026-03-11 09:00:00,1
2026-03-11 09:30:00,1
2026-03-11 10:00:00,1
2026-03-11 10:30:00,1
2026-03-11 11:00:00,1
2026-03-11 11:30:00,1
2026-03-11 12:00:00,1
2026-03-11 12:30:00,1
2026-03-11 13:00:00,1
2026-03-11 13:30:00,1
2026-03-11 14:00:00,1
2026-03-11 14:30:00,1
2026-03-11 15:00:00,1
2026-03-11 15:30:00,1
2026-03-11 16:00:00,2
2026-03-11 16:30:00,2
2026-03-11 17:00:00,1
2026-03-11 17:30:00,1
2026-03-11 18:00:00,2
2026-03-11 18:30:00,1
2026-03-11 19:00:00,1
2026-03-11 19:30:00,0
2026-03-11 20:00:00,0
2026-03-11 20:30:00,2
2026-03-11 21:00:00,2
2026-03-11 21:30:00,2
2026-03-11 22:00:00,2
2026-03-11 22:30:00,2
2026-03-11 23:00:00,2
2026-03-11 23:30:00,2
2026-03-12 00:00:00,2
2026-03-12 00:30:00,0
2026-03-12 01:00:00,0
2026-03-12 01:30:00,0
2026-03-12 02:00:00,0
2026-03-12 02:30:00,0
2026-03-12 03:00:00,0
2026-03-12 03:30:00,1
2026-03-12 04:00:00,1
2026-03-12 04:30:00,1
2026-03-12 05:00:00,1
2026-03-12 05:30:00,0
2026-03-12 06:00:00,0
2026-03-12 06:30:00,2
2026-03-12 07:00:00,2
2026-03-12 07:30:00,0
2026-03-12 08:00:00,2
2026-03-12 08:30:00,1
2026-03-12 09:00:00,1
2026-03-12 09:30:00,1
2026-03-12 10:00:00,1
2026-03-12 10:30:00,1
2026-03-12 11:00:00,1
2026-03-12 11:30:00,1
2026-03-12 12:00:00,1
2026-03-12 12:30:00,1
2026-03-12 13:00:00,1
2026-03-12 13:30:00,1
2026-03-12 14:00:00,1
2026-03-12 14:30:00,1
2026-03-12 15:00:00,1
2026-03-12 15:30:00,2
2026-03-12 16:00:00,2
2026-03-12 16:30:00,2
2026-03-12 17:00:00,2
2026-03-12 17:30:00,2
2026-03-12 18:00:00,2
2026-03-12 18:30:00,2
2026-03-12 19:00:00,2
2026-03-12 19:30:00,2
2026-03-12 20:00:00,2
2026-03-12 20:30:00,2
2026-03-12 21:00:00,1
2026-03-12 21:30:00,2
2026-03-12 22:00:00,1
2026-03-12 22:30:00,0
2026-03-12 23:00:00,2
2026-03-12 23:30:00,0
2026-03-13 00:00:00,1
2026-03-13 00:30:00,0
2026-03-13 01:00:00,0
2026-03-13 01:30:00,0
2026-03-13 02:00:00,0
2026-03-13 02:30:00,0
2026-03-13 03:00:00,1
2026-03-13 03:30:00,1
2026-03-13 04:00:00,1
2026-03-13 04:30:00,1
2026-03-13 05:00:00,1
2026-03-13 05:30:00,0
2026-03-13 06:00:00,0
2026-03-13 06:30:00,0
2026-03-13 07:00:00,0
2026-03-13 07:30:00,2
2026-03-13 08:00:00,1
2026-03-13 08:30:00,1
2026-03-13 09:00:00,1
2026-03-13 09:30:00,1
2026-03-13 10:00:00,1
2026-03-13 10:30:00,2
2026-03-13 11:00:00,0
2026-03-13 11:30:00,2
2026-03-13 12:00:00,0
2026-03-13 12:30:00,1
2026-03-13 13:00:00,0
2026-03-13 13:30:00,0
2026-03-13 14:00:00,0
2026-03-13 14:30:00,1
2026-03-13 15:00:00,1
2026-03-13 15:30:00,1
2026-03-13 16:00:00,1
2026-03-13 16:30:00,1
2026-03-13 17:00:00,2
2026-03-13 17:30:00,1
2026-03-13 18:00:00,1
2026-03-13 18:30:00,1
2026-03-13 19:00:00,2
2026-03-13 19:30:00,0
2026-03-13 20:00:00,1
2026-03-13 20:30:00,1
2026-03-13 21:00:00,2
2026-03-13 21:30:00,2
2026-03-13 22:00:00,1
2026-03-13 22:30:00,1
2026-03-13 23:00:00,1
2026-03-13 23:30:00,1
2026-03-14 00:00:00,1
2026-03-14 00:30:00,1
2026-03-14 01:00:00,1
2026-03-14 01:30:00,1
2026-03-14 02:00:00,1
2026-03-14 02:30:00,1
2026-03-14 03:00:00,1
2026-03-14 03:30:00,1
2026-03-14 04:00:00,1
2026-03-14 04:30:00,1
2026-03-14 05:00:00,1
2026-03-14 05:30:00,1
2026-03-14 06:00:00,1
2026-03-14 06:30:00,1
2026-03-14 07:00:00,1
2026-03-14 07:30:00,1
2026-03-14 08:00:00,1
2026-03-14 08:30:00,1
2026-03-14 09:00:00,1
2026-03-14 09:30:00,1
2026-03-14 10:00:00,1
2026-03-14 10:30:00,1
2026-03-14 11:00:00,1
2026-03-14 11:30:00,1
2026-03-14 12:00:00,1
2026-03-14 12:30:00,1
2026-03-14 13:00:00,1
2026-03-14 13:30:00,1
2026-03-14 14:00:00,1
2026-03-14 14:30:00,1
2026-03-14 15:00:00,1
2026-03-14 15:30:00,1
2026-03-14 16:00:00,1
2026-03-14 16:30:00,1
2026-03-14 17:00:00,1
2026-03-14 17:30:00,1
2026-03-14 18:00:00,1
2026-03-14 18:30:00,1
2026-03-14 19:00:00,1
2026-03-14 19:30:00,1
2026-03-14 20:00:00,1
2026-03-14 20:30:00,1
2026-03-14 21:00:00,1
2026-03-14 21:30:00,1
2026-03-14 22:00:00,1
2026-03-14 22:30:00,1
2026-03-14 23:00:00,1
2026-03-14 23:30:00,1
2026-03-15 00:00:00,1
