time,mode,predicted
2026-03-01 00:30:00,chronos2_lora,217.0
2026-03-01 01:00:00,chronos2_lora,260.0
2026-03-01 01:30:00,chronos2_lora,266.0
2026-03-01 02:00:00,chronos2_lora,270.0
2026-03-01 02:30:00,chronos2_lora,280.0
2026-03-01 03:00:00,chronos2_lora,276.0
2026-03-01 03:30:00,chronos2_lora,270.0
2026-03-01 04:00:00,chronos2_lora,264.0
2026-03-01 04:30:00,chronos2_lora,262.0
2026-03-01 05:00:00,chronos2_lora,262.0
2026-03-01 05:30:00,chronos2_lora,264.0
2026-03-01 06:00:00,chronos2_lora,268.0
2026-03-01 06:30:00,chronos2_lora,266.0
2026-03-01 07:00:00,chronos2_lora,262.0
2026-03-01 07:30:00,chronos2_lora,258.0
2026-03-01 08:00:00,chronos2_lora,266.0
2026-03-01 08:30:00,chronos2_lora,240.0
2026-03-01 09:00:00,chronos2_lora,246.0
2026-03-01 09:30:00,chronos2_lora,246.0
2026-03-01 10:00:00,chronos2_lora,250.0
2026-03-01 10:30:00,chronos2_lora,244.0
2026-03-01 11:00:00,chronos2_lora,236.0
2026-03-01 11:30:00,chronos2_lora,290.0
2026-03-01 12:00:00,chronos2_lora,231.0
2026-03-01 12:30:00,chronos2_lora,234.0
2026-03-01 13:00:00,chronos2_lora,144.0
2026-03-01 13:30:00,chronos2_lora,131.0
2026-03-01 14:00:00,chronos2_lora,239.0
2026-03-01 14:30:00,chronos2_lora,253.0
2026-03-01 15:00:00,chronos2_lora,260.0
2026-03-01 15:30:00,chronos2_lora,272.0
2026-03-01 16:00:00,chronos2_lora,268.0
2026-03-01 16:30:00,chronos2_lora,235.0
2026-03-01 17:00:00,chronos2_lora,211.0
2026-03-01 17:30:00,chronos2_lora,216.0
2026-03-01 18:00:00,chronos2_lora,237.0
2026-03-01 18:30:00,chronos2_lora,247.0
2026-03-01 19:00:00,chronos2_lora,248.0
2026-03-01 19:30:00,chronos2_lora,243.0
2026-03-01 20:00:00,chronos2_lora,235.0
2026-03-01 20:30:00,chronos2_lora,246.0
2026-03-01 21:00:00,chronos2_lora,250.0
2026-03-01 21:30:00,chronos2_lora,255.0
2026-03-01 22:00:00,chronos2_lora,260.0
2026-03-01 22:30:00,chronos2_lora,264.0
2026-03-01 23:00:00,chronos2_lora,270.0
2026-03-01 23:30:00,chronos2_lora,255.0
2026-03-02 00:00:00,chronos2_lora,241.0
2026-03-02 00:30:00,chronos2_lora,242.0
2026-03-02 01:00:00,chronos2_lora,282.0
2026-03-02 01:30:00,chronos2_lora,284.0
2026-03-02 02:00:00,chronos2_lora,286.0
2026-03-02 02:30:00,chronos2_lora,296.0
2026-03-02 03:00:00,chronos2_lora,292.0
2026-03-02 03:30:00,chronos2_lora,288.0
2026-03-02 04:00:00,chronos2_lora,284.0
2026-03-02 04:30:00,chronos2_lora,282.0
2026-03-02 05:00:00,chronos2_lora,280.0
2026-03-02 05:30:00,chronos2_lora,282.0
2026-03-02 06:00:00,chronos2_lora,284.0
2026-03-02 06:30:00,chronos2_lora,284.0
2026-03-02 07:00:00,chronos2_lora,284.0
2026-03-02 07:30:00,chronos2_lora,284.0
2026-03-02 08:00:00,chronos2_lora,284.0
2026-03-02 08:30:00,chronos2_lora,249.0
2026-03-02 09:00:00,chronos2_lora,268.0
2026-03-02 09:30:00,chronos2_lora,278.0
2026-03-02 10:00:00,chronos2_lora,280.0
2026-03-02 10:30:00,chronos2_lora,260.0
2026-03-02 11:00:00,chronos2_lora,260.0
2026-03-02 11:30:00,chronos2_lora,334.0
2026-03-02 12:00:00,chronos2_lora,258.0
2026-03-02 12:30:00,chronos2_lora,282.0
2026-03-02 13:00:00,chronos2_lora,253.0
2026-03-02 13:30:00,chronos2_lora,239.0
2026-03-02 14:00:00,chronos2_lora,274.0
2026-03-02 14:30:00,chronos2_lora,280.0
2026-03-02 15:00:00,chronos2_lora,288.0
2026-03-02 15:30:00,chronos2_lora,294.0
2026-03-02 16:00:00,chronos2_lora,284.0
2026-03-02 16:30:00,chronos2_lora,274.0
2026-03-02 17:00:00,chronos2_lora,266.0
2026-03-02 17:30:00,chronos2_lora,268.0
2026-03-02 18:00:00,chronos2_lora,274.0
2026-03-02 18:30:00,chronos2_lora,278.0
2026-03-02 19:00:00,chronos2_lora,276.0
2026-03-02 19:30:00,chronos2_lora,276.0
2026-03-02 20:00:00,chronos2_lora,276.0
2026-03-02 20:30:00,chronos2_lora,280.0
2026-03-02 21:00:00,chronos2_lora,284.0
2026-03-02 21:30:00,chronos2_lora,284.0
2026-03-02 22:00:00,chronos2_lora,286.0
2026-03-02 22:30:00,chronos2_lora,288.0
2026-03-02 23:00:00,chronos2_lora,290.0
2026-03-02 23:30:00,chronos2_lora,286.0
2026-03-03 00:00:00,chronos2_lora,274.0
2026-03-03 00:30:00,chronos2_lora,160.0
2026-03-03 01:00:00,chronos2_lora,234.0
2026-03-03 01:30:00,chronos2_lora,237.0
2026-03-03 02:00:00,chronos2_lora,251.0
2026-03-03 02:30:00,chronos2_lora,272.0
2026-03-03 03:00:00,chronos2_lora,266.0
2026-03-03 03:30:00,chronos2_lora,262.0
2026-03-03 04:00:00,chronos2_lora,255.0
2026-03-03 04:30:00,chronos2_lora,252.0
2026-03-03 05:00:00,chronos2_lora,250.0
2026-03-03 05:30:00,chronos2_lora,253.0
2026-03-03 06:00:00,chronos2_lora,258.0
2026-03-03 06:30:00,chronos2_lora,260.0
2026-03-03 07:00:00,chronos2_lora,262.0
2026-03-03 07:30:00,chronos2_lora,264.0
2026-03-03 08:00:00,chronos2_lora,266.0
2026-03-03 08:30:00,chronos2_lora,239.0
2026-03-03 09:00:00,chronos2_lora,255.0
2026-03-03 09:30:00,chronos2_lora,260.0
2026-03-03 10:00:00,chronos2_lora,258.0
2026-03-03 10:30:00,chronos2_lora,250.0
2026-03-03 11:00:00,chronos2_lora,244.0
2026-03-03 11:30:00,chronos2_lora,344.0
2026-03-03 12:00:00,chronos2_lora,224.0
2026-03-03 12:30:00,chronos2_lora,236.0
2026-03-03 13:00:00,chronos2_lora,227.0
2026-03-03 13:30:00,chronos2_lora,172.0
2026-03-03 14:00:00,chronos2_lora,252.0
2026-03-03 14:30:00,chronos2_lora,266.0
2026-03-03 15:00:00,chronos2_lora,268.0
2026-03-03 15:30:00,chronos2_lora,268.0
2026-03-03 16:00:00,chronos2_lora,268.0
2026-03-03 16:30:00,chronos2_lora,247.0
2026-03-03 17:00:00,chronos2_lora,188.0
2026-03-03 17:30:00,chronos2_lora,210.0
2026-03-03 18:00:00,chronos2_lora,255.0
2026-03-03 18:30:00,chronos2_lora,258.0
2026-03-03 19:00:00,chronos2_lora,252.0
2026-03-03 19:30:00,chronos2_lora,250.0
2026-03-03 20:00:00,chronos2_lora,247.0
2026-03-03 20:30:00,chronos2_lora,254.0
2026-03-03 21:00:00,chronos2_lora,260.0
2026-03-03 21:30:00,chronos2_lora,264.0
2026-03-03 22:00:00,chronos2_lora,268.0
2026-03-03 22:30:00,chronos2_lora,270.0
2026-03-03 23:00:00,chronos2_lora,272.0
2026-03-03 23:30:00,chronos2_lora,255.0
2026-03-04 00:00:00,chronos2_lora,225.0
2026-03-04 00:30:00,chronos2_lora,212.0
2026-03-04 01:00:00,chronos2_lora,268.0
2026-03-04 01:30:00,chronos2_lora,278.0
2026-03-04 02:00:00,chronos2_lora,282.0
2026-03-04 02:30:00,chronos2_lora,288.0
2026-03-04 03:00:00,chronos2_lora,282.0
2026-03-04 03:30:00,chronos2_lora,278.0
2026-03-04 04:00:00,chronos2_lora,272.0
2026-03-04 04:30:00,chronos2_lora,272.0
2026-03-04 05:00:00,chronos2_lora,268.0
2026-03-04 05:30:00,chronos2_lora,270.0
2026-03-04 06:00:00,chronos2_lora,274.0
2026-03-04 06:30:00,chronos2_lora,276.0
2026-03-04 07:00:00,chronos2_lora,280.0
2026-03-04 07:30:00,chronos2_lora,290.0
2026-03-04 08:00:00,chronos2_lora,290.0
2026-03-04 08:30:00,chronos2_lora,264.0
2026-03-04 09:00:00,chronos2_lora,284.0
2026-03-04 09:30:00,chronos2_lora,290.0
2026-03-04 10:00:00,chronos2_lora,294.0
2026-03-04 10:30:00,chronos2_lora,296.0
2026-03-04 11:00:00,chronos2_lora,280.0
2026-03-04 11:30:00,chronos2_lora,420.0
2026-03-04 12:00:00,chronos2_lora,272.0
2026-03-04 12:30:00,chronos2_lora,290.0
2026-03-04 13:00:00,chronos2_lora,264.0
2026-03-04 13:30:00,chronos2_lora,196.0
2026-03-04 14:00:00,chronos2_lora,268.0
2026-03-04 14:30:00,chronos2_lora,288.0
2026-03-04 15:00:00,chronos2_lora,292.0
2026-03-04 15:30:00,chronos2_lora,300.0
2026-03-04 16:00:00,chronos2_lora,306.0
2026-03-04 16:30:00,chronos2_lora,294.0
2026-03-04 17:00:00,chronos2_lora,270.0
2026-03-04 17:30:00,chronos2_lora,282.0
2026-03-04 18:00:00,chronos2_lora,284.0
2026-03-04 18:30:00,chronos2_lora,284.0
2026-03-04 19:00:00,chronos2_lora,278.0
2026-03-04 19:30:00,chronos2_lora,270.0
2026-03-04 20:00:00,chronos2_lora,270.0
2026-03-04 20:30:00,chronos2_lora,282.0
2026-03-04 21:00:00,chronos2_lora,284.0
2026-03-04 21:30:00,chronos2_lora,284.0
2026-03-04 22:00:00,chronos2_lora,286.0
2026-03-04 22:30:00,chronos2_lora,288.0
2026-03-04 23:00:00,chronos2_lora,294.0
2026-03-04 23:30:00,chronos2_lora,286.0
2026-03-05 00:00:00,chronos2_lora,258.0
2026-03-05 00:30:00,chronos2_lora,242.0
2026-03-05 01:00:00,chronos2_lora,276.0
2026-03-05 01:30:00,chronos2_lora,278.0
2026-03-05 02:00:00,chronos2_lora,272.0
2026-03-05 02:30:00,chronos2_lora,274.0
2026-03-05 03:00:00,chronos2_lora,266.0
2026-03-05 03:30:00,chronos2_lora,260.0
2026-03-05 04:00:00,chronos2_lora,258.0
2026-03-05 04:30:00,chronos2_lora,262.0
2026-03-05 05:00:00,chronos2_lora,260.0
2026-03-05 05:30:00,chronos2_lora,262.0
2026-03-05 06:00:00,chronos2_lora,264.0
2026-03-05 06:30:00,chronos2_lora,268.0
2026-03-05 07:00:00,chronos2_lora,270.0
2026-03-05 07:30:00,chronos2_lora,276.0
2026-03-05 08:00:00,chronos2_lora,312.0
2026-03-05 08:30:00,chronos2_lora,270.0
2026-03-05 09:00:00,chronos2_lora,294.0
2026-03-05 09:30:00,chronos2_lora,300.0
2026-03-05 10:00:00,chronos2_lora,300.0
2026-03-05 10:30:00,chronos2_lora,294.0
2026-03-05 11:00:00,chronos2_lora,256.0
2026-03-05 11:30:00,chronos2_lora,568.0
2026-03-05 12:00:00,chronos2_lora,262.0
2026-03-05 12:30:00,chronos2_lora,276.0
2026-03-05 13:00:00,chronos2_lora,249.0
2026-03-05 13:30:00,chronos2_lora,143.0
2026-03-05 14:00:00,chronos2_lora,255.0
2026-03-05 14:30:00,chronos2_lora,280.0
2026-03-05 15:00:00,chronos2_lora,278.0
2026-03-05 15:30:00,chronos2_lora,278.0
2026-03-05 16:00:00,chronos2_lora,278.0
2026-03-05 16:30:00,chronos2_lora,254.0
2026-03-05 17:00:00,chronos2_lora,242.0
2026-03-05 17:30:00,chronos2_lora,262.0
2026-03-05 18:00:00,chronos2_lora,270.0
2026-03-05 18:30:00,chronos2_lora,278.0
2026-03-05 19:00:00,chronos2_lora,274.0
2026-03-05 19:30:00,chronos2_lora,262.0
2026-03-05 20:00:00,chronos2_lora,264.0
2026-03-05 20:30:00,chronos2_lora,300.0
2026-03-05 21:00:00,chronos2_lora,300.0
2026-03-05 21:30:00,chronos2_lora,304.0
2026-03-05 22:00:00,chronos2_lora,296.0
2026-03-05 22:30:00,chronos2_lora,290.0
2026-03-05 23:00:00,chronos2_lora,294.0
2026-03-05 23:30:00,chronos2_lora,262.0
2026-03-06 00:00:00,chronos2_lora,247.0
2026-03-06 00:30:00,chronos2_lora,258.0
2026-03-06 01:00:00,chronos2_lora,264.0
2026-03-06 01:30:00,chronos2_lora,264.0
2026-03-06 02:00:00,chronos2_lora,278.0
2026-03-06 02:30:00,chronos2_lora,280.0
2026-03-06 03:00:00,chronos2_lora,278.0
2026-03-06 03:30:00,chronos2_lora,274.0
2026-03-06 04:00:00,chronos2_lora,270.0
2026-03-06 04:30:00,chronos2_lora,270.0
2026-03-06 05:00:00,chronos2_lora,270.0
2026-03-06 05:30:00,chronos2_lora,270.0
2026-03-06 06:00:00,chronos2_lora,274.0
2026-03-06 06:30:00,chronos2_lora,276.0
2026-03-06 07:00:00,chronos2_lora,282.0
2026-03-06 07:30:00,chronos2_lora,286.0
2026-03-06 08:00:00,chronos2_lora,294.0
2026-03-06 08:30:00,chronos2_lora,272.0
2026-03-06 09:00:00,chronos2_lora,280.0
2026-03-06 09:30:00,chronos2_lora,282.0
2026-03-06 10:00:00,chronos2_lora,278.0
2026-03-06 10:30:00,chronos2_lora,247.0
2026-03-06 11:00:00,chronos2_lora,195.0
2026-03-06 11:30:00,chronos2_lora,400.0
2026-03-06 12:00:00,chronos2_lora,241.0
2026-03-06 12:30:00,chronos2_lora,300.0
2026-03-06 13:00:00,chronos2_lora,238.0
2026-03-06 13:30:00,chronos2_lora,118.0
2026-03-06 14:00:00,chronos2_lora,238.0
2026-03-06 14:30:00,chronos2_lora,270.0
2026-03-06 15:00:00,chronos2_lora,262.0
2026-03-06 15:30:00,chronos2_lora,251.0
2026-03-06 16:00:00,chronos2_lora,280.0
2026-03-06 16:30:00,chronos2_lora,278.0
2026-03-06 17:00:00,chronos2_lora,278.0
2026-03-06 17:30:00,chronos2_lora,280.0
2026-03-06 18:00:00,chronos2_lora,282.0
2026-03-06 18:30:00,chronos2_lora,286.0
2026-03-06 19:00:00,chronos2_lora,284.0
2026-03-06 19:30:00,chronos2_lora,270.0
2026-03-06 20:00:00,chronos2_lora,270.0
2026-03-06 20:30:00,chronos2_lora,284.0
2026-03-06 21:00:00,chronos2_lora,286.0
2026-03-06 21:30:00,chronos2_lora,288.0
2026-03-06 22:00:00,chronos2_lora,288.0
2026-03-06 22:30:00,chronos2_lora,290.0
2026-03-06 23:00:00,chronos2_lora,290.0
2026-03-06 23:30:00,chronos2_lora,282.0
2026-03-07 00:00:00,chronos2_lora,274.0
2026-03-07 00:30:00,chronos2_lora,264.0
2026-03-07 01:00:00,chronos2_lora,268.0
2026-03-07 01:30:00,chronos2_lora,268.0
2026-03-07 02:00:00,chronos2_lora,272.0
2026-03-07 02:30:00,chronos2_lora,272.0
2026-03-07 03:00:00,chronos2_lora,270.0
2026-03-07 03:30:00,chronos2_lora,268.0
2026-03-07 04:00:00,chronos2_lora,264.0
2026-03-07 04:30:00,chronos2_lora,262.0
2026-03-07 05:00:00,chronos2_lora,262.0
2026-03-07 05:30:00,chronos2_lora,264.0
2026-03-07 06:00:00,chronos2_lora,266.0
2026-03-07 06:30:00,chronos2_lora,268.0
2026-03-07 07:00:00,chronos2_lora,270.0
2026-03-07 07:30:00,chronos2_lora,272.0
2026-03-07 08:00:00,chronos2_lora,274.0
2026-03-07 08:30:00,chronos2_lora,226.0
2026-03-07 09:00:00,chronos2_lora,229.0
2026-03-07 09:30:00,chronos2_lora,213.0
2026-03-07 10:00:00,chronos2_lora,202.0
2026-03-07 10:30:00,chronos2_lora,175.0
2026-03-07 11:00:00,chronos2_lora,26.875
2026-03-07 11:30:00,chronos2_lora,310.0
2026-03-07 12:00:00,chronos2_lora,135.0
2026-03-07 12:30:00,chronos2_lora,177.0
2026-03-07 13:00:00,chronos2_lora,170.0
2026-03-07 13:30:00,chronos2_lora,-134.0
2026-03-07 14:00:00,chronos2_lora,81.0
2026-03-07 14:30:00,chronos2_lora,157.0
2026-03-07 15:00:00,chronos2_lora,205.0
2026-03-07 15:30:00,chronos2_lora,200.0
2026-03-07 16:00:00,chronos2_lora,266.0
2026-03-07 16:30:00,chronos2_lora,274.0
2026-03-07 17:00:00,chronos2_lora,278.0
2026-03-07 17:30:00,chronos2_lora,280.0
2026-03-07 18:00:00,chronos2_lora,280.0
2026-03-07 18:30:00,chronos2_lora,282.0
2026-03-07 19:00:00,chronos2_lora,280.0
2026-03-07 19:30:00,chronos2_lora,280.0
2026-03-07 20:00:00,chronos2_lora,278.0
2026-03-07 20:30:00,chronos2_lora,280.0
2026-03-07 21:00:00,chronos2_lora,278.0
2026-03-07 21:30:00,chronos2_lora,276.0
2026-03-07 22:00:00,chronos2_lora,278.0
2026-03-07 22:30:00,chronos2_lora,280.0
2026-03-07 23:00:00,chronos2_lora,284.0
2026-03-07 23:30:00,chronos2_lora,282.0
2026-03-08 00:00:00,chronos2_lora,278.0
2026-03-08 00:30:00,chronos2_lora,274.0
2026-03-08 01:00:00,chronos2_lora,274.0
2026-03-08 01:30:00,chronos2_lora,274.0
2026-03-08 02:00:00,chronos2_lora,274.0
2026-03-08 02:30:00,chronos2_lora,276.0
2026-03-08 03:00:00,chronos2_lora,274.0
2026-03-08 03:30:00,chronos2_lora,272.0
2026-03-08 04:00:00,chronos2_lora,272.0
2026-03-08 04:30:00,chronos2_lora,272.0
2026-03-08 05:00:00,chronos2_lora,272.0
2026-03-08 05:30:00,chronos2_lora,272.0
2026-03-08 06:00:00,chronos2_lora,274.0
2026-03-08 06:30:00,chronos2_lora,274.0
2026-03-08 07:00:00,chronos2_lora,276.0
2026-03-08 07:30:00,chronos2_lora,276.0
2026-03-08 08:00:00,chronos2_lora,280.0
2026-03-08 08:30:00,chronos2_lora,262.0
2026-03-08 09:00:00,chronos2_lora,268.0
2026-03-08 09:30:00,chronos2_lora,266.0
2026-03-08 10:00:00,chronos2_lora,258.0
2026-03-08 10:30:00,chronos2_lora,264.0
2026-03-08 11:00:00,chronos2_lora,243.0
2026-03-08 11:30:00,chronos2_lora,330.0
2026-03-08 12:00:00,chronos2_lora,197.0
2026-03-08 12:30:00,chronos2_lora,225.0
2026-03-08 13:00:00,chronos2_lora,227.0
2026-03-08 13:30:00,chronos2_lora,155.0
2026-03-08 14:00:00,chronos2_lora,196.0
2026-03-08 14:30:00,chronos2_lora,216.0
2026-03-08 15:00:00,chronos2_lora,229.0
2026-03-08 15:30:00,chronos2_lora,239.0
2026-03-08 16:00:00,chronos2_lora,266.0
2026-03-08 16:30:00,chronos2_lora,266.0
2026-03-08 17:00:00,chronos2_lora,270.0
2026-03-08 17:30:00,chronos2_lora,274.0
2026-03-08 18:00:00,chronos2_lora,274.0
2026-03-08 18:30:00,chronos2_lora,276.0
2026-03-08 19:00:00,chronos2_lora,278.0
2026-03-08 19:30:00,chronos2_lora,278.0
2026-03-08 20:00:00,chronos2_lora,280.0
2026-03-08 20:30:00,chronos2_lora,280.0
2026-03-08 21:00:00,chronos2_lora,282.0
2026-03-08 21:30:00,chronos2_lora,282.0
2026-03-08 22:00:00,chronos2_lora,280.0
2026-03-08 22:30:00,chronos2_lora,282.0
2026-03-08 23:00:00,chronos2_lora,284.0
2026-03-08 23:30:00,chronos2_lora,278.0
2026-03-09 00:00:00,chronos2_lora,274.0
2026-03-09 00:30:00,chronos2_lora,278.0
2026-03-09 01:00:00,chronos2_lora,280.0
2026-03-09 01:30:00,chronos2_lora,282.0
2026-03-09 02:00:00,chronos2_lora,284.0
2026-03-09 02:30:00,chronos2_lora,282.0
2026-03-09 03:00:00,chronos2_lora,280.0
2026-03-09 03:30:00,chronos2_lora,278.0
2026-03-09 04:00:00,chronos2_lora,276.0
2026-03-09 04:30:00,chronos2_lora,274.0
2026-03-09 05:00:00,chronos2_lora,274.0
2026-03-09 05:30:00,chronos2_lora,276.0
2026-03-09 06:00:00,chronos2_lora,278.0
2026-03-09 06:30:00,chronos2_lora,278.0
2026-03-09 07:00:00,chronos2_lora,284.0
2026-03-09 07:30:00,chronos2_lora,288.0
2026-03-09 08:00:00,chronos2_lora,294.0
2026-03-09 08:30:00,chronos2_lora,292.0
2026-03-09 09:00:00,chronos2_lora,290.0
2026-03-09 09:30:00,chronos2_lora,294.0
2026-03-09 10:00:00,chronos2_lora,270.0
2026-03-09 10:30:00,chronos2_lora,270.0
2026-03-09 11:00:00,chronos2_lora,215.0
2026-03-09 11:30:00,chronos2_lora,302.0
2026-03-09 12:00:00,chronos2_lora,36.0
2026-03-09 12:30:00,chronos2_lora,118.5
2026-03-09 13:00:00,chronos2_lora,95.5
2026-03-09 13:30:00,chronos2_lora,-73.5
2026-03-09 14:00:00,chronos2_lora,-20.5
2026-03-09 14:30:00,chronos2_lora,117.5
2026-03-09 15:00:00,chronos2_lora,220.0
2026-03-09 15:30:00,chronos2_lora,245.0
2026-03-09 16:00:00,chronos2_lora,326.0
2026-03-09 16:30:00,chronos2_lora,280.0
2026-03-09 17:00:00,chronos2_lora,282.0
2026-03-09 17:30:00,chronos2_lora,284.0
2026-03-09 18:00:00,chronos2_lora,284.0
2026-03-09 18:30:00,chronos2_lora,288.0
2026-03-09 19:00:00,chronos2_lora,290.0
2026-03-09 19:30:00,chronos2_lora,290.0
2026-03-09 20:00:00,chronos2_lora,290.0
2026-03-09 20:30:00,chronos2_lora,290.0
2026-03-09 21:00:00,chronos2_lora,292.0
2026-03-09 21:30:00,chronos2_lora,294.0
2026-03-09 22:00:00,chronos2_lora,296.0
2026-03-09 22:30:00,chronos2_lora,300.0
2026-03-09 23:00:00,chronos2_lora,306.0
2026-03-09 23:30:00,chronos2_lora,298.0
2026-03-10 00:00:00,chronos2_lora,290.0
2026-03-10 00:30:00,chronos2_lora,276.0
2026-03-10 01:00:00,chronos2_lora,272.0
2026-03-10 01:30:00,chronos2_lora,272.0
2026-03-10 02:00:00,chronos2_lora,274.0
2026-03-10 02:30:00,chronos2_lora,274.0
2026-03-10 03:00:00,chronos2_lora,274.0
2026-03-10 03:30:00,chronos2_lora,272.0
2026-03-10 04:00:00,chronos2_lora,272.0
2026-03-10 04:30:00,chronos2_lora,272.0
2026-03-10 05:00:00,chronos2_lora,272.0
2026-03-10 05:30:00,chronos2_lora,272.0
2026-03-10 06:00:00,chronos2_lora,274.0
2026-03-10 06:30:00,chronos2_lora,276.0
2026-03-10 07:00:00,chronos2_lora,280.0
2026-03-10 07:30:00,chronos2_lora,280.0
2026-03-10 08:00:00,chronos2_lora,280.0
2026-03-10 08:30:00,chronos2_lora,201.0
2026-03-10 09:00:00,chronos2_lora,190.0
2026-03-10 09:30:00,chronos2_lora,175.0
2026-03-10 10:00:00,chronos2_lora,124.5
2026-03-10 10:30:00,chronos2_lora,159.0
2026-03-10 11:00:00,chronos2_lora,41.75
2026-03-10 11:30:00,chronos2_lora,200.0
2026-03-10 12:00:00,chronos2_lora,-100.0
2026-03-10 12:30:00,chronos2_lora,-111.0
2026-03-10 13:00:00,chronos2_lora,-172.0
2026-03-10 13:30:00,chronos2_lora,-223.0
2026-03-10 14:00:00,chronos2_lora,-213.0
2026-03-10 14:30:00,chronos2_lora,-143.0
2026-03-10 15:00:00,chronos2_lora,23.375
2026-03-10 15:30:00,chronos2_lora,94.0
2026-03-10 16:00:00,chronos2_lora,232.0
2026-03-10 16:30:00,chronos2_lora,258.0
2026-03-10 17:00:00,chronos2_lora,270.0
2026-03-10 17:30:00,chronos2_lora,272.0
2026-03-10 18:00:00,chronos2_lora,274.0
2026-03-10 18:30:00,chronos2_lora,282.0
2026-03-10 19:00:00,chronos2_lora,288.0
2026-03-10 19:30:00,chronos2_lora,286.0
2026-03-10 20:00:00,chronos2_lora,282.0
2026-03-10 20:30:00,chronos2_lora,286.0
2026-03-10 21:00:00,chronos2_lora,288.0
2026-03-10 21:30:00,chronos2_lora,290.0
2026-03-10 22:00:00,chronos2_lora,292.0
2026-03-10 22:30:00,chronos2_lora,294.0
2026-03-10 23:00:00,chronos2_lora,298.0
2026-03-10 23:30:00,chronos2_lora,292.0
2026-03-11 00:00:00,chronos2_lora,284.0
2026-03-11 00:30:00,chronos2_lora,290.0
2026-03-11 01:00:00,chronos2_lora,288.0
2026-03-11 01:30:00,chronos2_lora,288.0
2026-03-11 02:00:00,chronos2_lora,288.0
2026-03-11 02:30:00,chronos2_lora,290.0
2026-03-11 03:00:00,chronos2_lora,288.0
2026-03-11 03:30:00,chronos2_lora,284.0
2026-03-11 04:00:00,chronos2_lora,280.0
2026-03-11 04:30:00,chronos2_lora,280.0
2026-03-11 05:00:00,chronos2_lora,280.0
2026-03-11 05:30:00,chronos2_lora,282.0
2026-03-11 06:00:00,chronos2_lora,286.0
2026-03-11 06:30:00,chronos2_lora,296.0
2026-03-11 07:00:00,chronos2_lora,312.0
2026-03-11 07:30:00,chronos2_lora,310.0
2026-03-11 08:00:00,chronos2_lora,310.0
2026-03-11 08:30:00,chronos2_lora,231.0
2026-03-11 09:00:00,chronos2_lora,231.0
2026-03-11 09:30:00,chronos2_lora,191.0
2026-03-11 10:00:00,chronos2_lora,102.5
2026-03-11 10:30:00,chronos2_lora,74.5
2026-03-11 11:00:00,chronos2_lora,-61.0
2026-03-11 11:30:00,chronos2_lora,24.625
2026-03-11 12:00:00,chronos2_lora,-168.0
2026-03-11 12:30:00,chronos2_lora,-187.0
2026-03-11 13:00:00,chronos2_lora,-201.0
2026-03-11 13:30:00,chronos2_lora,-211.0
2026-03-11 14:00:00,chronos2_lora,-201.0
2026-03-11 14:30:00,chronos2_lora,-174.0
2026-03-11 15:00:00,chronos2_lora,13.9375
2026-03-11 15:30:00,chronos2_lora,179.0
2026-03-11 16:00:00,chronos2_lora,240.0
2026-03-11 16:30:00,chronos2_lora,264.0
2026-03-11 17:00:00,chronos2_lora,274.0
2026-03-11 17:30:00,chronos2_lora,280.0
2026-03-11 18:00:00,chronos2_lora,290.0
2026-03-11 18:30:00,chronos2_lora,308.0
2026-03-11 19:00:00,chronos2_lora,318.0
2026-03-11 19:30:00,chronos2_lora,314.0
2026-03-11 20:00:00,chronos2_lora,310.0
2026-03-11 20:30:00,chronos2_lora,314.0
2026-03-11 21:00:00,chronos2_lora,322.0
2026-03-11 21:30:00,chronos2_lora,326.0
2026-03-11 22:00:00,chronos2_lora,326.0
2026-03-11 22:30:00,chronos2_lora,326.0
2026-03-11 23:00:00,chronos2_lora,328.0
2026-03-11 23:30:00,chronos2_lora,316.0
2026-03-12 00:00:00,chronos2_lora,302.0
2026-03-12 00:30:00,chronos2_lora,286.0
2026-03-12 01:00:00,chronos2_lora,286.0
2026-03-12 01:30:00,chronos2_lora,288.0
2026-03-12 02:00:00,chronos2_lora,284.0
2026-03-12 02:30:00,chronos2_lora,284.0
2026-03-12 03:00:00,chronos2_lora,280.0
2026-03-12 03:30:00,chronos2_lora,278.0
2026-03-12 04:00:00,chronos2_lora,274.0
2026-03-12 04:30:00,chronos2_lora,274.0
2026-03-12 05:00:00,chronos2_lora,272.0
2026-03-12 05:30:00,chronos2_lora,272.0
2026-03-12 06:00:00,chronos2_lora,276.0
2026-03-12 06:30:00,chronos2_lora,292.0
2026-03-12 07:00:00,chronos2_lora,316.0
2026-03-12 07:30:00,chronos2_lora,306.0
2026-03-12 08:00:00,chronos2_lora,292.0
2026-03-12 08:30:00,chronos2_lora,224.0
2026-03-12 09:00:00,chronos2_lora,224.0
2026-03-12 09:30:00,chronos2_lora,221.0
2026-03-12 10:00:00,chronos2_lora,165.0
2026-03-12 10:30:00,chronos2_lora,129.0
2026-03-12 11:00:00,chronos2_lora,-1.578125
2026-03-12 11:30:00,chronos2_lora,119.0
2026-03-12 12:00:00,chronos2_lora,-133.0
2026-03-12 12:30:00,chronos2_lora,-139.0
2026-03-12 13:00:00,chronos2_lora,-145.0
2026-03-12 13:30:00,chronos2_lora,-142.0
2026-03-12 14:00:00,chronos2_lora,-139.0
2026-03-12 14:30:00,chronos2_lora,-124.0
2026-03-12 15:00:00,chronos2_lora,174.0
2026-03-12 15:30:00,chronos2_lora,266.0
2026-03-12 16:00:00,chronos2_lora,276.0
2026-03-12 16:30:00,chronos2_lora,280.0
2026-03-12 17:00:00,chronos2_lora,284.0
2026-03-12 17:30:00,chronos2_lora,286.0
2026-03-12 18:00:00,chronos2_lora,298.0
2026-03-12 18:30:00,chronos2_lora,320.0
2026-03-12 19:00:00,chronos2_lora,328.0
2026-03-12 19:30:00,chronos2_lora,318.0
2026-03-12 20:00:00,chronos2_lora,306.0
2026-03-12 20:30:00,chronos2_lora,312.0
2026-03-12 21:00:00,chronos2_lora,316.0
2026-03-12 21:30:00,chronos2_lora,312.0
2026-03-12 22:00:00,chronos2_lora,314.0
2026-03-12 22:30:00,chronos2_lora,318.0
2026-03-12 23:00:00,chronos2_lora,320.0
2026-03-12 23:30:00,chronos2_lora,300.0
2026-03-13 00:00:00,chronos2_lora,280.0
2026-03-13 00:30:00,chronos2_lora,262.0
2026-03-13 01:00:00,chronos2_lora,262.0
2026-03-13 01:30:00,chronos2_lora,264.0
2026-03-13 02:00:00,chronos2_lora,262.0
2026-03-13 02:30:00,chronos2_lora,264.0
2026-03-13 03:00:00,chronos2_lora,264.0
2026-03-13 03:30:00,chronos2_lora,264.0
2026-03-13 04:00:00,chronos2_lora,260.0
2026-03-13 04:30:00,chronos2_lora,260.0
2026-03-13 05:00:00,chronos2_lora,262.0
2026-03-13 05:30:00,chronos2_lora,264.0
2026-03-13 06:00:00,chronos2_lora,270.0
2026-03-13 06:30:00,chronos2_lora,286.0
2026-03-13 07:00:00,chronos2_lora,304.0
2026-03-13 07:30:00,chronos2_lora,282.0
2026-03-13 08:00:00,chronos2_lora,274.0
2026-03-13 08:30:00,chronos2_lora,190.0
2026-03-13 09:00:00,chronos2_lora,183.0
2026-03-13 09:30:00,chronos2_lora,134.0
2026-03-13 10:00:00,chronos2_lora,-9.0625
2026-03-13 10:30:00,chronos2_lora,-141.0
2026-03-13 11:00:00,chronos2_lora,-198.0
2026-03-13 11:30:00,chronos2_lora,-202.0
2026-03-13 12:00:00,chronos2_lora,-216.0
2026-03-13 12:30:00,chronos2_lora,-205.0
2026-03-13 13:00:00,chronos2_lora,-205.0
2026-03-13 13:30:00,chronos2_lora,-212.0
2026-03-13 14:00:00,chronos2_lora,-209.0
2026-03-13 14:30:00,chronos2_lora,-198.0
2026-03-13 15:00:00,chronos2_lora,35.0
2026-03-13 15:30:00,chronos2_lora,241.0
2026-03-13 16:00:00,chronos2_lora,256.0
2026-03-13 16:30:00,chronos2_lora,264.0
2026-03-13 17:00:00,chronos2_lora,274.0
2026-03-13 17:30:00,chronos2_lora,278.0
2026-03-13 18:00:00,chronos2_lora,282.0
2026-03-13 18:30:00,chronos2_lora,306.0
2026-03-13 19:00:00,chronos2_lora,316.0
2026-03-13 19:30:00,chronos2_lora,308.0
2026-03-13 20:00:00,chronos2_lora,300.0
2026-03-13 20:30:00,chronos2_lora,308.0
2026-03-13 21:00:00,chronos2_lora,314.0
2026-03-13 21:30:00,chronos2_lora,312.0
2026-03-13 22:00:00,chronos2_lora,314.0
2026-03-13 22:30:00,chronos2_lora,318.0
2026-03-13 23:00:00,chronos2_lora,324.0
2026-03-13 23:30:00,chronos2_lora,306.0
2026-03-14 00:00:00,chronos2_lora,286.0
2026-03-14 00:30:00,chronos2_lora,278.0
2026-03-14 01:00:00,chronos2_lora,274.0
2026-03-14 01:30:00,chronos2_lora,272.0
2026-03-14 02:00:00,chronos2_lora,268.0
2026-03-14 02:30:00,chronos2_lora,268.0
2026-03-14 03:00:00,chronos2_lora,270.0
2026-03-14 03:30:00,chronos2_lora,268.0
2026-03-14 04:00:00,chronos2_lora,264.0
2026-03-14 04:30:00,chronos2_lora,264.0
2026-03-14 05:00:00,chronos2_lora,264.0
2026-03-14 05:30:00,chronos2_lora,266.0
2026-03-14 06:00:00,chronos2_lora,268.0
2026-03-14 06:30:00,chronos2_lora,278.0
2026-03-14 07:00:00,chronos2_lora,294.0
2026-03-14 07:30:00,chronos2_lora,294.0
2026-03-14 08:00:00,chronos2_lora,288.0
2026-03-14 08:30:00,chronos2_lora,211.0
2026-03-14 09:00:00,chronos2_lora,235.0
2026-03-14 09:30:00,chronos2_lora,250.0
2026-03-14 10:00:00,chronos2_lora,241.0
2026-03-14 10:30:00,chronos2_lora,140.0
2026-03-14 11:00:00,chronos2_lora,-116.0
2026-03-14 11:30:00,chronos2_lora,-124.5
2026-03-14 12:00:00,chronos2_lora,-148.0
2026-03-14 12:30:00,chronos2_lora,-142.0
2026-03-14 13:00:00,chronos2_lora,-142.0
2026-03-14 13:30:00,chronos2_lora,-154.0
2026-03-14 14:00:00,chronos2_lora,-157.0
2026-03-14 14:30:00,chronos2_lora,-151.0
2026-03-14 15:00:00,chronos2_lora,181.0
2026-03-14 15:30:00,chronos2_lora,266.0
2026-03-14 16:00:00,chronos2_lora,270.0
2026-03-14 16:30:00,chronos2_lora,290.0
2026-03-14 17:00:00,chronos2_lora,298.0
2026-03-14 17:30:00,chronos2_lora,288.0
2026-03-14 18:00:00,chronos2_lora,288.0
2026-03-14 18:30:00,chronos2_lora,304.0
2026-03-14 19:00:00,chronos2_lora,310.0
2026-03-14 19:30:00,chronos2_lora,300.0
2026-03-14 20:00:00,chronos2_lora,290.0
2026-03-14 20:30:00,chronos2_lora,296.0
2026-03-14 21:00:00,chronos2_lora,300.0
2026-03-14 21:30:00,chronos2_lora,296.0
2026-03-14 22:00:00,chronos2_lora,298.0
2026-03-14 22:30:00,chronos2_lora,310.0
2026-03-14 23:00:00,chronos2_lora,316.0
2026-03-14 23:30:00,chronos2_lora,298.0
2026-03-15 00:00:00,chronos2_lora,284.0
2026-03-01 00:30:00,carrier_blind,221.27618341529487
2026-03-01 01:00:00,carrier_blind,264.2761834152949
2026-03-01 01:30:00,carrier_blind,269.426925889925
2026-03-01 02:00:00,carrier_blind,273.11965455231297
2026-03-01 02:30:00,carrier_blind,283.11965455231297
2026-03-01 03:00:00,carrier_blind,279.11965455231297
2026-03-01 03:30:00,carrier_blind,273.11965455231297
2026-03-01 04:00:00,carrier_blind,267.11965455231297
2026-03-01 04:30:00,carrier_blind,265.11965455231297
2026-03-01 05:00:00,carrier_blind,265.11965455231297
2026-03-01 05:30:00,carrier_blind,267.11965455231297
2026-03-01 06:00:00,carrier_blind,271.11965455231297
2026-03-01 06:30:00,carrier_blind,269.15258330477485
2026-03-01 07:00:00,carrier_blind,266.0018408301447
2026-03-01 07:30:00,carrier_blind,262.0471587066736
2026-03-01 08:00:00,carrier_blind,270.0471587066736
2026-03-01 08:30:00,carrier_blind,244.0471587066736
2026-03-01 09:00:00,carrier_blind,248.55539193891457
2026-03-01 09:30:00,carrier_blind,248.55539193891457
2026-03-01 10:00:00,carrier_blind,252.55539193891457
2026-03-01 10:30:00,carrier_blind,246.55539193891457
2026-03-01 11:00:00,carrier_blind,238.55539193891457
2026-03-01 11:30:00,carrier_blind,292.55539193891457
2026-03-01 12:00:00,carrier_blind,233.55539193891457
2026-03-01 12:30:00,carrier_blind,236.55539193891457
2026-03-01 13:00:00,carrier_blind,146.55539193891457
2026-03-01 13:30:00,carrier_blind,133.55539193891457
2026-03-01 14:00:00,carrier_blind,241.55539193891457
2026-03-01 14:30:00,carrier_blind,255.55539193891457
2026-03-01 15:00:00,carrier_blind,262.55539193891457
2026-03-01 15:30:00,carrier_blind,276.0471587066736
2026-03-01 16:00:00,carrier_blind,272.2761834152949
2026-03-01 16:30:00,carrier_blind,239.27618341529487
2026-03-01 17:00:00,carrier_blind,215.27618341529487
2026-03-01 17:30:00,carrier_blind,220.27618341529487
2026-03-01 18:00:00,carrier_blind,241.0471587066736
2026-03-01 18:30:00,carrier_blind,251.0471587066736
2026-03-01 19:00:00,carrier_blind,252.0471587066736
2026-03-01 19:30:00,carrier_blind,247.0471587066736
2026-03-01 20:00:00,carrier_blind,239.0471587066736
2026-03-01 20:30:00,carrier_blind,250.0471587066736
2026-03-01 21:00:00,carrier_blind,254.0471587066736
2026-03-01 21:30:00,carrier_blind,259.0471587066736
2026-03-01 22:00:00,carrier_blind,264.0471587066736
2026-03-01 22:30:00,carrier_blind,268.0471587066736
2026-03-01 23:00:00,carrier_blind,274.2761834152949
2026-03-01 23:30:00,carrier_blind,259.0471587066736
2026-03-02 00:00:00,carrier_blind,245.27618341529487
2026-03-02 00:30:00,carrier_blind,246.0471587066736
2026-03-02 01:00:00,carrier_blind,286.0471587066736
2026-03-02 01:30:00,carrier_blind,287.4492513387088
2026-03-02 02:00:00,carrier_blind,289.4492513387088
2026-03-02 02:30:00,carrier_blind,299.4492513387088
2026-03-02 03:00:00,carrier_blind,295.4492513387088
2026-03-02 03:30:00,carrier_blind,291.4492513387088
2026-03-02 04:00:00,carrier_blind,287.4492513387088
2026-03-02 04:30:00,carrier_blind,285.4492513387088
2026-03-02 05:00:00,carrier_blind,283.4492513387088
2026-03-02 05:30:00,carrier_blind,285.4492513387088
2026-03-02 06:00:00,carrier_blind,287.4492513387088
2026-03-02 06:30:00,carrier_blind,287.4492513387088
2026-03-02 07:00:00,carrier_blind,288.0018408301447
2026-03-02 07:30:00,carrier_blind,288.0471587066736
2026-03-02 08:00:00,carrier_blind,288.0471587066736
2026-03-02 08:30:00,carrier_blind,253.0471587066736
2026-03-02 09:00:00,carrier_blind,270.55539193891457
2026-03-02 09:30:00,carrier_blind,280.55539193891457
2026-03-02 10:00:00,carrier_blind,282.55539193891457
2026-03-02 10:30:00,carrier_blind,262.55539193891457
2026-03-02 11:00:00,carrier_blind,262.55539193891457
2026-03-02 11:30:00,carrier_blind,333.5203875173903
2026-03-02 12:00:00,carrier_blind,262.0471587066736
2026-03-02 12:30:00,carrier_blind,284.55539193891457
2026-03-02 13:00:00,carrier_blind,255.55539193891457
2026-03-02 13:30:00,carrier_blind,241.55539193891457
2026-03-02 14:00:00,carrier_blind,276.55539193891457
2026-03-02 14:30:00,carrier_blind,282.55539193891457
2026-03-02 15:00:00,carrier_blind,290.55539193891457
2026-03-02 15:30:00,carrier_blind,296.55539193891457
2026-03-02 16:00:00,carrier_blind,288.0471587066736
2026-03-02 16:30:00,carrier_blind,278.2761834152949
2026-03-02 17:00:00,carrier_blind,270.2761834152949
2026-03-02 17:30:00,carrier_blind,272.2761834152949
2026-03-02 18:00:00,carrier_blind,278.2761834152949
2026-03-02 18:30:00,carrier_blind,282.0471587066736
2026-03-02 19:00:00,carrier_blind,280.0471587066736
2026-03-02 19:30:00,carrier_blind,280.0471587066736
2026-03-02 20:00:00,carrier_blind,280.0471587066736
2026-03-02 20:30:00,carrier_blind,284.0471587066736
2026-03-02 21:00:00,carrier_blind,288.0471587066736
2026-03-02 21:30:00,carrier_blind,288.0471587066736
2026-03-02 22:00:00,carrier_blind,290.0471587066736
2026-03-02 22:30:00,carrier_blind,292.0471587066736
2026-03-02 23:00:00,carrier_blind,294.0471587066736
2026-03-02 23:30:00,carrier_blind,290.0471587066736
2026-03-03 00:00:00,carrier_blind,278.0471587066736
2026-03-03 00:30:00,carrier_blind,164.27618341529487
2026-03-03 01:00:00,carrier_blind,238.27618341529487
2026-03-03 01:30:00,carrier_blind,240.6782760473301
2026-03-03 02:00:00,carrier_blind,254.6782760473301
2026-03-03 02:30:00,carrier_blind,275.6782760473301
2026-03-03 03:00:00,carrier_blind,269.6782760473301
2026-03-03 03:30:00,carrier_blind,264.55539193891457
2026-03-03 04:00:00,carrier_blind,257.55539193891457
2026-03-03 04:30:00,carrier_blind,254.55539193891457
2026-03-03 05:00:00,carrier_blind,253.6782760473301
2026-03-03 05:30:00,carrier_blind,256.15861530835605
2026-03-03 06:00:00,carrier_blind,261.6782760473301
2026-03-03 06:30:00,carrier_blind,263.6782760473301
2026-03-03 07:00:00,carrier_blind,266.2761834152949
2026-03-03 07:30:00,carrier_blind,268.0471587066736
2026-03-03 08:00:00,carrier_blind,270.0471587066736
2026-03-03 08:30:00,carrier_blind,243.0471587066736
2026-03-03 09:00:00,carrier_blind,259.0471587066736
2026-03-03 09:30:00,carrier_blind,264.0018408301447
2026-03-03 10:00:00,carrier_blind,262.0018408301447
2026-03-03 10:30:00,carrier_blind,253.7565226763208
2026-03-03 11:00:00,carrier_blind,248.27618341529487
2026-03-03 11:30:00,carrier_blind,343.52713751691346
2026-03-03 12:00:00,carrier_blind,226.525702237814
2026-03-03 12:30:00,carrier_blind,238.525702237814
2026-03-03 13:00:00,carrier_blind,229.8552990242098
2026-03-03 13:30:00,carrier_blind,176.27618341529487
2026-03-03 14:00:00,carrier_blind,256.0018408301447
2026-03-03 14:30:00,carrier_blind,269.4821800911707
2026-03-03 15:00:00,carrier_blind,272.0018408301447
2026-03-03 15:30:00,carrier_blind,272.0018408301447
2026-03-03 16:00:00,carrier_blind,272.0471587066736
2026-03-03 16:30:00,carrier_blind,251.00184083014477
2026-03-03 17:00:00,carrier_blind,192.00184083014477
2026-03-03 17:30:00,carrier_blind,214.00184083014477
2026-03-03 18:00:00,carrier_blind,259.0471587066736
2026-03-03 18:30:00,carrier_blind,262.0471587066736
2026-03-03 19:00:00,carrier_blind,256.0471587066736
2026-03-03 19:30:00,carrier_blind,254.0471587066736
2026-03-03 20:00:00,carrier_blind,251.0471587066736
2026-03-03 20:30:00,carrier_blind,258.0471587066736
2026-03-03 21:00:00,carrier_blind,264.0471587066736
2026-03-03 21:30:00,carrier_blind,268.0471587066736
2026-03-03 22:00:00,carrier_blind,272.0471587066736
2026-03-03 22:30:00,carrier_blind,274.0471587066736
2026-03-03 23:00:00,carrier_blind,276.0471587066736
2026-03-03 23:30:00,carrier_blind,259.0471587066736
2026-03-04 00:00:00,carrier_blind,229.0471587066736
2026-03-04 00:30:00,carrier_blind,216.0471587066736
2026-03-04 01:00:00,carrier_blind,272.2761834152949
2026-03-04 01:30:00,carrier_blind,282.2761834152949
2026-03-04 02:00:00,carrier_blind,285.40393346218
2026-03-04 02:30:00,carrier_blind,291.6782760473301
2026-03-04 03:00:00,carrier_blind,285.40393346218
2026-03-04 03:30:00,carrier_blind,281.40393346218
2026-03-04 04:00:00,carrier_blind,275.40393346218
2026-03-04 04:30:00,carrier_blind,275.40393346218
2026-03-04 05:00:00,carrier_blind,271.40393346218
2026-03-04 05:30:00,carrier_blind,273.40393346218
2026-03-04 06:00:00,carrier_blind,277.40393346218
2026-03-04 06:30:00,carrier_blind,280.0471587066736
2026-03-04 07:00:00,carrier_blind,284.2761834152949
2026-03-04 07:30:00,carrier_blind,294.0471587066736
2026-03-04 08:00:00,carrier_blind,293.7565226763208
2026-03-04 08:30:00,carrier_blind,268.2761834152949
2026-03-04 09:00:00,carrier_blind,288.2761834152949
2026-03-04 09:30:00,carrier_blind,294.2761834152949
2026-03-04 10:00:00,carrier_blind,298.2761834152949
2026-03-04 10:30:00,carrier_blind,300.2761834152949
2026-03-04 11:00:00,carrier_blind,284.2761834152949
2026-03-04 11:30:00,carrier_blind,416.4208918579864
2026-03-04 12:00:00,carrier_blind,275.40393346218
2026-03-04 12:30:00,carrier_blind,293.6782760473301
2026-03-04 13:00:00,carrier_blind,267.6782760473301
2026-03-04 13:30:00,carrier_blind,199.4492513387088
2026-03-04 14:00:00,carrier_blind,271.4492513387088
2026-03-04 14:30:00,carrier_blind,291.4492513387088
2026-03-04 15:00:00,carrier_blind,294.55539193891457
2026-03-04 15:30:00,carrier_blind,302.55539193891457
2026-03-04 16:00:00,carrier_blind,308.55539193891457
2026-03-04 16:30:00,carrier_blind,296.55539193891457
2026-03-04 17:00:00,carrier_blind,272.55539193891457
2026-03-04 17:30:00,carrier_blind,284.55539193891457
2026-03-04 18:00:00,carrier_blind,286.55539193891457
2026-03-04 18:30:00,carrier_blind,286.55539193891457
2026-03-04 19:00:00,carrier_blind,280.55539193891457
2026-03-04 19:30:00,carrier_blind,272.55539193891457
2026-03-04 20:00:00,carrier_blind,272.55539193891457
2026-03-04 20:30:00,carrier_blind,284.55539193891457
2026-03-04 21:00:00,carrier_blind,286.55539193891457
2026-03-04 21:30:00,carrier_blind,286.55539193891457
2026-03-04 22:00:00,carrier_blind,288.55539193891457
2026-03-04 22:30:00,carrier_blind,290.55539193891457
2026-03-04 23:00:00,carrier_blind,296.55539193891457
2026-03-04 23:30:00,carrier_blind,288.55539193891457
2026-03-05 00:00:00,carrier_blind,260.55539193891457
2026-03-05 00:30:00,carrier_blind,244.55539193891457
2026-03-05 01:00:00,carrier_blind,278.55539193891457
2026-03-05 01:30:00,carrier_blind,280.55539193891457
2026-03-05 02:00:00,carrier_blind,274.55539193891457
2026-03-05 02:30:00,carrier_blind,276.55539193891457
2026-03-05 03:00:00,carrier_blind,268.55539193891457
2026-03-05 03:30:00,carrier_blind,262.55539193891457
2026-03-05 04:00:00,carrier_blind,261.6782760473301
2026-03-05 04:30:00,carrier_blind,265.15861530835605
2026-03-05 05:00:00,carrier_blind,263.15861530835605
2026-03-05 05:30:00,carrier_blind,264.55539193891457
2026-03-05 06:00:00,carrier_blind,266.55539193891457
2026-03-05 06:30:00,carrier_blind,270.55539193891457
2026-03-05 07:00:00,carrier_blind,273.7565226763208
2026-03-05 07:30:00,carrier_blind,280.0471587066736
2026-03-05 08:00:00,carrier_blind,312.6024802480504
2026-03-05 08:30:00,carrier_blind,274.2761834152949
2026-03-05 09:00:00,carrier_blind,298.0471587066736
2026-03-05 09:30:00,carrier_blind,304.0471587066736
2026-03-05 10:00:00,carrier_blind,304.0471587066736
2026-03-05 10:30:00,carrier_blind,298.0471587066736
2026-03-05 11:00:00,carrier_blind,260.0471587066736
2026-03-05 11:30:00,carrier_blind,564.4208918579864
2026-03-05 12:00:00,carrier_blind,266.0471587066736
2026-03-05 12:30:00,carrier_blind,280.0471587066736
2026-03-05 13:00:00,carrier_blind,253.0471587066736
2026-03-05 13:30:00,carrier_blind,147.27618341529487
2026-03-05 14:00:00,carrier_blind,259.0471587066736
2026-03-05 14:30:00,carrier_blind,284.0471587066736
2026-03-05 15:00:00,carrier_blind,282.0471587066736
2026-03-05 15:30:00,carrier_blind,282.0471587066736
2026-03-05 16:00:00,carrier_blind,282.0471587066736
2026-03-05 16:30:00,carrier_blind,258.0471587066736
2026-03-05 17:00:00,carrier_blind,246.0471587066736
2026-03-05 17:30:00,carrier_blind,266.0471587066736
2026-03-05 18:00:00,carrier_blind,274.0471587066736
2026-03-05 18:30:00,carrier_blind,282.0471587066736
2026-03-05 19:00:00,carrier_blind,278.0471587066736
2026-03-05 19:30:00,carrier_blind,266.0471587066736
2026-03-05 20:00:00,carrier_blind,266.9908051852138
2026-03-05 20:30:00,carrier_blind,302.9485032231709
2026-03-05 21:00:00,carrier_blind,302.9908051852138
2026-03-05 21:30:00,carrier_blind,306.9485032231709
2026-03-05 22:00:00,carrier_blind,298.9908051852138
2026-03-05 22:30:00,carrier_blind,292.9908051852138
2026-03-05 23:00:00,carrier_blind,296.9908051852138
2026-03-05 23:30:00,carrier_blind,264.9908051852138
2026-03-06 00:00:00,carrier_blind,249.55539193891457
2026-03-06 00:30:00,carrier_blind,260.55539193891457
2026-03-06 01:00:00,carrier_blind,266.55539193891457
2026-03-06 01:30:00,carrier_blind,266.55539193891457
2026-03-06 02:00:00,carrier_blind,280.55539193891457
2026-03-06 02:30:00,carrier_blind,282.55539193891457
2026-03-06 03:00:00,carrier_blind,280.55539193891457
2026-03-06 03:30:00,carrier_blind,276.55539193891457
2026-03-06 04:00:00,carrier_blind,272.55539193891457
2026-03-06 04:30:00,carrier_blind,273.4492513387088
2026-03-06 05:00:00,carrier_blind,273.4492513387088
2026-03-06 05:30:00,carrier_blind,273.4492513387088
2026-03-06 06:00:00,carrier_blind,276.9598094667361
2026-03-06 06:30:00,carrier_blind,279.4492513387088
2026-03-06 07:00:00,carrier_blind,286.0471587066736
2026-03-06 07:30:00,carrier_blind,290.0471587066736
2026-03-06 08:00:00,carrier_blind,298.0471587066736
2026-03-06 08:30:00,carrier_blind,276.0471587066736
2026-03-06 09:00:00,carrier_blind,284.0471587066736
2026-03-06 09:30:00,carrier_blind,286.0471587066736
2026-03-06 10:00:00,carrier_blind,282.0471587066736
2026-03-06 10:30:00,carrier_blind,251.0471587066736
2026-03-06 11:00:00,carrier_blind,199.0471587066736
2026-03-06 11:30:00,carrier_blind,396.4208918579864
2026-03-06 12:00:00,carrier_blind,245.0471587066736
2026-03-06 12:30:00,carrier_blind,303.7175619202777
2026-03-06 13:00:00,carrier_blind,242.0471587066736
2026-03-06 13:30:00,carrier_blind,122.0471587066736
2026-03-06 14:00:00,carrier_blind,242.0471587066736
2026-03-06 14:30:00,carrier_blind,274.0471587066736
2026-03-06 15:00:00,carrier_blind,266.0471587066736
2026-03-06 15:30:00,carrier_blind,255.0471587066736
2026-03-06 16:00:00,carrier_blind,284.0471587066736
2026-03-06 16:30:00,carrier_blind,282.0471587066736
2026-03-06 17:00:00,carrier_blind,282.0471587066736
2026-03-06 17:30:00,carrier_blind,284.0471587066736
2026-03-06 18:00:00,carrier_blind,286.0471587066736
2026-03-06 18:30:00,carrier_blind,290.0471587066736
2026-03-06 19:00:00,carrier_blind,288.0471587066736
2026-03-06 19:30:00,carrier_blind,274.0471587066736
2026-03-06 20:00:00,carrier_blind,274.0471587066736
2026-03-06 20:30:00,carrier_blind,288.0471587066736
2026-03-06 21:00:00,carrier_blind,290.0471587066736
2026-03-06 21:30:00,carrier_blind,292.0471587066736
2026-03-06 22:00:00,carrier_blind,292.0471587066736
2026-03-06 22:30:00,carrier_blind,294.0471587066736
2026-03-06 23:00:00,carrier_blind,294.0471587066736
2026-03-06 23:30:00,carrier_blind,286.0471587066736
2026-03-07 00:00:00,carrier_blind,278.0471587066736
2026-03-07 00:30:00,carrier_blind,268.0471587066736
2026-03-07 01:00:00,carrier_blind,272.0471587066736
2026-03-07 01:30:00,carrier_blind,271.4492513387088
2026-03-07 02:00:00,carrier_blind,275.4492513387088
2026-03-07 02:30:00,carrier_blind,275.4492513387088
2026-03-07 03:00:00,carrier_blind,273.4492513387088
2026-03-07 03:30:00,carrier_blind,271.4492513387088
2026-03-07 04:00:00,carrier_blind,267.4492513387088
2026-03-07 04:30:00,carrier_blind,265.4492513387088
2026-03-07 05:00:00,carrier_blind,265.4492513387088
2026-03-07 05:30:00,carrier_blind,267.4492513387088
2026-03-07 06:00:00,carrier_blind,269.4492513387088
2026-03-07 06:30:00,carrier_blind,272.0471587066736
2026-03-07 07:00:00,carrier_blind,274.0471587066736
2026-03-07 07:30:00,carrier_blind,276.0471587066736
2026-03-07 08:00:00,carrier_blind,278.0471587066736
2026-03-07 08:30:00,carrier_blind,230.0471587066736
2026-03-07 09:00:00,carrier_blind,233.0471587066736
2026-03-07 09:30:00,carrier_blind,217.0471587066736
2026-03-07 10:00:00,carrier_blind,206.0471587066736
2026-03-07 10:30:00,carrier_blind,179.04715870667357
2026-03-07 11:00:00,carrier_blind,30.922158706673574
2026-03-07 11:30:00,carrier_blind,313.3241312125185
2026-03-07 12:00:00,carrier_blind,138.15861530835602
2026-03-07 12:30:00,carrier_blind,180.158615308356
2026-03-07 13:00:00,carrier_blind,173.4492513387088
2026-03-07 13:30:00,carrier_blind,-130.5507486612912
2026-03-07 14:00:00,carrier_blind,84.44925133870879
2026-03-07 14:30:00,carrier_blind,160.4492513387088
2026-03-07 15:00:00,carrier_blind,209.0471587066736
2026-03-07 15:30:00,carrier_blind,204.0471587066736
2026-03-07 16:00:00,carrier_blind,270.0471587066736
2026-03-07 16:30:00,carrier_blind,278.0471587066736
2026-03-07 17:00:00,carrier_blind,282.0471587066736
2026-03-07 17:30:00,carrier_blind,284.0471587066736
2026-03-07 18:00:00,carrier_blind,284.0471587066736
2026-03-07 18:30:00,carrier_blind,286.0048567446308
2026-03-07 19:00:00,carrier_blind,284.0471587066736
2026-03-07 19:30:00,carrier_blind,284.0471587066736
2026-03-07 20:00:00,carrier_blind,282.0471587066736
2026-03-07 20:30:00,carrier_blind,284.0471587066736
2026-03-07 21:00:00,carrier_blind,282.0471587066736
2026-03-07 21:30:00,carrier_blind,280.0471587066736
2026-03-07 22:00:00,carrier_blind,282.0471587066736
2026-03-07 22:30:00,carrier_blind,284.0471587066736
2026-03-07 23:00:00,carrier_blind,288.0471587066736
2026-03-07 23:30:00,carrier_blind,286.0471587066736
2026-03-08 00:00:00,carrier_blind,282.0471587066736
2026-03-08 00:30:00,carrier_blind,278.0471587066736
2026-03-08 01:00:00,carrier_blind,278.0471587066736
2026-03-08 01:30:00,carrier_blind,278.0471587066736
2026-03-08 02:00:00,carrier_blind,278.0471587066736
2026-03-08 02:30:00,carrier_blind,280.0471587066736
2026-03-08 03:00:00,carrier_blind,278.0471587066736
2026-03-08 03:30:00,carrier_blind,276.0471587066736
2026-03-08 04:00:00,carrier_blind,276.0471587066736
2026-03-08 04:30:00,carrier_blind,276.0471587066736
2026-03-08 05:00:00,carrier_blind,276.0471587066736
2026-03-08 05:30:00,carrier_blind,276.0471587066736
2026-03-08 06:00:00,carrier_blind,278.0471587066736
2026-03-08 06:30:00,carrier_blind,278.0471587066736
2026-03-08 07:00:00,carrier_blind,280.0471587066736
2026-03-08 07:30:00,carrier_blind,279.7175619202777
2026-03-08 08:00:00,carrier_blind,283.7175619202777
2026-03-08 08:30:00,carrier_blind,266.0471587066736
2026-03-08 09:00:00,carrier_blind,272.0471587066736
2026-03-08 09:30:00,carrier_blind,270.0471587066736
2026-03-08 10:00:00,carrier_blind,261.4492513387088
2026-03-08 10:30:00,carrier_blind,267.4492513387088
2026-03-08 11:00:00,carrier_blind,246.4492513387088
2026-03-08 11:30:00,carrier_blind,329.6421562665976
2026-03-08 12:00:00,carrier_blind,200.4492513387088
2026-03-08 12:30:00,carrier_blind,228.4492513387088
2026-03-08 13:00:00,carrier_blind,230.4492513387088
2026-03-08 13:30:00,carrier_blind,158.4492513387088
2026-03-08 14:00:00,carrier_blind,199.4492513387088
2026-03-08 14:30:00,carrier_blind,219.4492513387088
2026-03-08 15:00:00,carrier_blind,232.4492513387088
2026-03-08 15:30:00,carrier_blind,243.0471587066736
2026-03-08 16:00:00,carrier_blind,270.0471587066736
2026-03-08 16:30:00,carrier_blind,270.0471587066736
2026-03-08 17:00:00,carrier_blind,274.0471587066736
2026-03-08 17:30:00,carrier_blind,278.0471587066736
2026-03-08 18:00:00,carrier_blind,278.0471587066736
2026-03-08 18:30:00,carrier_blind,280.0471587066736
2026-03-08 19:00:00,carrier_blind,282.0471587066736
2026-03-08 19:30:00,carrier_blind,282.0471587066736
2026-03-08 20:00:00,carrier_blind,284.0471587066736
2026-03-08 20:30:00,carrier_blind,284.0471587066736
2026-03-08 21:00:00,carrier_blind,286.0471587066736
2026-03-08 21:30:00,carrier_blind,286.0471587066736
2026-03-08 22:00:00,carrier_blind,282.55539193891457
2026-03-08 22:30:00,carrier_blind,284.55539193891457
2026-03-08 23:00:00,carrier_blind,286.55539193891457
2026-03-08 23:30:00,carrier_blind,280.55539193891457
2026-03-09 00:00:00,carrier_blind,276.55539193891457
2026-03-09 00:30:00,carrier_blind,282.0471587066736
2026-03-09 01:00:00,carrier_blind,283.4492513387088
2026-03-09 01:30:00,carrier_blind,285.4492513387088
2026-03-09 02:00:00,carrier_blind,287.4492513387088
2026-03-09 02:30:00,carrier_blind,285.4492513387088
2026-03-09 03:00:00,carrier_blind,283.4492513387088
2026-03-09 03:30:00,carrier_blind,281.4492513387088
2026-03-09 04:00:00,carrier_blind,279.4492513387088
2026-03-09 04:30:00,carrier_blind,277.4492513387088
2026-03-09 05:00:00,carrier_blind,277.4492513387088
2026-03-09 05:30:00,carrier_blind,279.4492513387088
2026-03-09 06:00:00,carrier_blind,281.4492513387088
2026-03-09 06:30:00,carrier_blind,281.4492513387088
2026-03-09 07:00:00,carrier_blind,288.0471587066736
2026-03-09 07:30:00,carrier_blind,292.0471587066736
2026-03-09 08:00:00,carrier_blind,298.0471587066736
2026-03-09 08:30:00,carrier_blind,296.0471587066736
2026-03-09 09:00:00,carrier_blind,294.0471587066736
2026-03-09 09:30:00,carrier_blind,298.0471587066736
2026-03-09 10:00:00,carrier_blind,274.0471587066736
2026-03-09 10:30:00,carrier_blind,274.0471587066736
2026-03-09 11:00:00,carrier_blind,219.0471587066736
2026-03-09 11:30:00,carrier_blind,305.946586628899
2026-03-09 12:00:00,carrier_blind,40.04715870667358
2026-03-09 12:30:00,carrier_blind,122.5471587066736
2026-03-09 13:00:00,carrier_blind,99.5471587066736
2026-03-09 13:30:00,carrier_blind,-69.45284129332641
2026-03-09 14:00:00,carrier_blind,-16.452841293326422
2026-03-09 14:30:00,carrier_blind,121.5471587066736
2026-03-09 15:00:00,carrier_blind,224.0471587066736
2026-03-09 15:30:00,carrier_blind,249.0471587066736
2026-03-09 16:00:00,carrier_blind,325.6354062670744
2026-03-09 16:30:00,carrier_blind,284.0471587066736
2026-03-09 17:00:00,carrier_blind,286.0471587066736
2026-03-09 17:30:00,carrier_blind,288.0471587066736
2026-03-09 18:00:00,carrier_blind,288.0471587066736
2026-03-09 18:30:00,carrier_blind,292.0471587066736
2026-03-09 19:00:00,carrier_blind,294.0471587066736
2026-03-09 19:30:00,carrier_blind,294.0471587066736
2026-03-09 20:00:00,carrier_blind,294.0471587066736
2026-03-09 20:30:00,carrier_blind,294.0471587066736
2026-03-09 21:00:00,carrier_blind,296.0471587066736
2026-03-09 21:30:00,carrier_blind,298.0471587066736
2026-03-09 22:00:00,carrier_blind,300.0471587066736
2026-03-09 22:30:00,carrier_blind,304.0471587066736
2026-03-09 23:00:00,carrier_blind,309.7175619202777
2026-03-09 23:30:00,carrier_blind,302.0471587066736
2026-03-10 00:00:00,carrier_blind,294.0471587066736
2026-03-10 00:30:00,carrier_blind,280.0471587066736
2026-03-10 01:00:00,carrier_blind,276.0471587066736
2026-03-10 01:30:00,carrier_blind,276.0471587066736
2026-03-10 02:00:00,carrier_blind,278.0471587066736
2026-03-10 02:30:00,carrier_blind,278.0471587066736
2026-03-10 03:00:00,carrier_blind,278.0471587066736
2026-03-10 03:30:00,carrier_blind,276.0471587066736
2026-03-10 04:00:00,carrier_blind,276.0471587066736
2026-03-10 04:30:00,carrier_blind,276.0471587066736
2026-03-10 05:00:00,carrier_blind,276.0471587066736
2026-03-10 05:30:00,carrier_blind,276.0471587066736
2026-03-10 06:00:00,carrier_blind,278.0471587066736
2026-03-10 06:30:00,carrier_blind,280.0471587066736
2026-03-10 07:00:00,carrier_blind,284.0471587066736
2026-03-10 07:30:00,carrier_blind,284.0471587066736
2026-03-10 08:00:00,carrier_blind,284.0471587066736
2026-03-10 08:30:00,carrier_blind,205.0471587066736
2026-03-10 09:00:00,carrier_blind,194.0471587066736
2026-03-10 09:30:00,carrier_blind,179.04715870667357
2026-03-10 10:00:00,carrier_blind,127.9492513387088
2026-03-10 10:30:00,carrier_blind,162.4492513387088
2026-03-10 11:00:00,carrier_blind,45.19925133870879
2026-03-10 11:30:00,carrier_blind,203.6782760473301
2026-03-10 12:00:00,carrier_blind,-96.5507486612912
2026-03-10 12:30:00,carrier_blind,-107.32172395266991
2026-03-10 13:00:00,carrier_blind,-168.5507486612912
2026-03-10 13:30:00,carrier_blind,-219.5507486612912
2026-03-10 14:00:00,carrier_blind,-209.5507486612912
2026-03-10 14:30:00,carrier_blind,-139.5507486612912
2026-03-10 15:00:00,carrier_blind,26.82425133870879
2026-03-10 15:30:00,carrier_blind,98.0471587066736
2026-03-10 16:00:00,carrier_blind,236.0471587066736
2026-03-10 16:30:00,carrier_blind,262.0471587066736
2026-03-10 17:00:00,carrier_blind,274.0471587066736
2026-03-10 17:30:00,carrier_blind,276.0471587066736
2026-03-10 18:00:00,carrier_blind,278.0471587066736
2026-03-10 18:30:00,carrier_blind,286.0471587066736
2026-03-10 19:00:00,carrier_blind,292.0471587066736
2026-03-10 19:30:00,carrier_blind,290.0471587066736
2026-03-10 20:00:00,carrier_blind,286.0471587066736
2026-03-10 20:30:00,carrier_blind,290.0471587066736
2026-03-10 21:00:00,carrier_blind,292.0471587066736
2026-03-10 21:30:00,carrier_blind,294.0471587066736
2026-03-10 22:00:00,carrier_blind,296.0471587066736
2026-03-10 22:30:00,carrier_blind,298.0471587066736
2026-03-10 23:00:00,carrier_blind,302.0471587066736
2026-03-10 23:30:00,carrier_blind,296.0471587066736
2026-03-11 00:00:00,carrier_blind,288.0471587066736
2026-03-11 00:30:00,carrier_blind,294.0471587066736
2026-03-11 01:00:00,carrier_blind,292.0471587066736
2026-03-11 01:30:00,carrier_blind,292.0471587066736
2026-03-11 02:00:00,carrier_blind,292.0471587066736
2026-03-11 02:30:00,carrier_blind,294.0471587066736
2026-03-11 03:00:00,carrier_blind,292.0471587066736
2026-03-11 03:30:00,carrier_blind,288.0471587066736
2026-03-11 04:00:00,carrier_blind,284.0471587066736
2026-03-11 04:30:00,carrier_blind,284.0471587066736
2026-03-11 05:00:00,carrier_blind,284.0471587066736
2026-03-11 05:30:00,carrier_blind,286.0471587066736
2026-03-11 06:00:00,carrier_blind,290.0471587066736
2026-03-11 06:30:00,carrier_blind,300.0471587066736
2026-03-11 07:00:00,carrier_blind,315.6350424053517
2026-03-11 07:30:00,carrier_blind,313.28226596928187
2026-03-11 08:00:00,carrier_blind,312.9949711449289
2026-03-11 08:30:00,carrier_blind,235.0471587066736
2026-03-11 09:00:00,carrier_blind,235.0471587066736
2026-03-11 09:30:00,carrier_blind,194.4492513387088
2026-03-11 10:00:00,carrier_blind,105.9492513387088
2026-03-11 10:30:00,carrier_blind,77.94925133870879
2026-03-11 11:00:00,carrier_blind,-57.55074866129121
2026-03-11 11:30:00,carrier_blind,26.882391656245023
2026-03-11 12:00:00,carrier_blind,-164.5507486612912
2026-03-11 12:30:00,carrier_blind,-183.5507486612912
2026-03-11 13:00:00,carrier_blind,-197.5507486612912
2026-03-11 13:30:00,carrier_blind,-207.5507486612912
2026-03-11 14:00:00,carrier_blind,-197.5507486612912
2026-03-11 14:30:00,carrier_blind,-170.5507486612912
2026-03-11 15:00:00,carrier_blind,17.38675133870879
2026-03-11 15:30:00,carrier_blind,183.0471587066736
2026-03-11 16:00:00,carrier_blind,244.0471587066736
2026-03-11 16:30:00,carrier_blind,268.0471587066736
2026-03-11 17:00:00,carrier_blind,278.0471587066736
2026-03-11 17:30:00,carrier_blind,284.0471587066736
2026-03-11 18:00:00,carrier_blind,294.0471587066736
2026-03-11 18:30:00,carrier_blind,311.8134665829382
2026-03-11 19:00:00,carrier_blind,319.3899964378468
2026-03-11 19:30:00,carrier_blind,315.9571969354771
2026-03-11 20:00:00,carrier_blind,313.32456793132474
2026-03-11 20:30:00,carrier_blind,315.9571969354771
2026-03-11 21:00:00,carrier_blind,323.3899964378468
2026-03-11 21:30:00,carrier_blind,327.19953544440875
2026-03-11 22:00:00,carrier_blind,327.19953544440875
2026-03-11 22:30:00,carrier_blind,327.19953544440875
2026-03-11 23:00:00,carrier_blind,329.19953544440875
2026-03-11 23:30:00,carrier_blind,316.9359532914553
2026-03-12 00:00:00,carrier_blind,306.0471587066736
2026-03-12 00:30:00,carrier_blind,290.0471587066736
2026-03-12 01:00:00,carrier_blind,290.0471587066736
2026-03-12 01:30:00,carrier_blind,292.0471587066736
2026-03-12 02:00:00,carrier_blind,288.0471587066736
2026-03-12 02:30:00,carrier_blind,288.0471587066736
2026-03-12 03:00:00,carrier_blind,284.0471587066736
2026-03-12 03:30:00,carrier_blind,282.0471587066736
2026-03-12 04:00:00,carrier_blind,278.0471587066736
2026-03-12 04:30:00,carrier_blind,278.0471587066736
2026-03-12 05:00:00,carrier_blind,276.0471587066736
2026-03-12 05:30:00,carrier_blind,276.0471587066736
2026-03-12 06:00:00,carrier_blind,280.0471587066736
2026-03-12 06:30:00,carrier_blind,296.0471587066736
2026-03-12 07:00:00,carrier_blind,317.3899964378468
2026-03-12 07:30:00,carrier_blind,309.7175619202777
2026-03-12 08:00:00,carrier_blind,294.85529902420984
2026-03-12 08:30:00,carrier_blind,228.0471587066736
2026-03-12 09:00:00,carrier_blind,228.0471587066736
2026-03-12 09:30:00,carrier_blind,225.0471587066736
2026-03-12 10:00:00,carrier_blind,168.4492513387088
2026-03-12 10:30:00,carrier_blind,132.4492513387088
2026-03-12 11:00:00,carrier_blind,1.8711263387087924
2026-03-12 11:30:00,carrier_blind,122.40393346217996
2026-03-12 12:00:00,carrier_blind,-129.5507486612912
2026-03-12 12:30:00,carrier_blind,-135.5507486612912
2026-03-12 13:00:00,carrier_blind,-141.5507486612912
2026-03-12 13:30:00,carrier_blind,-138.5507486612912
2026-03-12 14:00:00,carrier_blind,-135.5507486612912
2026-03-12 14:30:00,carrier_blind,-120.5507486612912
2026-03-12 15:00:00,carrier_blind,177.4492513387088
2026-03-12 15:30:00,carrier_blind,270.0471587066736
2026-03-12 16:00:00,carrier_blind,280.0471587066736
2026-03-12 16:30:00,carrier_blind,284.0471587066736
2026-03-12 17:00:00,carrier_blind,288.0471587066736
2026-03-12 17:30:00,carrier_blind,290.0471587066736
2026-03-12 18:00:00,carrier_blind,302.0471587066736
2026-03-12 18:30:00,carrier_blind,321.3899964378468
2026-03-12 19:00:00,carrier_blind,329.19953544440875
2026-03-12 19:30:00,carrier_blind,319.3899964378468
2026-03-12 20:00:00,carrier_blind,310.0471587066736
2026-03-12 20:30:00,carrier_blind,313.9571969354771
2026-03-12 21:00:00,carrier_blind,317.3899964378468
2026-03-12 21:30:00,carrier_blind,313.9571969354771
2026-03-12 22:00:00,carrier_blind,315.9571969354771
2026-03-12 22:30:00,carrier_blind,319.3899964378468
2026-03-12 23:00:00,carrier_blind,321.3899964378468
2026-03-12 23:30:00,carrier_blind,304.0471587066736
2026-03-13 00:00:00,carrier_blind,284.0471587066736
2026-03-13 00:30:00,carrier_blind,266.0471587066736
2026-03-13 01:00:00,carrier_blind,266.0471587066736
2026-03-13 01:30:00,carrier_blind,268.0471587066736
2026-03-13 02:00:00,carrier_blind,266.0471587066736
2026-03-13 02:30:00,carrier_blind,268.0471587066736
2026-03-13 03:00:00,carrier_blind,268.0471587066736
2026-03-13 03:30:00,carrier_blind,268.0471587066736
2026-03-13 04:00:00,carrier_blind,264.0471587066736
2026-03-13 04:30:00,carrier_blind,264.0471587066736
2026-03-13 05:00:00,carrier_blind,266.0471587066736
2026-03-13 05:30:00,carrier_blind,268.0471587066736
2026-03-13 06:00:00,carrier_blind,274.0471587066736
2026-03-13 06:30:00,carrier_blind,290.0471587066736
2026-03-13 07:00:00,carrier_blind,308.0471587066736
2026-03-13 07:30:00,carrier_blind,286.0471587066736
2026-03-13 08:00:00,carrier_blind,278.0471587066736
2026-03-13 08:30:00,carrier_blind,194.0471587066736
2026-03-13 09:00:00,carrier_blind,187.0471587066736
2026-03-13 09:30:00,carrier_blind,137.4492513387088
2026-03-13 10:00:00,carrier_blind,-5.613248661291207
2026-03-13 10:30:00,carrier_blind,-137.5507486612912
2026-03-13 11:00:00,carrier_blind,-194.5507486612912
2026-03-13 11:30:00,carrier_blind,-198.5507486612912
2026-03-13 12:00:00,carrier_blind,-212.5507486612912
2026-03-13 12:30:00,carrier_blind,-201.5507486612912
2026-03-13 13:00:00,carrier_blind,-201.5507486612912
2026-03-13 13:30:00,carrier_blind,-208.5507486612912
2026-03-13 14:00:00,carrier_blind,-205.5507486612912
2026-03-13 14:30:00,carrier_blind,-194.5507486612912
2026-03-13 15:00:00,carrier_blind,38.44925133870879
2026-03-13 15:30:00,carrier_blind,244.4492513387088
2026-03-13 16:00:00,carrier_blind,260.2761834152949
2026-03-13 16:30:00,carrier_blind,268.0471587066736
2026-03-13 17:00:00,carrier_blind,278.0471587066736
2026-03-13 17:30:00,carrier_blind,282.0471587066736
2026-03-13 18:00:00,carrier_blind,286.0471587066736
2026-03-13 18:30:00,carrier_blind,309.7175619202777
2026-03-13 19:00:00,carrier_blind,317.3899964378468
2026-03-13 19:30:00,carrier_blind,311.32456793132474
2026-03-13 20:00:00,carrier_blind,303.7175619202777
2026-03-13 20:30:00,carrier_blind,310.9949711449289
2026-03-13 21:00:00,carrier_blind,315.9571969354771
2026-03-13 21:30:00,carrier_blind,313.9571969354771
2026-03-13 22:00:00,carrier_blind,315.9571969354771
2026-03-13 22:30:00,carrier_blind,319.3899964378468
2026-03-13 23:00:00,carrier_blind,325.19953544440875
2026-03-13 23:30:00,carrier_blind,310.0471587066736
2026-03-14 00:00:00,carrier_blind,290.0471587066736
2026-03-14 00:30:00,carrier_blind,282.0471587066736
2026-03-14 01:00:00,carrier_blind,278.0471587066736
2026-03-14 01:30:00,carrier_blind,276.0471587066736
2026-03-14 02:00:00,carrier_blind,272.0471587066736
2026-03-14 02:30:00,carrier_blind,272.0471587066736
2026-03-14 03:00:00,carrier_blind,274.0471587066736
2026-03-14 03:30:00,carrier_blind,272.0471587066736
2026-03-14 04:00:00,carrier_blind,268.0471587066736
2026-03-14 04:30:00,carrier_blind,268.0471587066736
2026-03-14 05:00:00,carrier_blind,268.0471587066736
2026-03-14 05:30:00,carrier_blind,270.0471587066736
2026-03-14 06:00:00,carrier_blind,272.0471587066736
2026-03-14 06:30:00,carrier_blind,282.0471587066736
2026-03-14 07:00:00,carrier_blind,297.7175619202777
2026-03-14 07:30:00,carrier_blind,298.20193534078624
2026-03-14 08:00:00,carrier_blind,292.0471587066736
2026-03-14 08:30:00,carrier_blind,215.0471587066736
2026-03-14 09:00:00,carrier_blind,239.0471587066736
2026-03-14 09:30:00,carrier_blind,253.4492513387088
2026-03-14 10:00:00,carrier_blind,244.4492513387088
2026-03-14 10:30:00,carrier_blind,143.4492513387088
2026-03-14 11:00:00,carrier_blind,-112.5507486612912
2026-03-14 11:30:00,carrier_blind,-121.0507486612912
2026-03-14 12:00:00,carrier_blind,-144.5507486612912
2026-03-14 12:30:00,carrier_blind,-138.5507486612912
2026-03-14 13:00:00,carrier_blind,-139.0091948147862
2026-03-14 13:30:00,carrier_blind,-151.0091948147862
2026-03-14 14:00:00,carrier_blind,-153.5507486612912
2026-03-14 14:30:00,carrier_blind,-147.5507486612912
2026-03-14 15:00:00,carrier_blind,184.4492513387088
2026-03-14 15:30:00,carrier_blind,269.4492513387088
2026-03-14 16:00:00,carrier_blind,274.0471587066736
2026-03-14 16:30:00,carrier_blind,294.0471587066736
2026-03-14 17:00:00,carrier_blind,302.0471587066736
2026-03-14 17:30:00,carrier_blind,292.0471587066736
2026-03-14 18:00:00,carrier_blind,292.0471587066736
2026-03-14 18:30:00,carrier_blind,308.20193534078624
2026-03-14 19:00:00,carrier_blind,313.6554148025849
2026-03-14 19:30:00,carrier_blind,304.0048567446308
2026-03-14 20:00:00,carrier_blind,294.0471587066736
2026-03-14 20:30:00,carrier_blind,300.0048567446308
2026-03-14 21:00:00,carrier_blind,304.0471587066736
2026-03-14 21:30:00,carrier_blind,300.0471587066736
2026-03-14 22:00:00,carrier_blind,302.0471587066736
2026-03-14 22:30:00,carrier_blind,313.28226596928187
2026-03-14 23:00:00,carrier_blind,317.5660666749943
2026-03-14 23:30:00,carrier_blind,302.0471587066736
2026-03-15 00:00:00,carrier_blind,288.0471587066736
2026-03-01 00:30:00,physical_congestion_gate,220.9685327737372
2026-03-01 01:00:00,physical_congestion_gate,263.4890712935825
2026-03-01 01:30:00,physical_congestion_gate,269.3131783739742
2026-03-01 02:00:00,physical_congestion_gate,273.1381727467743
2026-03-01 02:30:00,physical_congestion_gate,283.1358044214591
2026-03-01 03:00:00,physical_congestion_gate,279.13651767070775
2026-03-01 03:30:00,physical_congestion_gate,273.1337725533262
2026-03-01 04:00:00,physical_congestion_gate,266.6150146951922
2026-03-01 04:30:00,physical_congestion_gate,264.61606835281185
2026-03-01 05:00:00,physical_congestion_gate,264.7443857421105
2026-03-01 05:30:00,physical_congestion_gate,266.7893014927537
2026-03-01 06:00:00,physical_congestion_gate,270.83612542192736
2026-03-01 06:30:00,physical_congestion_gate,268.98811152407325
2026-03-01 07:00:00,physical_congestion_gate,265.6212281508145
2026-03-01 07:30:00,physical_congestion_gate,261.558129365365
2026-03-01 08:00:00,physical_congestion_gate,268.8412888206799
2026-03-01 08:30:00,physical_congestion_gate,242.61482703415905
2026-03-01 09:00:00,physical_congestion_gate,248.03133230119187
2026-03-01 09:30:00,physical_congestion_gate,247.81185849863832
2026-03-01 10:00:00,physical_congestion_gate,251.7089970259097
2026-03-01 10:30:00,physical_congestion_gate,245.956039798828
2026-03-01 11:00:00,physical_congestion_gate,237.92367533489588
2026-03-01 11:30:00,physical_congestion_gate,291.8955192367198
2026-03-01 12:00:00,physical_congestion_gate,233.0570294897904
2026-03-01 12:30:00,physical_congestion_gate,235.6872260376796
2026-03-01 13:00:00,physical_congestion_gate,145.6023976929006
2026-03-01 13:30:00,physical_congestion_gate,132.57131834634134
2026-03-01 14:00:00,physical_congestion_gate,240.68047963329323
2026-03-01 14:30:00,physical_congestion_gate,254.9900395777
2026-03-01 15:00:00,physical_congestion_gate,262.2243687064347
2026-03-01 15:30:00,physical_congestion_gate,275.18690379536525
2026-03-01 16:00:00,physical_congestion_gate,271.0717034547916
2026-03-01 16:30:00,physical_congestion_gate,238.0130729784642
2026-03-01 17:00:00,physical_congestion_gate,213.5787893682553
2026-03-01 17:30:00,physical_congestion_gate,218.9089013959604
2026-03-01 18:00:00,physical_congestion_gate,240.1886933903548
2026-03-01 18:30:00,physical_congestion_gate,249.91156060685805
2026-03-01 19:00:00,physical_congestion_gate,250.8837686228871
2026-03-01 19:30:00,physical_congestion_gate,245.96490306573756
2026-03-01 20:00:00,physical_congestion_gate,237.85116429201508
2026-03-01 20:30:00,physical_congestion_gate,248.9442589307376
2026-03-01 21:00:00,physical_congestion_gate,252.8838304881128
2026-03-01 21:30:00,physical_congestion_gate,257.8803273509076
2026-03-01 22:00:00,physical_congestion_gate,263.0365383608484
2026-03-01 22:30:00,physical_congestion_gate,267.0677579340255
2026-03-01 23:00:00,physical_congestion_gate,272.90531701278775
2026-03-01 23:30:00,physical_congestion_gate,258.55499505044247
2026-03-02 00:00:00,physical_congestion_gate,244.53647358952165
2026-03-02 00:30:00,physical_congestion_gate,245.34534257416837
2026-03-02 01:00:00,physical_congestion_gate,285.2370013355072
2026-03-02 01:30:00,physical_congestion_gate,286.9201807710315
2026-03-02 02:00:00,physical_congestion_gate,288.7237359874915
2026-03-02 02:30:00,physical_congestion_gate,298.6058692717391
2026-03-02 03:00:00,physical_congestion_gate,294.6522249183667
2026-03-02 03:30:00,physical_congestion_gate,290.77428383846313
2026-03-02 04:00:00,physical_congestion_gate,286.8970138343412
2026-03-02 04:30:00,physical_congestion_gate,284.9215250804969
2026-03-02 05:00:00,physical_congestion_gate,283.0802585307471
2026-03-02 05:30:00,physical_congestion_gate,285.071192112326
2026-03-02 06:00:00,physical_congestion_gate,287.1533126422511
2026-03-02 06:30:00,physical_congestion_gate,287.2432173611201
2026-03-02 07:00:00,physical_congestion_gate,287.63401962384125
2026-03-02 07:30:00,physical_congestion_gate,287.73184113488617
2026-03-02 08:00:00,physical_congestion_gate,287.28393738875315
2026-03-02 08:30:00,physical_congestion_gate,252.58008003678376
2026-03-02 09:00:00,physical_congestion_gate,270.13188839026606
2026-03-02 09:30:00,physical_congestion_gate,280.00281700568365
2026-03-02 10:00:00,physical_congestion_gate,281.97167061227304
2026-03-02 10:30:00,physical_congestion_gate,262.08008430272577
2026-03-02 11:00:00,physical_congestion_gate,262.0039739928161
2026-03-02 11:30:00,physical_congestion_gate,334.8788122325968
2026-03-02 12:00:00,physical_congestion_gate,260.64651003656166
2026-03-02 12:30:00,physical_congestion_gate,284.1080015068118
2026-03-02 13:00:00,physical_congestion_gate,255.11586395345697
2026-03-02 13:30:00,physical_congestion_gate,241.1534312522489
2026-03-02 14:00:00,physical_congestion_gate,276.21205137110684
2026-03-02 14:30:00,physical_congestion_gate,282.2018875478559
2026-03-02 15:00:00,physical_congestion_gate,290.2546597480682
2026-03-02 15:30:00,physical_congestion_gate,296.1697809422359
2026-03-02 16:00:00,physical_congestion_gate,287.02274838873353
2026-03-02 16:30:00,physical_congestion_gate,276.7003478632653
2026-03-02 17:00:00,physical_congestion_gate,268.7399147106854
2026-03-02 17:30:00,physical_congestion_gate,271.000668226414
2026-03-02 18:00:00,physical_congestion_gate,277.2138821855437
2026-03-02 18:30:00,physical_congestion_gate,281.23985202006253
2026-03-02 19:00:00,physical_congestion_gate,279.2435565556053
2026-03-02 19:30:00,physical_congestion_gate,279.37066737269663
2026-03-02 20:00:00,physical_congestion_gate,279.1292566463963
2026-03-02 20:30:00,physical_congestion_gate,283.0787959489207
2026-03-02 21:00:00,physical_congestion_gate,287.1923813202541
2026-03-02 21:30:00,physical_congestion_gate,287.35399364817243
2026-03-02 22:00:00,physical_congestion_gate,289.27421038157087
2026-03-02 22:30:00,physical_congestion_gate,291.2281284088874
2026-03-02 23:00:00,physical_congestion_gate,293.3725234256229
2026-03-02 23:30:00,physical_congestion_gate,289.5473790417161
2026-03-03 00:00:00,physical_congestion_gate,277.61584315258955
2026-03-03 00:30:00,physical_congestion_gate,163.20684697267956
2026-03-03 01:00:00,physical_congestion_gate,237.4045967940671
2026-03-03 01:30:00,physical_congestion_gate,239.91843665271472
2026-03-03 02:00:00,physical_congestion_gate,253.6916414691279
2026-03-03 02:30:00,physical_congestion_gate,274.8298765265362
2026-03-03 03:00:00,physical_congestion_gate,268.5816113759625
2026-03-03 03:30:00,physical_congestion_gate,264.35643825302634
2026-03-03 04:00:00,physical_congestion_gate,257.30748730410323
2026-03-03 04:30:00,physical_congestion_gate,254.32491626584425
2026-03-03 05:00:00,physical_congestion_gate,253.13014801421235
2026-03-03 05:30:00,physical_congestion_gate,255.89099193503495
2026-03-03 06:00:00,physical_congestion_gate,260.887808193938
2026-03-03 06:30:00,physical_congestion_gate,263.13523855559515
2026-03-03 07:00:00,physical_congestion_gate,265.3456962538013
2026-03-03 07:30:00,physical_congestion_gate,267.4575097015123
2026-03-03 08:00:00,physical_congestion_gate,269.181792826799
2026-03-03 08:30:00,physical_congestion_gate,242.12489468319723
2026-03-03 09:00:00,physical_congestion_gate,258.2781820326785
2026-03-03 09:30:00,physical_congestion_gate,262.86967387256846
2026-03-03 10:00:00,physical_congestion_gate,261.0956782323214
2026-03-03 10:30:00,physical_congestion_gate,253.18148235785307
2026-03-03 11:00:00,physical_congestion_gate,247.29207013208296
2026-03-03 11:30:00,physical_congestion_gate,343.9476630862637
2026-03-03 12:00:00,physical_congestion_gate,226.0791566397765
2026-03-03 12:30:00,physical_congestion_gate,238.07946477634255
2026-03-03 13:00:00,physical_congestion_gate,229.68204635695204
2026-03-03 13:30:00,physical_congestion_gate,175.57866964064178
2026-03-03 14:00:00,physical_congestion_gate,255.30842255789847
2026-03-03 14:30:00,physical_congestion_gate,269.15035087167263
2026-03-03 15:00:00,physical_congestion_gate,271.34781450460184
2026-03-03 15:30:00,physical_congestion_gate,271.3636999319918
2026-03-03 16:00:00,physical_congestion_gate,271.24613953159457
2026-03-03 16:30:00,physical_congestion_gate,250.04072237103964
2026-03-03 17:00:00,physical_congestion_gate,190.94062290797245
2026-03-03 17:30:00,physical_congestion_gate,212.8914872468982
2026-03-03 18:00:00,physical_congestion_gate,258.35019801435874
2026-03-03 18:30:00,physical_congestion_gate,261.37764144899614
2026-03-03 19:00:00,physical_congestion_gate,255.3851472048767
2026-03-03 19:30:00,physical_congestion_gate,253.3455758417704
2026-03-03 20:00:00,physical_congestion_gate,250.1911137749231
2026-03-03 20:30:00,physical_congestion_gate,257.21130325239784
2026-03-03 21:00:00,physical_congestion_gate,263.17026172742635
2026-03-03 21:30:00,physical_congestion_gate,267.0069557770016
2026-03-03 22:00:00,physical_congestion_gate,271.7401487654258
2026-03-03 22:30:00,physical_congestion_gate,273.69153741441755
2026-03-03 23:00:00,physical_congestion_gate,275.68357792836133
2026-03-03 23:30:00,physical_congestion_gate,258.8137939716567
2026-03-04 00:00:00,physical_congestion_gate,228.52810211035347
2026-03-04 00:30:00,physical_congestion_gate,215.54991270076437
2026-03-04 01:00:00,physical_congestion_gate,271.8194415977963
2026-03-04 01:30:00,physical_congestion_gate,281.7430982455203
2026-03-04 02:00:00,physical_congestion_gate,284.9964224543018
2026-03-04 02:30:00,physical_congestion_gate,291.30069703313825
2026-03-04 03:00:00,physical_congestion_gate,285.05276666749546
2026-03-04 03:30:00,physical_congestion_gate,281.1029913694609
2026-03-04 04:00:00,physical_congestion_gate,275.1268926495495
2026-03-04 04:30:00,physical_congestion_gate,275.14157807583376
2026-03-04 05:00:00,physical_congestion_gate,271.203482501886
2026-03-04 05:30:00,physical_congestion_gate,273.1961955106365
2026-03-04 06:00:00,physical_congestion_gate,277.1974018958004
2026-03-04 06:30:00,physical_congestion_gate,279.884691278132
2026-03-04 07:00:00,physical_congestion_gate,283.9896855656652
2026-03-04 07:30:00,physical_congestion_gate,293.5082502633647
2026-03-04 08:00:00,physical_congestion_gate,293.1460530037113
2026-03-04 08:30:00,physical_congestion_gate,267.23723284732614
2026-03-04 09:00:00,physical_congestion_gate,287.19467693918205
2026-03-04 09:30:00,physical_congestion_gate,293.2698587364324
2026-03-04 10:00:00,physical_congestion_gate,297.007068554858
2026-03-04 10:30:00,physical_congestion_gate,298.9043932440999
2026-03-04 11:00:00,physical_congestion_gate,283.0284344268937
2026-03-04 11:30:00,physical_congestion_gate,417.32350982524383
2026-03-04 12:00:00,physical_congestion_gate,274.6851085675189
2026-03-04 12:30:00,physical_congestion_gate,292.7189749600177
2026-03-04 13:00:00,physical_congestion_gate,267.09704388729
2026-03-04 13:30:00,physical_congestion_gate,199.12209175051493
2026-03-04 14:00:00,physical_congestion_gate,270.91111988937394
2026-03-04 14:30:00,physical_congestion_gate,290.7242360631294
2026-03-04 15:00:00,physical_congestion_gate,294.16821924503586
2026-03-04 15:30:00,physical_congestion_gate,302.1575261875744
2026-03-04 16:00:00,physical_congestion_gate,308.21073003095324
2026-03-04 16:30:00,physical_congestion_gate,296.30669399143443
2026-03-04 17:00:00,physical_congestion_gate,272.37078753722045
2026-03-04 17:30:00,physical_congestion_gate,284.416087055882
2026-03-04 18:00:00,physical_congestion_gate,286.4305238918534
2026-03-04 18:30:00,physical_congestion_gate,286.4410150822045
2026-03-04 19:00:00,physical_congestion_gate,280.0652523235669
2026-03-04 19:30:00,physical_congestion_gate,272.446571859646
2026-03-04 20:00:00,physical_congestion_gate,272.4276232089892
2026-03-04 20:30:00,physical_congestion_gate,283.7013181580152
2026-03-04 21:00:00,physical_congestion_gate,286.4301377272922
2026-03-04 21:30:00,physical_congestion_gate,286.2470507671146
2026-03-04 22:00:00,physical_congestion_gate,288.2043298495892
2026-03-04 22:30:00,physical_congestion_gate,290.26085794151976
2026-03-04 23:00:00,physical_congestion_gate,296.416202417065
2026-03-04 23:30:00,physical_congestion_gate,288.324005719203
2026-03-05 00:00:00,physical_congestion_gate,260.40239856133985
2026-03-05 00:30:00,physical_congestion_gate,244.33996833925988
2026-03-05 01:00:00,physical_congestion_gate,278.1156891271352
2026-03-05 01:30:00,physical_congestion_gate,280.14225942373054
2026-03-05 02:00:00,physical_congestion_gate,274.1222625903557
2026-03-05 02:30:00,physical_congestion_gate,276.17207218256334
2026-03-05 03:00:00,physical_congestion_gate,268.11478999926334
2026-03-05 03:30:00,physical_congestion_gate,262.2523824405972
2026-03-05 04:00:00,physical_congestion_gate,260.92997240550034
2026-03-05 04:30:00,physical_congestion_gate,264.6232512036312
2026-03-05 05:00:00,physical_congestion_gate,262.6671556139172
2026-03-05 05:30:00,physical_congestion_gate,264.33361181659814
2026-03-05 06:00:00,physical_congestion_gate,266.37061722288206
2026-03-05 06:30:00,physical_congestion_gate,270.39348785027704
2026-03-05 07:00:00,physical_congestion_gate,272.9424506371024
2026-03-05 07:30:00,physical_congestion_gate,279.4590515365667
2026-03-05 08:00:00,physical_congestion_gate,313.1769622477641
2026-03-05 08:30:00,physical_congestion_gate,273.0177060956933
2026-03-05 09:00:00,physical_congestion_gate,297.2690262165277
2026-03-05 09:30:00,physical_congestion_gate,303.2284902698718
2026-03-05 10:00:00,physical_congestion_gate,303.22179517897644
2026-03-05 10:30:00,physical_congestion_gate,297.2764000286272
2026-03-05 11:00:00,physical_congestion_gate,259.2093019547389
2026-03-05 11:30:00,physical_congestion_gate,565.843929466364
2026-03-05 12:00:00,physical_congestion_gate,265.3156707426835
2026-03-05 12:30:00,physical_congestion_gate,279.3433545530427
2026-03-05 13:00:00,physical_congestion_gate,252.30262298841356
2026-03-05 13:30:00,physical_congestion_gate,145.9917478882715
2026-03-05 14:00:00,physical_congestion_gate,258.39021687487025
2026-03-05 14:30:00,physical_congestion_gate,283.3649933510987
2026-03-05 15:00:00,physical_congestion_gate,281.3187882649643
2026-03-05 15:30:00,physical_congestion_gate,281.14268205552264
2026-03-05 16:00:00,physical_congestion_gate,281.42857641288015
2026-03-05 16:30:00,physical_congestion_gate,257.2462415713793
2026-03-05 17:00:00,physical_congestion_gate,245.72263722819272
2026-03-05 17:30:00,physical_congestion_gate,265.6204761156369
2026-03-05 18:00:00,physical_congestion_gate,273.6164568711232
2026-03-05 18:30:00,physical_congestion_gate,281.6821382426669
2026-03-05 19:00:00,physical_congestion_gate,277.6091231192425
2026-03-05 19:30:00,physical_congestion_gate,265.56091345236786
2026-03-05 20:00:00,physical_congestion_gate,267.23747251741685
2026-03-05 20:30:00,physical_congestion_gate,302.99151156670524
2026-03-05 21:00:00,physical_congestion_gate,302.94515134324183
2026-03-05 21:30:00,physical_congestion_gate,306.983029424064
2026-03-05 22:00:00,physical_congestion_gate,299.22923482397624
2026-03-05 22:30:00,physical_congestion_gate,293.23154236218966
2026-03-05 23:00:00,physical_congestion_gate,297.1856083210692
2026-03-05 23:30:00,physical_congestion_gate,265.18545434170534
2026-03-06 00:00:00,physical_congestion_gate,249.95553893718775
2026-03-06 00:30:00,physical_congestion_gate,260.6582997727617
2026-03-06 01:00:00,physical_congestion_gate,266.66930865516525
2026-03-06 01:30:00,physical_congestion_gate,266.6833914831768
2026-03-06 02:00:00,physical_congestion_gate,280.6816899089344
2026-03-06 02:30:00,physical_congestion_gate,282.6754781909669
2026-03-06 03:00:00,physical_congestion_gate,280.67941342784746
2026-03-06 03:30:00,physical_congestion_gate,276.67096541656616
2026-03-06 04:00:00,physical_congestion_gate,272.66527241178227
2026-03-06 04:30:00,physical_congestion_gate,273.41680595541004
2026-03-06 05:00:00,physical_congestion_gate,273.420072754462
2026-03-06 05:30:00,physical_congestion_gate,273.4160973899821
2026-03-06 06:00:00,physical_congestion_gate,276.80140299266407
2026-03-06 06:30:00,physical_congestion_gate,279.0054313849656
2026-03-06 07:00:00,physical_congestion_gate,285.37692040868194
2026-03-06 07:30:00,physical_congestion_gate,289.3797146685011
2026-03-06 08:00:00,physical_congestion_gate,297.3077023343022
2026-03-06 08:30:00,physical_congestion_gate,275.4015094076238
2026-03-06 09:00:00,physical_congestion_gate,283.45366031624377
2026-03-06 09:30:00,physical_congestion_gate,285.30607516588407
2026-03-06 10:00:00,physical_congestion_gate,281.42206610963746
2026-03-06 10:30:00,physical_congestion_gate,250.425692093243
2026-03-06 11:00:00,physical_congestion_gate,198.67108096937775
2026-03-06 11:30:00,physical_congestion_gate,397.113858308335
2026-03-06 12:00:00,physical_congestion_gate,244.47467818159728
2026-03-06 12:30:00,physical_congestion_gate,302.80191525227053
2026-03-06 13:00:00,physical_congestion_gate,241.2900991899324
2026-03-06 13:30:00,physical_congestion_gate,121.69591120696884
2026-03-06 14:00:00,physical_congestion_gate,241.7775730745095
2026-03-06 14:30:00,physical_congestion_gate,273.4690802019397
2026-03-06 15:00:00,physical_congestion_gate,265.24521412848054
2026-03-06 15:30:00,physical_congestion_gate,254.62169793235995
2026-03-06 16:00:00,physical_congestion_gate,283.63108560921125
2026-03-06 16:30:00,physical_congestion_gate,281.4035710394064
2026-03-06 17:00:00,physical_congestion_gate,281.527332657923
2026-03-06 17:30:00,physical_congestion_gate,283.645098250385
2026-03-06 18:00:00,physical_congestion_gate,285.38037692420994
2026-03-06 18:30:00,physical_congestion_gate,289.4210894628213
2026-03-06 19:00:00,physical_congestion_gate,287.3884769109297
2026-03-06 19:30:00,physical_congestion_gate,273.4093780461245
2026-03-06 20:00:00,physical_congestion_gate,273.38184555639083
2026-03-06 20:30:00,physical_congestion_gate,287.4053070884862
2026-03-06 21:00:00,physical_congestion_gate,289.35831041841107
2026-03-06 21:30:00,physical_congestion_gate,291.4934214425341
2026-03-06 22:00:00,physical_congestion_gate,291.4475249595003
2026-03-06 22:30:00,physical_congestion_gate,293.6638405917064
2026-03-06 23:00:00,physical_congestion_gate,293.6335357131012
2026-03-06 23:30:00,physical_congestion_gate,285.63877095107745
2026-03-07 00:00:00,physical_congestion_gate,277.6393654832532
2026-03-07 00:30:00,physical_congestion_gate,267.3299697621767
2026-03-07 01:00:00,physical_congestion_gate,271.25089861142703
2026-03-07 01:30:00,physical_congestion_gate,270.93216200400985
2026-03-07 02:00:00,physical_congestion_gate,274.78903690921555
2026-03-07 02:30:00,physical_congestion_gate,274.8124239300233
2026-03-07 03:00:00,physical_congestion_gate,272.8108910120616
2026-03-07 03:30:00,physical_congestion_gate,271.0903877797123
2026-03-07 04:00:00,physical_congestion_gate,267.1930471885568
2026-03-07 04:30:00,physical_congestion_gate,265.19046558641946
2026-03-07 05:00:00,physical_congestion_gate,265.2109017965078
2026-03-07 05:30:00,physical_congestion_gate,267.2375566937853
2026-03-07 06:00:00,physical_congestion_gate,268.92710598121585
2026-03-07 06:30:00,physical_congestion_gate,271.29348475002234
2026-03-07 07:00:00,physical_congestion_gate,273.4956571462209
2026-03-07 07:30:00,physical_congestion_gate,275.6633434981341
2026-03-07 08:00:00,physical_congestion_gate,277.2294925260101
2026-03-07 08:30:00,physical_congestion_gate,229.2154247498488
2026-03-07 09:00:00,physical_congestion_gate,232.16576075457243
2026-03-07 09:30:00,physical_congestion_gate,216.71530302017425
2026-03-07 10:00:00,physical_congestion_gate,205.72384745187296
2026-03-07 10:30:00,physical_congestion_gate,178.9264336488262
2026-03-07 11:00:00,physical_congestion_gate,30.779922254528383
2026-03-07 11:30:00,physical_congestion_gate,313.193894277765
2026-03-07 12:00:00,physical_congestion_gate,138.04976698239906
2026-03-07 12:30:00,physical_congestion_gate,180.021591794982
2026-03-07 13:00:00,physical_congestion_gate,173.32442267248592
2026-03-07 13:30:00,physical_congestion_gate,-130.69821656345815
2026-03-07 14:00:00,physical_congestion_gate,84.36005548470858
2026-03-07 14:30:00,physical_congestion_gate,160.39597845148228
2026-03-07 15:00:00,physical_congestion_gate,208.99438016920485
2026-03-07 15:30:00,physical_congestion_gate,203.63396838221365
2026-03-07 16:00:00,physical_congestion_gate,269.5802005469902
2026-03-07 16:30:00,physical_congestion_gate,277.5174058671611
2026-03-07 17:00:00,physical_congestion_gate,281.293630020093
2026-03-07 17:30:00,physical_congestion_gate,283.28630053486336
2026-03-07 18:00:00,physical_congestion_gate,283.46530766998484
2026-03-07 18:30:00,physical_congestion_gate,285.3316206933509
2026-03-07 19:00:00,physical_congestion_gate,283.46924015620925
2026-03-07 19:30:00,physical_congestion_gate,283.4396866260632
2026-03-07 20:00:00,physical_congestion_gate,281.3933651987168
2026-03-07 20:30:00,physical_congestion_gate,283.4875035295221
2026-03-07 21:00:00,physical_congestion_gate,281.4917289951885
2026-03-07 21:30:00,physical_congestion_gate,279.9269451882439
2026-03-07 22:00:00,physical_congestion_gate,281.94950936918946
2026-03-07 22:30:00,physical_congestion_gate,283.9542310427773
2026-03-07 23:00:00,physical_congestion_gate,287.9687380074025
2026-03-07 23:30:00,physical_congestion_gate,286.01181856406595
2026-03-08 00:00:00,physical_congestion_gate,281.9896551170345
2026-03-08 00:30:00,physical_congestion_gate,277.86833555470207
2026-03-08 01:00:00,physical_congestion_gate,277.7607170209196
2026-03-08 01:30:00,physical_congestion_gate,277.7344403529652
2026-03-08 02:00:00,physical_congestion_gate,277.6092965101442
2026-03-08 02:30:00,physical_congestion_gate,279.6373500160011
2026-03-08 03:00:00,physical_congestion_gate,277.6298373370732
2026-03-08 03:30:00,physical_congestion_gate,275.6733933191292
2026-03-08 04:00:00,physical_congestion_gate,275.6514975854029
2026-03-08 04:30:00,physical_congestion_gate,275.6690430669887
2026-03-08 05:00:00,physical_congestion_gate,275.81669857202814
2026-03-08 05:30:00,physical_congestion_gate,275.8394580795927
2026-03-08 06:00:00,physical_congestion_gate,277.8852723929244
2026-03-08 06:30:00,physical_congestion_gate,277.8714827145602
2026-03-08 07:00:00,physical_congestion_gate,279.899234785582
2026-03-08 07:30:00,physical_congestion_gate,279.60826162660373
2026-03-08 08:00:00,physical_congestion_gate,283.92642502806103
2026-03-08 08:30:00,physical_congestion_gate,266.18537626837065
2026-03-08 09:00:00,physical_congestion_gate,272.17804780064955
2026-03-08 09:30:00,physical_congestion_gate,270.17663271055767
2026-03-08 10:00:00,physical_congestion_gate,261.7619465091979
2026-03-08 10:30:00,physical_congestion_gate,267.86425132539125
2026-03-08 11:00:00,physical_congestion_gate,247.1265419749372
2026-03-08 11:30:00,physical_congestion_gate,331.0124037820256
2026-03-08 12:00:00,physical_congestion_gate,199.88762604586503
2026-03-08 12:30:00,physical_congestion_gate,227.7875451698045
2026-03-08 13:00:00,physical_congestion_gate,230.9944504518799
2026-03-08 13:30:00,physical_congestion_gate,158.29120544345267
2026-03-08 14:00:00,physical_congestion_gate,199.56218974321263
2026-03-08 14:30:00,physical_congestion_gate,219.546459276579
2026-03-08 15:00:00,physical_congestion_gate,231.5029655612815
2026-03-08 15:30:00,physical_congestion_gate,242.5496656913
2026-03-08 16:00:00,physical_congestion_gate,269.5999078694562
2026-03-08 16:30:00,physical_congestion_gate,268.94396793473385
2026-03-08 17:00:00,physical_congestion_gate,272.812274595385
2026-03-08 17:30:00,physical_congestion_gate,277.2346044512954
2026-03-08 18:00:00,physical_congestion_gate,277.42749649155985
2026-03-08 18:30:00,physical_congestion_gate,279.694798648953
2026-03-08 19:00:00,physical_congestion_gate,281.6171573028032
2026-03-08 19:30:00,physical_congestion_gate,281.4736299889486
2026-03-08 20:00:00,physical_congestion_gate,283.6012464678427
2026-03-08 20:30:00,physical_congestion_gate,283.4569047686094
2026-03-08 21:00:00,physical_congestion_gate,285.49542960445785
2026-03-08 21:30:00,physical_congestion_gate,285.7480262982007
2026-03-08 22:00:00,physical_congestion_gate,282.3952199306792
2026-03-08 22:30:00,physical_congestion_gate,284.5310941657248
2026-03-08 23:00:00,physical_congestion_gate,286.52696965194457
2026-03-08 23:30:00,physical_congestion_gate,280.49608957118727
2026-03-09 00:00:00,physical_congestion_gate,276.4636389650074
2026-03-09 00:30:00,physical_congestion_gate,281.5487665345791
2026-03-09 01:00:00,physical_congestion_gate,282.9657664120671
2026-03-09 01:30:00,physical_congestion_gate,284.9465520907794
2026-03-09 02:00:00,physical_congestion_gate,286.72561267248665
2026-03-09 02:30:00,physical_congestion_gate,284.71311568546986
2026-03-09 03:00:00,physical_congestion_gate,282.6992382569226
2026-03-09 03:30:00,physical_congestion_gate,280.7957690093025
2026-03-09 04:00:00,physical_congestion_gate,278.7276047637245
2026-03-09 04:30:00,physical_congestion_gate,276.73001565828
2026-03-09 05:00:00,physical_congestion_gate,276.9495744360911
2026-03-09 05:30:00,physical_congestion_gate,279.0230087556285
2026-03-09 06:00:00,physical_congestion_gate,280.8940390869706
2026-03-09 06:30:00,physical_congestion_gate,281.0453829613334
2026-03-09 07:00:00,physical_congestion_gate,287.3253073196572
2026-03-09 07:30:00,physical_congestion_gate,292.15045199867467
2026-03-09 08:00:00,physical_congestion_gate,298.2300281491516
2026-03-09 08:30:00,physical_congestion_gate,296.23084752735906
2026-03-09 09:00:00,physical_congestion_gate,293.71282380084614
2026-03-09 09:30:00,physical_congestion_gate,297.5614308125694
2026-03-09 10:00:00,physical_congestion_gate,273.47081182937166
2026-03-09 10:30:00,physical_congestion_gate,273.56485773942893
2026-03-09 11:00:00,physical_congestion_gate,218.88747024615367
2026-03-09 11:30:00,physical_congestion_gate,305.49205893953297
2026-03-09 12:00:00,physical_congestion_gate,39.83727560866589
2026-03-09 12:30:00,physical_congestion_gate,122.35959610865294
2026-03-09 13:00:00,physical_congestion_gate,99.45108437041952
2026-03-09 13:30:00,physical_congestion_gate,-69.65239851096634
2026-03-09 14:00:00,physical_congestion_gate,-16.92836396502292
2026-03-09 14:30:00,physical_congestion_gate,121.3441005122947
2026-03-09 15:00:00,physical_congestion_gate,223.72532534980465
2026-03-09 15:30:00,physical_congestion_gate,248.601131082178
2026-03-09 16:00:00,physical_congestion_gate,325.7562831834399
2026-03-09 16:30:00,physical_congestion_gate,282.6204179417758
2026-03-09 17:00:00,physical_congestion_gate,284.41447654122265
2026-03-09 17:30:00,physical_congestion_gate,286.6864818241073
2026-03-09 18:00:00,physical_congestion_gate,286.1349752184788
2026-03-09 18:30:00,physical_congestion_gate,290.046146289439
2026-03-09 19:00:00,physical_congestion_gate,292.234836685206
2026-03-09 19:30:00,physical_congestion_gate,293.10131372103484
2026-03-09 20:00:00,physical_congestion_gate,293.1175485606417
2026-03-09 20:30:00,physical_congestion_gate,292.7220659874832
2026-03-09 21:00:00,physical_congestion_gate,294.57305704386226
2026-03-09 21:30:00,physical_congestion_gate,296.11860094444427
2026-03-09 22:00:00,physical_congestion_gate,298.6360506336196
2026-03-09 22:30:00,physical_congestion_gate,302.85250052981786
2026-03-09 23:00:00,physical_congestion_gate,308.1020498333473
2026-03-09 23:30:00,physical_congestion_gate,301.7145286620859
2026-03-10 00:00:00,physical_congestion_gate,293.8236222548905
2026-03-10 00:30:00,physical_congestion_gate,279.7847367074208
2026-03-10 01:00:00,physical_congestion_gate,275.36530816752
2026-03-10 01:30:00,physical_congestion_gate,275.2990182348585
2026-03-10 02:00:00,physical_congestion_gate,277.4456436166347
2026-03-10 02:30:00,physical_congestion_gate,277.5348070934021
2026-03-10 03:00:00,physical_congestion_gate,277.4345756683005
2026-03-10 03:30:00,physical_congestion_gate,274.98329000621254
2026-03-10 04:00:00,physical_congestion_gate,275.23702159992126
2026-03-10 04:30:00,physical_congestion_gate,275.2390029638228
2026-03-10 05:00:00,physical_congestion_gate,275.5335892081641
2026-03-10 05:30:00,physical_congestion_gate,275.5478397340371
2026-03-10 06:00:00,physical_congestion_gate,277.67585690336205
2026-03-10 06:30:00,physical_congestion_gate,279.60065148973086
2026-03-10 07:00:00,physical_congestion_gate,283.83926549661976
2026-03-10 07:30:00,physical_congestion_gate,284.10440188192746
2026-03-10 08:00:00,physical_congestion_gate,284.09832105174814
2026-03-10 08:30:00,physical_congestion_gate,204.8221230869457
2026-03-10 09:00:00,physical_congestion_gate,193.9267308377807
2026-03-10 09:30:00,physical_congestion_gate,179.02606679009736
2026-03-10 10:00:00,physical_congestion_gate,127.97896336812737
2026-03-10 10:30:00,physical_congestion_gate,162.47033484106353
2026-03-10 11:00:00,physical_congestion_gate,45.235041150383296
2026-03-10 11:30:00,physical_congestion_gate,203.5920950684985
2026-03-10 12:00:00,physical_congestion_gate,-97.08003368820924
2026-03-10 12:30:00,physical_congestion_gate,-107.86547411608804
2026-03-10 13:00:00,physical_congestion_gate,-168.54849577874214
2026-03-10 13:30:00,physical_congestion_gate,-219.5447766036062
2026-03-10 14:00:00,physical_congestion_gate,-209.5450794574372
2026-03-10 14:30:00,physical_congestion_gate,-139.5469544321606
2026-03-10 15:00:00,physical_congestion_gate,26.47941432081861
2026-03-10 15:30:00,physical_congestion_gate,97.61622194379012
2026-03-10 16:00:00,physical_congestion_gate,235.76659511884804
2026-03-10 16:30:00,physical_congestion_gate,261.0331773254027
2026-03-10 17:00:00,physical_congestion_gate,272.96026920577026
2026-03-10 17:30:00,physical_congestion_gate,274.68041055487544
2026-03-10 18:00:00,physical_congestion_gate,276.71216077943524
2026-03-10 18:30:00,physical_congestion_gate,284.5705806313123
2026-03-10 19:00:00,physical_congestion_gate,290.6959633964753
2026-03-10 19:30:00,physical_congestion_gate,288.73659002501864
2026-03-10 20:00:00,physical_congestion_gate,284.65230366592414
2026-03-10 20:30:00,physical_congestion_gate,288.7681558246183
2026-03-10 21:00:00,physical_congestion_gate,290.84680131057405
2026-03-10 21:30:00,physical_congestion_gate,293.3647238797074
2026-03-10 22:00:00,physical_congestion_gate,295.31506617606965
2026-03-10 22:30:00,physical_congestion_gate,297.33171764555107
2026-03-10 23:00:00,physical_congestion_gate,301.3615447507985
2026-03-10 23:30:00,physical_congestion_gate,295.65631775267605
2026-03-11 00:00:00,physical_congestion_gate,287.5859547717045
2026-03-11 00:30:00,physical_congestion_gate,294.1988563804021
2026-03-11 01:00:00,physical_congestion_gate,291.76201160941514
2026-03-11 01:30:00,physical_congestion_gate,291.3909056685573
2026-03-11 02:00:00,physical_congestion_gate,291.35090713890503
2026-03-11 02:30:00,physical_congestion_gate,293.30072489465624
2026-03-11 03:00:00,physical_congestion_gate,291.3496927271018
2026-03-11 03:30:00,physical_congestion_gate,287.59757207150346
2026-03-11 04:00:00,physical_congestion_gate,283.1785964304153
2026-03-11 04:30:00,physical_congestion_gate,283.28844240888475
2026-03-11 05:00:00,physical_congestion_gate,283.39258880064205
2026-03-11 05:30:00,physical_congestion_gate,285.54957957056223
2026-03-11 06:00:00,physical_congestion_gate,289.6747443402187
2026-03-11 06:30:00,physical_congestion_gate,299.76958661121205
2026-03-11 07:00:00,physical_congestion_gate,315.41569341075046
2026-03-11 07:30:00,physical_congestion_gate,312.54122405155505
2026-03-11 08:00:00,physical_congestion_gate,312.3457981482895
2026-03-11 08:30:00,physical_congestion_gate,234.59700087769303
2026-03-11 09:00:00,physical_congestion_gate,234.6935039590815
2026-03-11 09:30:00,physical_congestion_gate,193.9909846197573
2026-03-11 10:00:00,physical_congestion_gate,106.18553948913038
2026-03-11 10:30:00,physical_congestion_gate,78.12286381559511
2026-03-11 11:00:00,physical_congestion_gate,-57.8194449332508
2026-03-11 11:30:00,physical_congestion_gate,27.15549986605646
2026-03-11 12:00:00,physical_congestion_gate,-164.44411321496793
2026-03-11 12:30:00,physical_congestion_gate,-183.4698842392948
2026-03-11 13:00:00,physical_congestion_gate,-197.76794767359092
2026-03-11 13:30:00,physical_congestion_gate,-207.63751360935743
2026-03-11 14:00:00,physical_congestion_gate,-197.6414899504729
2026-03-11 14:30:00,physical_congestion_gate,-170.5332913854106
2026-03-11 15:00:00,physical_congestion_gate,17.290834701186707
2026-03-11 15:30:00,physical_congestion_gate,182.66045491948708
2026-03-11 16:00:00,physical_congestion_gate,243.8006064230136
2026-03-11 16:30:00,physical_congestion_gate,267.69521879562643
2026-03-11 17:00:00,physical_congestion_gate,277.8122633568238
2026-03-11 17:30:00,physical_congestion_gate,283.79633609198254
2026-03-11 18:00:00,physical_congestion_gate,293.6317174648748
2026-03-11 18:30:00,physical_congestion_gate,309.88520836642914
2026-03-11 19:00:00,physical_congestion_gate,319.20421078842514
2026-03-11 19:30:00,physical_congestion_gate,315.24088694976626
2026-03-11 20:00:00,physical_congestion_gate,312.7577732711891
2026-03-11 20:30:00,physical_congestion_gate,315.7007597757662
2026-03-11 21:00:00,physical_congestion_gate,323.2960048548457
2026-03-11 21:30:00,physical_congestion_gate,327.1879231978706
2026-03-11 22:00:00,physical_congestion_gate,327.18706521449576
2026-03-11 22:30:00,physical_congestion_gate,327.1857361654199
2026-03-11 23:00:00,physical_congestion_gate,329.1783837228663
2026-03-11 23:30:00,physical_congestion_gate,316.8542722651304
2026-03-12 00:00:00,physical_congestion_gate,305.9230423975513
2026-03-12 00:30:00,physical_congestion_gate,289.778933968644
2026-03-12 01:00:00,physical_congestion_gate,290.1165388555291
2026-03-12 01:30:00,physical_congestion_gate,291.5740396944962
2026-03-12 02:00:00,physical_congestion_gate,287.59934132756143
2026-03-12 02:30:00,physical_congestion_gate,287.4660140546743
2026-03-12 03:00:00,physical_congestion_gate,283.39748006899174
2026-03-12 03:30:00,physical_congestion_gate,281.62436872943897
2026-03-12 04:00:00,physical_congestion_gate,277.642236571865
2026-03-12 04:30:00,physical_congestion_gate,277.5527049377896
2026-03-12 05:00:00,physical_congestion_gate,275.7067983204267
2026-03-12 05:30:00,physical_congestion_gate,275.90795521163375
2026-03-12 06:00:00,physical_congestion_gate,279.961905972914
2026-03-12 06:30:00,physical_congestion_gate,295.84039861976805
2026-03-12 07:00:00,physical_congestion_gate,317.4601388052278
2026-03-12 07:30:00,physical_congestion_gate,309.20957608852603
2026-03-12 08:00:00,physical_congestion_gate,294.7311931823272
2026-03-12 08:30:00,physical_congestion_gate,227.78569030384296
2026-03-12 09:00:00,physical_congestion_gate,227.69872148780243
2026-03-12 09:30:00,physical_congestion_gate,224.8213442650365
2026-03-12 10:00:00,physical_congestion_gate,168.19576659584456
2026-03-12 10:30:00,physical_congestion_gate,131.91199782486987
2026-03-12 11:00:00,physical_congestion_gate,1.3239945959753725
2026-03-12 11:30:00,physical_congestion_gate,121.91570494930782
2026-03-12 12:00:00,physical_congestion_gate,-130.19346593512063
2026-03-12 12:30:00,physical_congestion_gate,-135.4485849028501
2026-03-12 13:00:00,physical_congestion_gate,-141.9762551259619
2026-03-12 13:30:00,physical_congestion_gate,-138.54683607235944
2026-03-12 14:00:00,physical_congestion_gate,-135.54871092355447
2026-03-12 14:30:00,physical_congestion_gate,-120.74521893271482
2026-03-12 15:00:00,physical_congestion_gate,177.28627457058252
2026-03-12 15:30:00,physical_congestion_gate,269.6921224930534
2026-03-12 16:00:00,physical_congestion_gate,279.64207060800214
2026-03-12 16:30:00,physical_congestion_gate,283.6062980312412
2026-03-12 17:00:00,physical_congestion_gate,287.72708562914767
2026-03-12 17:30:00,physical_congestion_gate,289.5893170816814
2026-03-12 18:00:00,physical_congestion_gate,301.55562172064566
2026-03-12 18:30:00,physical_congestion_gate,321.1945954505754
2026-03-12 19:00:00,physical_congestion_gate,329.1616256126659
2026-03-12 19:30:00,physical_congestion_gate,319.18284554367887
2026-03-12 20:00:00,physical_congestion_gate,309.5378149635677
2026-03-12 20:30:00,physical_congestion_gate,313.71786078073245
2026-03-12 21:00:00,physical_congestion_gate,317.2897180994264
2026-03-12 21:30:00,physical_congestion_gate,313.72706495481026
2026-03-12 22:00:00,physical_congestion_gate,315.6992020547793
2026-03-12 22:30:00,physical_congestion_gate,319.3226789188188
2026-03-12 23:00:00,physical_congestion_gate,321.3203599112481
2026-03-12 23:30:00,physical_congestion_gate,303.87303586862845
2026-03-13 00:00:00,physical_congestion_gate,283.9327377462604
2026-03-13 00:30:00,physical_congestion_gate,266.15823153918626
2026-03-13 01:00:00,physical_congestion_gate,265.69602739051703
2026-03-13 01:30:00,physical_congestion_gate,267.3454131808586
2026-03-13 02:00:00,physical_congestion_gate,265.7291242426496
2026-03-13 02:30:00,physical_congestion_gate,267.6934061901795
2026-03-13 03:00:00,physical_congestion_gate,267.70616867639467
2026-03-13 03:30:00,physical_congestion_gate,267.88687486376017
2026-03-13 04:00:00,physical_congestion_gate,263.86522852449764
2026-03-13 04:30:00,physical_congestion_gate,263.977947232838
2026-03-13 05:00:00,physical_congestion_gate,266.0089367278918
2026-03-13 05:30:00,physical_congestion_gate,267.92006288398926
2026-03-13 06:00:00,physical_congestion_gate,273.9599468883331
2026-03-13 06:30:00,physical_congestion_gate,289.72559354549264
2026-03-13 07:00:00,physical_congestion_gate,307.8444079314639
2026-03-13 07:30:00,physical_congestion_gate,285.853556991297
2026-03-13 08:00:00,physical_congestion_gate,277.91534622420284
2026-03-13 08:30:00,physical_congestion_gate,193.89079393295376
2026-03-13 09:00:00,physical_congestion_gate,186.8360124054334
2026-03-13 09:30:00,physical_congestion_gate,137.45760366632766
2026-03-13 10:00:00,physical_congestion_gate,-5.606862411328725
2026-03-13 10:30:00,physical_congestion_gate,-137.54410891346342
2026-03-13 11:00:00,physical_congestion_gate,-194.5455146561304
2026-03-13 11:30:00,physical_congestion_gate,-198.54217017984968
2026-03-13 12:00:00,physical_congestion_gate,-212.54385800749796
2026-03-13 12:30:00,physical_congestion_gate,-201.54247696814767
2026-03-13 13:00:00,physical_congestion_gate,-201.5471504123324
2026-03-13 13:30:00,physical_congestion_gate,-208.54693622403727
2026-03-13 14:00:00,physical_congestion_gate,-205.5442651043515
2026-03-13 14:30:00,physical_congestion_gate,-194.91988781053095
2026-03-13 15:00:00,physical_congestion_gate,38.51675744701623
2026-03-13 15:30:00,physical_congestion_gate,244.4796301019619
2026-03-13 16:00:00,physical_congestion_gate,259.874681891944
2026-03-13 16:30:00,physical_congestion_gate,267.8746850829342
2026-03-13 17:00:00,physical_congestion_gate,277.78258283996735
2026-03-13 17:30:00,physical_congestion_gate,281.7271796769313
2026-03-13 18:00:00,physical_congestion_gate,285.4301964559745
2026-03-13 18:30:00,physical_congestion_gate,309.1597157689268
2026-03-13 19:00:00,physical_congestion_gate,317.3145769554562
2026-03-13 19:30:00,physical_congestion_gate,311.1391388518853
2026-03-13 20:00:00,physical_congestion_gate,303.20241530475965
2026-03-13 20:30:00,physical_congestion_gate,310.71304614833707
2026-03-13 21:00:00,physical_congestion_gate,315.6722943931614
2026-03-13 21:30:00,physical_congestion_gate,313.885391949072
2026-03-13 22:00:00,physical_congestion_gate,315.9003631895308
2026-03-13 22:30:00,physical_congestion_gate,319.3623355903479
2026-03-13 23:00:00,physical_congestion_gate,325.1875722720349
2026-03-13 23:30:00,physical_congestion_gate,309.9849065514405
2026-03-14 00:00:00,physical_congestion_gate,290.01693333185455
2026-03-14 00:30:00,physical_congestion_gate,281.9635737346753
2026-03-14 01:00:00,physical_congestion_gate,277.97109988788253
2026-03-14 01:30:00,physical_congestion_gate,275.84628267438484
2026-03-14 02:00:00,physical_congestion_gate,271.84015935385315
2026-03-14 02:30:00,physical_congestion_gate,271.7848489683977
2026-03-14 03:00:00,physical_congestion_gate,273.8216083512707
2026-03-14 03:30:00,physical_congestion_gate,271.9548686185956
2026-03-14 04:00:00,physical_congestion_gate,267.98327168039634
2026-03-14 04:30:00,physical_congestion_gate,267.9480870420961
2026-03-14 05:00:00,physical_congestion_gate,268.01061624299405
2026-03-14 05:30:00,physical_congestion_gate,270.0127117256145
2026-03-14 06:00:00,physical_congestion_gate,272.0091461937588
2026-03-14 06:30:00,physical_congestion_gate,282.0073243775531
2026-03-14 07:00:00,physical_congestion_gate,297.648198636071
2026-03-14 07:30:00,physical_congestion_gate,298.0293641638329
2026-03-14 08:00:00,physical_congestion_gate,291.780746878436
2026-03-14 08:30:00,physical_congestion_gate,214.5892215984881
2026-03-14 09:00:00,physical_congestion_gate,238.9712008569707
2026-03-14 09:30:00,physical_congestion_gate,253.4784951551456
2026-03-14 10:00:00,physical_congestion_gate,244.52598165287063
2026-03-14 10:30:00,physical_congestion_gate,143.52908224773822
2026-03-14 11:00:00,physical_congestion_gate,-112.48004956276576
2026-03-14 11:30:00,physical_congestion_gate,-120.96768924286977
2026-03-14 12:00:00,physical_congestion_gate,-144.45530085897892
2026-03-14 12:30:00,physical_congestion_gate,-138.44680647692954
2026-03-14 13:00:00,physical_congestion_gate,-138.84368219352984
2026-03-14 13:30:00,physical_congestion_gate,-151.43808750043152
2026-03-14 14:00:00,physical_congestion_gate,-153.90035550173414
2026-03-14 14:30:00,physical_congestion_gate,-147.46996990884992
2026-03-14 15:00:00,physical_congestion_gate,184.4757793458008
2026-03-14 15:30:00,physical_congestion_gate,269.31011840206463
2026-03-14 16:00:00,physical_congestion_gate,273.9115536367488
2026-03-14 16:30:00,physical_congestion_gate,293.8957851426562
2026-03-14 17:00:00,physical_congestion_gate,301.87095529667874
2026-03-14 17:30:00,physical_congestion_gate,291.91616548905466
2026-03-14 18:00:00,physical_congestion_gate,291.88338436417416
2026-03-14 18:30:00,physical_congestion_gate,308.0453720371371
2026-03-14 19:00:00,physical_congestion_gate,313.5439966112152
2026-03-14 19:30:00,physical_congestion_gate,303.8770621835821
2026-03-14 20:00:00,physical_congestion_gate,293.9069164272024
2026-03-14 20:30:00,physical_congestion_gate,299.82733035097465
2026-03-14 21:00:00,physical_congestion_gate,303.9118098452193
2026-03-14 21:30:00,physical_congestion_gate,299.9857667972193
2026-03-14 22:00:00,physical_congestion_gate,301.98928996446057
2026-03-14 22:30:00,physical_congestion_gate,313.25507148041874
2026-03-14 23:00:00,physical_congestion_gate,317.52871435862045
2026-03-14 23:30:00,physical_congestion_gate,301.99527928501334
2026-03-15 00:00:00,physical_congestion_gate,287.99464509644275
2026-03-01 00:30:00,ungated_dual_route,225.14494434909625
2026-03-01 01:00:00,ungated_dual_route,258.77123445746975
2026-03-01 01:30:00,ungated_dual_route,264.8033454229284
2026-03-01 02:00:00,ungated_dual_route,267.61755511629724
2026-03-01 02:30:00,ungated_dual_route,274.16361019968616
2026-03-01 03:00:00,ungated_dual_route,272.42469474485523
2026-03-01 03:30:00,ungated_dual_route,268.08670439873174
2026-03-01 04:00:00,ungated_dual_route,263.2375539810965
2026-03-01 04:30:00,ungated_dual_route,260.42750329800543
2026-03-01 05:00:00,ungated_dual_route,260.5046202895221
2026-03-01 05:30:00,ungated_dual_route,263.2026721292214
2026-03-01 06:00:00,ungated_dual_route,265.7857623879587
2026-03-01 06:30:00,ungated_dual_route,264.02732098449945
2026-03-01 07:00:00,ungated_dual_route,260.28770902253706
2026-03-01 07:30:00,ungated_dual_route,256.7294927467224
2026-03-01 08:00:00,ungated_dual_route,263.1148039088892
2026-03-01 08:30:00,ungated_dual_route,242.6960359688973
2026-03-01 09:00:00,ungated_dual_route,245.4512234527932
2026-03-01 09:30:00,ungated_dual_route,256.1166921537079
2026-03-01 10:00:00,ungated_dual_route,257.38063088261924
2026-03-01 10:30:00,ungated_dual_route,252.8888638214625
2026-03-01 11:00:00,ungated_dual_route,246.6034665021344
2026-03-01 11:30:00,ungated_dual_route,282.5337073343875
2026-03-01 12:00:00,ungated_dual_route,244.7689164512245
2026-03-01 12:30:00,ungated_dual_route,246.48865790510968
2026-03-01 13:00:00,ungated_dual_route,178.65980411089276
2026-03-01 13:30:00,ungated_dual_route,-1.0
2026-03-01 14:00:00,ungated_dual_route,243.76255860716176
2026-03-01 14:30:00,ungated_dual_route,254.05653723760727
2026-03-01 15:00:00,ungated_dual_route,258.6825817308793
2026-03-01 15:30:00,ungated_dual_route,276.26496060315327
2026-03-01 16:00:00,ungated_dual_route,268.9607495056096
2026-03-01 16:30:00,ungated_dual_route,238.5658867186654
2026-03-01 17:00:00,ungated_dual_route,218.75954656524956
2026-03-01 17:30:00,ungated_dual_route,222.92005564778253
2026-03-01 18:00:00,ungated_dual_route,240.12711407889125
2026-03-01 18:30:00,ungated_dual_route,247.6213613123308
2026-03-01 19:00:00,ungated_dual_route,248.4433861624039
2026-03-01 19:30:00,ungated_dual_route,244.67747504048188
2026-03-01 20:00:00,ungated_dual_route,239.0834705070321
2026-03-01 20:30:00,ungated_dual_route,247.6678039100953
2026-03-01 21:00:00,ungated_dual_route,250.00169889776228
2026-03-01 21:30:00,ungated_dual_route,253.50592376912164
2026-03-01 22:00:00,ungated_dual_route,256.54663120027607
2026-03-01 22:30:00,ungated_dual_route,262.08191230711134
2026-03-01 23:00:00,ungated_dual_route,266.2718879689329
2026-03-01 23:30:00,ungated_dual_route,254.46404306596835
2026-03-02 00:00:00,ungated_dual_route,244.4110701966681
2026-03-02 00:30:00,ungated_dual_route,245.461540852841
2026-03-02 01:00:00,ungated_dual_route,276.69686003005125
2026-03-02 01:30:00,ungated_dual_route,278.55353656917856
2026-03-02 02:00:00,ungated_dual_route,279.6813002398112
2026-03-02 02:30:00,ungated_dual_route,286.76328899410805
2026-03-02 03:00:00,ungated_dual_route,283.36015798130825
2026-03-02 03:30:00,ungated_dual_route,280.4537173020755
2026-03-02 04:00:00,ungated_dual_route,279.3380210417361
2026-03-02 04:30:00,ungated_dual_route,276.1257007350412
2026-03-02 05:00:00,ungated_dual_route,274.7158910669987
2026-03-02 05:30:00,ungated_dual_route,276.0466366411884
2026-03-02 06:00:00,ungated_dual_route,278.5896702110064
2026-03-02 06:30:00,ungated_dual_route,279.4565325942409
2026-03-02 07:00:00,ungated_dual_route,279.6008146526851
2026-03-02 07:30:00,ungated_dual_route,278.9126146946068
2026-03-02 08:00:00,ungated_dual_route,275.1996246317785
2026-03-02 08:30:00,ungated_dual_route,249.0704442878062
2026-03-02 09:00:00,ungated_dual_route,260.8626495937847
2026-03-02 09:30:00,ungated_dual_route,267.63196279947647
2026-03-02 10:00:00,ungated_dual_route,267.0478152810033
2026-03-02 10:30:00,ungated_dual_route,254.2245113251652
2026-03-02 11:00:00,ungated_dual_route,254.26253368224943
2026-03-02 11:30:00,ungated_dual_route,317.61525485598827
2026-03-02 12:00:00,ungated_dual_route,263.78804273208755
2026-03-02 12:30:00,ungated_dual_route,279.7954965221189
2026-03-02 13:00:00,ungated_dual_route,258.85227474688304
2026-03-02 13:30:00,ungated_dual_route,238.8325809849963
2026-03-02 14:00:00,ungated_dual_route,270.409512355226
2026-03-02 14:30:00,ungated_dual_route,273.03968003344994
2026-03-02 15:00:00,ungated_dual_route,275.7148246352235
2026-03-02 15:30:00,ungated_dual_route,289.3759466823099
2026-03-02 16:00:00,ungated_dual_route,280.5847387428496
2026-03-02 16:30:00,ungated_dual_route,263.1930928019012
2026-03-02 17:00:00,ungated_dual_route,259.8714376505824
2026-03-02 17:30:00,ungated_dual_route,262.76130125460776
2026-03-02 18:00:00,ungated_dual_route,264.96729669157355
2026-03-02 18:30:00,ungated_dual_route,267.69201249674296
2026-03-02 19:00:00,ungated_dual_route,266.46872876419934
2026-03-02 19:30:00,ungated_dual_route,266.58274336599027
2026-03-02 20:00:00,ungated_dual_route,267.06988400502354
2026-03-02 20:30:00,ungated_dual_route,270.3821567685856
2026-03-02 21:00:00,ungated_dual_route,278.73808247193807
2026-03-02 21:30:00,ungated_dual_route,276.2432943470049
2026-03-02 22:00:00,ungated_dual_route,277.6609284491578
2026-03-02 22:30:00,ungated_dual_route,278.4918855091362
2026-03-02 23:00:00,ungated_dual_route,280.4514300769957
2026-03-02 23:30:00,ungated_dual_route,279.6307260225939
2026-03-03 00:00:00,ungated_dual_route,268.88826443800593
2026-03-03 00:30:00,ungated_dual_route,-26.353181108895345
2026-03-03 01:00:00,ungated_dual_route,237.80878815874405
2026-03-03 01:30:00,ungated_dual_route,239.7274161418568
2026-03-03 02:00:00,ungated_dual_route,250.34529568980133
2026-03-03 02:30:00,ungated_dual_route,267.9455427756806
2026-03-03 03:00:00,ungated_dual_route,264.02032829424087
2026-03-03 03:30:00,ungated_dual_route,260.18574020569
2026-03-03 04:00:00,ungated_dual_route,254.2646659356785
2026-03-03 04:30:00,ungated_dual_route,252.27397806044385
2026-03-03 05:00:00,ungated_dual_route,251.40221566729213
2026-03-03 05:30:00,ungated_dual_route,253.41279278590628
2026-03-03 06:00:00,ungated_dual_route,257.1505777144176
2026-03-03 06:30:00,ungated_dual_route,256.3723735630379
2026-03-03 07:00:00,ungated_dual_route,258.2455729142732
2026-03-03 07:30:00,ungated_dual_route,260.7533454434665
2026-03-03 08:00:00,ungated_dual_route,261.7797355610574
2026-03-03 08:30:00,ungated_dual_route,239.6883795960326
2026-03-03 09:00:00,ungated_dual_route,248.5374892428542
2026-03-03 09:30:00,ungated_dual_route,252.36766829232295
2026-03-03 10:00:00,ungated_dual_route,251.49919223185756
2026-03-03 10:30:00,ungated_dual_route,246.02105090132287
2026-03-03 11:00:00,ungated_dual_route,-1.0
2026-03-03 11:30:00,ungated_dual_route,316.7784550007811
2026-03-03 12:00:00,ungated_dual_route,-1.0
2026-03-03 12:30:00,ungated_dual_route,-1.0
2026-03-03 13:00:00,ungated_dual_route,-1.0
2026-03-03 13:30:00,ungated_dual_route,-1.0
2026-03-03 14:00:00,ungated_dual_route,251.9932933692282
2026-03-03 14:30:00,ungated_dual_route,262.1436222946483
2026-03-03 15:00:00,ungated_dual_route,263.8926315814914
2026-03-03 15:30:00,ungated_dual_route,262.76359685593826
2026-03-03 16:00:00,ungated_dual_route,264.4951314499891
2026-03-03 16:30:00,ungated_dual_route,-1.0
2026-03-03 17:00:00,ungated_dual_route,-1.0
2026-03-03 17:30:00,ungated_dual_route,-1.0
2026-03-03 18:00:00,ungated_dual_route,253.1962316202376
2026-03-03 18:30:00,ungated_dual_route,254.9043118103773
2026-03-03 19:00:00,ungated_dual_route,250.4735700636292
2026-03-03 19:30:00,ungated_dual_route,249.22312496599824
2026-03-03 20:00:00,ungated_dual_route,247.79798738981523
2026-03-03 20:30:00,ungated_dual_route,252.1568776420939
2026-03-03 21:00:00,ungated_dual_route,256.9541985943572
2026-03-03 21:30:00,ungated_dual_route,261.0737518844571
2026-03-03 22:00:00,ungated_dual_route,264.4960338253072
2026-03-03 22:30:00,ungated_dual_route,266.42444096531744
2026-03-03 23:00:00,ungated_dual_route,267.87126190878826
2026-03-03 23:30:00,ungated_dual_route,254.57227366845032
2026-03-04 00:00:00,ungated_dual_route,-1.0
2026-03-04 00:30:00,ungated_dual_route,-1.0
2026-03-04 01:00:00,ungated_dual_route,266.4263342856672
2026-03-04 01:30:00,ungated_dual_route,275.7027428708864
2026-03-04 02:00:00,ungated_dual_route,277.950179701282
2026-03-04 02:30:00,ungated_dual_route,284.45295734061506
2026-03-04 03:00:00,ungated_dual_route,277.9370196720816
2026-03-04 03:30:00,ungated_dual_route,275.09565447462273
2026-03-04 04:00:00,ungated_dual_route,270.0397493594504
2026-03-04 04:30:00,ungated_dual_route,270.1360373747109
2026-03-04 05:00:00,ungated_dual_route,266.8153040683836
2026-03-04 05:30:00,ungated_dual_route,268.9840626605223
2026-03-04 06:00:00,ungated_dual_route,272.5634955397261
2026-03-04 06:30:00,ungated_dual_route,275.0524941439409
2026-03-04 07:00:00,ungated_dual_route,274.95083235528483
2026-03-04 07:30:00,ungated_dual_route,277.9068971417654
2026-03-04 08:00:00,ungated_dual_route,277.4245746530227
2026-03-04 08:30:00,ungated_dual_route,259.045797186125
2026-03-04 09:00:00,ungated_dual_route,275.51502806124216
2026-03-04 09:30:00,ungated_dual_route,275.79957148672946
2026-03-04 10:00:00,ungated_dual_route,281.6778168602052
2026-03-04 10:30:00,ungated_dual_route,278.97874184448654
2026-03-04 11:00:00,ungated_dual_route,272.35209689520883
2026-03-04 11:30:00,ungated_dual_route,353.0444123017586
2026-03-04 12:00:00,ungated_dual_route,255.60314036648185
2026-03-04 12:30:00,ungated_dual_route,270.3288146168033
2026-03-04 13:00:00,ungated_dual_route,248.98673630142284
2026-03-04 13:30:00,ungated_dual_route,-1.0
2026-03-04 14:00:00,ungated_dual_route,261.5550406518109
2026-03-04 14:30:00,ungated_dual_route,276.7793049791047
2026-03-04 15:00:00,ungated_dual_route,278.9830530804691
2026-03-04 15:30:00,ungated_dual_route,283.09079499365964
2026-03-04 16:00:00,ungated_dual_route,294.135124000184
2026-03-04 16:30:00,ungated_dual_route,278.2521792322732
2026-03-04 17:00:00,ungated_dual_route,261.83692563598106
2026-03-04 17:30:00,ungated_dual_route,271.4184155760378
2026-03-04 18:00:00,ungated_dual_route,272.3458912506932
2026-03-04 18:30:00,ungated_dual_route,273.41829397486663
2026-03-04 19:00:00,ungated_dual_route,267.7327528082864
2026-03-04 19:30:00,ungated_dual_route,265.0017809381828
2026-03-04 20:00:00,ungated_dual_route,265.5049563384423
2026-03-04 20:30:00,ungated_dual_route,272.204647900893
2026-03-04 21:00:00,ungated_dual_route,276.7948656654708
2026-03-04 21:30:00,ungated_dual_route,276.5285066316318
2026-03-04 22:00:00,ungated_dual_route,277.9692261206856
2026-03-04 22:30:00,ungated_dual_route,279.4091113792778
2026-03-04 23:00:00,ungated_dual_route,283.8859958287963
2026-03-04 23:30:00,ungated_dual_route,278.1360327302181
2026-03-05 00:00:00,ungated_dual_route,254.2339057841871
2026-03-05 00:30:00,ungated_dual_route,245.6993190111145
2026-03-05 01:00:00,ungated_dual_route,272.60357882362
2026-03-05 01:30:00,ungated_dual_route,272.4348832997704
2026-03-05 02:00:00,ungated_dual_route,271.17573425577024
2026-03-05 02:30:00,ungated_dual_route,272.92761765864753
2026-03-05 03:00:00,ungated_dual_route,266.2174852667518
2026-03-05 03:30:00,ungated_dual_route,260.38630456050674
2026-03-05 04:00:00,ungated_dual_route,259.1254972670477
2026-03-05 04:30:00,ungated_dual_route,262.72969866571674
2026-03-05 05:00:00,ungated_dual_route,260.6512900447942
2026-03-05 05:30:00,ungated_dual_route,262.5215004628128
2026-03-05 06:00:00,ungated_dual_route,264.6907103711944
2026-03-05 06:30:00,ungated_dual_route,266.5769782854064
2026-03-05 07:00:00,ungated_dual_route,267.75286114669666
2026-03-05 07:30:00,ungated_dual_route,271.16867777753265
2026-03-05 08:00:00,ungated_dual_route,308.1117698802653
2026-03-05 08:30:00,ungated_dual_route,277.5310833523992
2026-03-05 09:00:00,ungated_dual_route,295.2122549614726
2026-03-05 09:30:00,ungated_dual_route,299.4152329347625
2026-03-05 10:00:00,ungated_dual_route,298.9830137435688
2026-03-05 10:30:00,ungated_dual_route,292.3875340844138
2026-03-05 11:00:00,ungated_dual_route,263.6090894531939
2026-03-05 11:30:00,ungated_dual_route,504.9232975315161
2026-03-05 12:00:00,ungated_dual_route,258.3958959108635
2026-03-05 12:30:00,ungated_dual_route,261.30715309488613
2026-03-05 13:00:00,ungated_dual_route,243.4206128091206
2026-03-05 13:30:00,ungated_dual_route,-1.0
2026-03-05 14:00:00,ungated_dual_route,254.89379799438325
2026-03-05 14:30:00,ungated_dual_route,272.6734956312709
2026-03-05 15:00:00,ungated_dual_route,280.3686449151707
2026-03-05 15:30:00,ungated_dual_route,283.33208386386434
2026-03-05 16:00:00,ungated_dual_route,272.3099629773631
2026-03-05 16:30:00,ungated_dual_route,254.4125740180965
2026-03-05 17:00:00,ungated_dual_route,246.3536822603303
2026-03-05 17:30:00,ungated_dual_route,261.2764664113648
2026-03-05 18:00:00,ungated_dual_route,268.2511326103114
2026-03-05 18:30:00,ungated_dual_route,282.561269739266
2026-03-05 19:00:00,ungated_dual_route,279.6771114441824
2026-03-05 19:30:00,ungated_dual_route,271.55252880925184
2026-03-05 20:00:00,ungated_dual_route,276.5848232638298
2026-03-05 20:30:00,ungated_dual_route,303.0404266292372
2026-03-05 21:00:00,ungated_dual_route,303.59685262917804
2026-03-05 21:30:00,ungated_dual_route,306.5278774285412
2026-03-05 22:00:00,ungated_dual_route,299.2685275898903
2026-03-05 22:30:00,ungated_dual_route,295.670341204002
2026-03-05 23:00:00,ungated_dual_route,297.92860901458164
2026-03-05 23:30:00,ungated_dual_route,261.1373701830153
2026-03-06 00:00:00,ungated_dual_route,249.84069028807144
2026-03-06 00:30:00,ungated_dual_route,250.73245743144727
2026-03-06 01:00:00,ungated_dual_route,257.24777579488745
2026-03-06 01:30:00,ungated_dual_route,257.75059375396995
2026-03-06 02:00:00,ungated_dual_route,267.2052990827588
2026-03-06 02:30:00,ungated_dual_route,268.78281729606846
2026-03-06 03:00:00,ungated_dual_route,270.52537369208187
2026-03-06 03:30:00,ungated_dual_route,269.521348746746
2026-03-06 04:00:00,ungated_dual_route,266.01232135312426
2026-03-06 04:30:00,ungated_dual_route,267.40872231274744
2026-03-06 05:00:00,ungated_dual_route,267.2065224988965
2026-03-06 05:30:00,ungated_dual_route,266.96438243972153
2026-03-06 06:00:00,ungated_dual_route,264.4878142161451
2026-03-06 06:30:00,ungated_dual_route,268.1646484977933
2026-03-06 07:00:00,ungated_dual_route,268.5841809777099
2026-03-06 07:30:00,ungated_dual_route,282.3649068817804
2026-03-06 08:00:00,ungated_dual_route,289.49014459644684
2026-03-06 08:30:00,ungated_dual_route,261.83644629685574
2026-03-06 09:00:00,ungated_dual_route,263.8803700459204
2026-03-06 09:30:00,ungated_dual_route,265.1194312988963
2026-03-06 10:00:00,ungated_dual_route,265.4062890921572
2026-03-06 10:30:00,ungated_dual_route,243.8986101185637
2026-03-06 11:00:00,ungated_dual_route,-1.0
2026-03-06 11:30:00,ungated_dual_route,354.7085592194482
2026-03-06 12:00:00,ungated_dual_route,238.1752931438417
2026-03-06 12:30:00,ungated_dual_route,283.5008182964024
2026-03-06 13:00:00,ungated_dual_route,236.09316709230623
2026-03-06 13:30:00,ungated_dual_route,-1.0
2026-03-06 14:00:00,ungated_dual_route,240.65060023444696
2026-03-06 14:30:00,ungated_dual_route,265.43930409005355
2026-03-06 15:00:00,ungated_dual_route,256.65745610857493
2026-03-06 15:30:00,ungated_dual_route,248.9365157847317
2026-03-06 16:00:00,ungated_dual_route,267.20936907357384
2026-03-06 16:30:00,ungated_dual_route,265.7488571179737
2026-03-06 17:00:00,ungated_dual_route,267.3342031499873
2026-03-06 17:30:00,ungated_dual_route,269.1738263046887
2026-03-06 18:00:00,ungated_dual_route,273.43655627921765
2026-03-06 18:30:00,ungated_dual_route,285.00581894481604
2026-03-06 19:00:00,ungated_dual_route,282.6821438261516
2026-03-06 19:30:00,ungated_dual_route,265.71180005418336
2026-03-06 20:00:00,ungated_dual_route,263.97245869114823
2026-03-06 20:30:00,ungated_dual_route,282.5690501591018
2026-03-06 21:00:00,ungated_dual_route,281.90492305963693
2026-03-06 21:30:00,ungated_dual_route,289.73781741184405
2026-03-06 22:00:00,ungated_dual_route,291.20448240494375
2026-03-06 22:30:00,ungated_dual_route,289.9471931992928
2026-03-06 23:00:00,ungated_dual_route,292.651649776187
2026-03-06 23:30:00,ungated_dual_route,271.2544912257065
2026-03-07 00:00:00,ungated_dual_route,267.3083303652511
2026-03-07 00:30:00,ungated_dual_route,260.816212829051
2026-03-07 01:00:00,ungated_dual_route,261.65524053580737
2026-03-07 01:30:00,ungated_dual_route,263.6188994865288
2026-03-07 02:00:00,ungated_dual_route,266.636174464724
2026-03-07 02:30:00,ungated_dual_route,266.9891029902724
2026-03-07 03:00:00,ungated_dual_route,265.641015807483
2026-03-07 03:30:00,ungated_dual_route,264.3788678196949
2026-03-07 04:00:00,ungated_dual_route,261.88829459903354
2026-03-07 04:30:00,ungated_dual_route,259.80779937908187
2026-03-07 05:00:00,ungated_dual_route,259.926648808808
2026-03-07 05:30:00,ungated_dual_route,261.5502362970413
2026-03-07 06:00:00,ungated_dual_route,262.6561189189037
2026-03-07 06:30:00,ungated_dual_route,263.4457712262437
2026-03-07 07:00:00,ungated_dual_route,262.9324240177005
2026-03-07 07:30:00,ungated_dual_route,270.28772434951344
2026-03-07 08:00:00,ungated_dual_route,272.28958613651776
2026-03-07 08:30:00,ungated_dual_route,228.66557202054125
2026-03-07 09:00:00,ungated_dual_route,232.0065541497605
2026-03-07 09:30:00,ungated_dual_route,220.1745293522978
2026-03-07 10:00:00,ungated_dual_route,210.9046789538978
2026-03-07 10:30:00,ungated_dual_route,188.2747693899113
2026-03-07 11:00:00,ungated_dual_route,-97.51380574152412
2026-03-07 11:30:00,ungated_dual_route,299.8817515055261
2026-03-07 12:00:00,ungated_dual_route,-1.0
2026-03-07 12:30:00,ungated_dual_route,-1.0
2026-03-07 13:00:00,ungated_dual_route,-1.0
2026-03-07 13:30:00,ungated_dual_route,-185.77801465649557
2026-03-07 14:00:00,ungated_dual_route,-12.534021449258232
2026-03-07 14:30:00,ungated_dual_route,-1.0
2026-03-07 15:00:00,ungated_dual_route,214.1286007792924
2026-03-07 15:30:00,ungated_dual_route,209.609009721358
2026-03-07 16:00:00,ungated_dual_route,262.10986987071595
2026-03-07 16:30:00,ungated_dual_route,273.6623126945758
2026-03-07 17:00:00,ungated_dual_route,282.28736585463747
2026-03-07 17:30:00,ungated_dual_route,283.315015113205
2026-03-07 18:00:00,ungated_dual_route,284.42485921723426
2026-03-07 18:30:00,ungated_dual_route,285.5804227186845
2026-03-07 19:00:00,ungated_dual_route,284.88186292036244
2026-03-07 19:30:00,ungated_dual_route,285.11340747639906
2026-03-07 20:00:00,ungated_dual_route,282.22049888940603
2026-03-07 20:30:00,ungated_dual_route,283.76078687592656
2026-03-07 21:00:00,ungated_dual_route,277.20982646322244
2026-03-07 21:30:00,ungated_dual_route,270.5010859822497
2026-03-07 22:00:00,ungated_dual_route,271.8223370764566
2026-03-07 22:30:00,ungated_dual_route,273.332263591206
2026-03-07 23:00:00,ungated_dual_route,283.69655377779327
2026-03-07 23:30:00,ungated_dual_route,272.4871662288619
2026-03-08 00:00:00,ungated_dual_route,270.39721724618954
2026-03-08 00:30:00,ungated_dual_route,265.94824646411075
2026-03-08 01:00:00,ungated_dual_route,265.90477270592214
2026-03-08 01:30:00,ungated_dual_route,273.0206916719382
2026-03-08 02:00:00,ungated_dual_route,273.2293344056864
2026-03-08 02:30:00,ungated_dual_route,275.28379116686926
2026-03-08 03:00:00,ungated_dual_route,273.9390513228777
2026-03-08 03:30:00,ungated_dual_route,272.3139050551513
2026-03-08 04:00:00,ungated_dual_route,272.47783691494766
2026-03-08 04:30:00,ungated_dual_route,272.5348904027513
2026-03-08 05:00:00,ungated_dual_route,272.63080526532883
2026-03-08 05:30:00,ungated_dual_route,272.41249990688937
2026-03-08 06:00:00,ungated_dual_route,273.9040265695859
2026-03-08 06:30:00,ungated_dual_route,267.83426936196474
2026-03-08 07:00:00,ungated_dual_route,266.91295969094483
2026-03-08 07:30:00,ungated_dual_route,267.7924669857736
2026-03-08 08:00:00,ungated_dual_route,269.9609669396307
2026-03-08 08:30:00,ungated_dual_route,256.0221097171776
2026-03-08 09:00:00,ungated_dual_route,261.33441035185365
2026-03-08 09:30:00,ungated_dual_route,260.4339374500008
2026-03-08 10:00:00,ungated_dual_route,253.065203338474
2026-03-08 10:30:00,ungated_dual_route,260.15879070674606
2026-03-08 11:00:00,ungated_dual_route,243.7554311703463
2026-03-08 11:30:00,ungated_dual_route,313.65053659739465
2026-03-08 12:00:00,ungated_dual_route,-1.0
2026-03-08 12:30:00,ungated_dual_route,226.06110120094155
2026-03-08 13:00:00,ungated_dual_route,229.00613226503927
2026-03-08 13:30:00,ungated_dual_route,-1.0
2026-03-08 14:00:00,ungated_dual_route,-1.0
2026-03-08 14:30:00,ungated_dual_route,-1.0
2026-03-08 15:00:00,ungated_dual_route,232.47261051585804
2026-03-08 15:30:00,ungated_dual_route,240.450602377347
2026-03-08 16:00:00,ungated_dual_route,261.8826466316569
2026-03-08 16:30:00,ungated_dual_route,268.6222007258297
2026-03-08 17:00:00,ungated_dual_route,271.65989590302024
2026-03-08 17:30:00,ungated_dual_route,266.81244012276665
2026-03-08 18:00:00,ungated_dual_route,273.65627391720506
2026-03-08 18:30:00,ungated_dual_route,269.76838566303
2026-03-08 19:00:00,ungated_dual_route,268.9836864427767
2026-03-08 19:30:00,ungated_dual_route,269.02918219733687
2026-03-08 20:00:00,ungated_dual_route,269.2997958301667
2026-03-08 20:30:00,ungated_dual_route,269.7647637010225
2026-03-08 21:00:00,ungated_dual_route,271.7637538119536
2026-03-08 21:30:00,ungated_dual_route,272.0857934698206
2026-03-08 22:00:00,ungated_dual_route,269.71646835640394
2026-03-08 22:30:00,ungated_dual_route,270.5359692696689
2026-03-08 23:00:00,ungated_dual_route,275.5876516227576
2026-03-08 23:30:00,ungated_dual_route,269.4218604676379
2026-03-09 00:00:00,ungated_dual_route,268.8732746552344
2026-03-09 00:30:00,ungated_dual_route,268.2465809852317
2026-03-09 01:00:00,ungated_dual_route,281.18106978079817
2026-03-09 01:30:00,ungated_dual_route,287.67602124446563
2026-03-09 02:00:00,ungated_dual_route,290.25322843469434
2026-03-09 02:30:00,ungated_dual_route,286.12949042418154
2026-03-09 03:00:00,ungated_dual_route,279.9962382248107
2026-03-09 03:30:00,ungated_dual_route,271.4572720393264
2026-03-09 04:00:00,ungated_dual_route,269.0659935349049
2026-03-09 04:30:00,ungated_dual_route,267.4209132601364
2026-03-09 05:00:00,ungated_dual_route,267.6785861781035
2026-03-09 05:30:00,ungated_dual_route,268.67280780887467
2026-03-09 06:00:00,ungated_dual_route,272.67851288788245
2026-03-09 06:30:00,ungated_dual_route,268.7724090921201
2026-03-09 07:00:00,ungated_dual_route,276.53527083258723
2026-03-09 07:30:00,ungated_dual_route,287.350673528358
2026-03-09 08:00:00,ungated_dual_route,292.0299090338313
2026-03-09 08:30:00,ungated_dual_route,281.8563246747452
2026-03-09 09:00:00,ungated_dual_route,278.6494880817979
2026-03-09 09:30:00,ungated_dual_route,281.2460702383208
2026-03-09 10:00:00,ungated_dual_route,263.10221272829875
2026-03-09 10:30:00,ungated_dual_route,263.76255661602244
2026-03-09 11:00:00,ungated_dual_route,-1.0
2026-03-09 11:30:00,ungated_dual_route,286.27949401036506
2026-03-09 12:00:00,ungated_dual_route,-82.78475417597836
2026-03-09 12:30:00,ungated_dual_route,-1.0
2026-03-09 13:00:00,ungated_dual_route,-28.60298438846982
2026-03-09 13:30:00,ungated_dual_route,-150.39511738302832
2026-03-09 14:00:00,ungated_dual_route,-133.5797718906264
2026-03-09 14:30:00,ungated_dual_route,-1.0
2026-03-09 15:00:00,ungated_dual_route,226.6978911657931
2026-03-09 15:30:00,ungated_dual_route,245.13759119694387
2026-03-09 16:00:00,ungated_dual_route,306.4172548559165
2026-03-09 16:30:00,ungated_dual_route,273.46719190442707
2026-03-09 17:00:00,ungated_dual_route,270.3806420518166
2026-03-09 17:30:00,ungated_dual_route,282.84375396890954
2026-03-09 18:00:00,ungated_dual_route,285.61581156775713
2026-03-09 18:30:00,ungated_dual_route,289.83007040639745
2026-03-09 19:00:00,ungated_dual_route,290.3896043028738
2026-03-09 19:30:00,ungated_dual_route,287.6418831264606
2026-03-09 20:00:00,ungated_dual_route,287.58445435628647
2026-03-09 20:30:00,ungated_dual_route,286.9249914870793
2026-03-09 21:00:00,ungated_dual_route,289.45581241414817
2026-03-09 21:30:00,ungated_dual_route,293.287019126486
2026-03-09 22:00:00,ungated_dual_route,294.3475611359464
2026-03-09 22:30:00,ungated_dual_route,296.21742464137327
2026-03-09 23:00:00,ungated_dual_route,302.90539062002125
2026-03-09 23:30:00,ungated_dual_route,291.84200774746915
2026-03-10 00:00:00,ungated_dual_route,278.125253724884
2026-03-10 00:30:00,ungated_dual_route,267.0135914507434
2026-03-10 01:00:00,ungated_dual_route,270.3656090016357
2026-03-10 01:30:00,ungated_dual_route,271.13963608914844
2026-03-10 02:00:00,ungated_dual_route,272.6432678173008
2026-03-10 02:30:00,ungated_dual_route,272.9776572894982
2026-03-10 03:00:00,ungated_dual_route,272.8550898159097
2026-03-10 03:30:00,ungated_dual_route,271.12841180085303
2026-03-10 04:00:00,ungated_dual_route,270.9229330092823
2026-03-10 04:30:00,ungated_dual_route,270.9801665154652
2026-03-10 05:00:00,ungated_dual_route,271.1725794377047
2026-03-10 05:30:00,ungated_dual_route,271.36321646739736
2026-03-10 06:00:00,ungated_dual_route,272.6737102258675
2026-03-10 06:30:00,ungated_dual_route,272.67570924424143
2026-03-10 07:00:00,ungated_dual_route,269.3478106161561
2026-03-10 07:30:00,ungated_dual_route,269.05380527168273
2026-03-10 08:00:00,ungated_dual_route,271.2043902773666
2026-03-10 08:30:00,ungated_dual_route,-1.0
2026-03-10 09:00:00,ungated_dual_route,-1.0
2026-03-10 09:30:00,ungated_dual_route,-1.0
2026-03-10 10:00:00,ungated_dual_route,-1.0
2026-03-10 10:30:00,ungated_dual_route,-1.0
2026-03-10 11:00:00,ungated_dual_route,-79.3176858210373
2026-03-10 11:30:00,ungated_dual_route,-1.0
2026-03-10 12:00:00,ungated_dual_route,-175.95915431318872
2026-03-10 12:30:00,ungated_dual_route,-177.96973977685607
2026-03-10 13:00:00,ungated_dual_route,-190.1270516810102
2026-03-10 13:30:00,ungated_dual_route,-198.68917966537848
2026-03-10 14:00:00,ungated_dual_route,-197.02493886591296
2026-03-10 14:30:00,ungated_dual_route,-184.5806421133101
2026-03-10 15:00:00,ungated_dual_route,-115.05317176439516
2026-03-10 15:30:00,ungated_dual_route,-54.52426248848245
2026-03-10 16:00:00,ungated_dual_route,-1.0
2026-03-10 16:30:00,ungated_dual_route,252.88032982506297
2026-03-10 17:00:00,ungated_dual_route,265.47397092429395
2026-03-10 17:30:00,ungated_dual_route,270.29063875312096
2026-03-10 18:00:00,ungated_dual_route,271.6231882742611
2026-03-10 18:30:00,ungated_dual_route,280.95121056233114
2026-03-10 19:00:00,ungated_dual_route,287.8894562688863
2026-03-10 19:30:00,ungated_dual_route,284.2392703660305
2026-03-10 20:00:00,ungated_dual_route,278.5978606650768
2026-03-10 20:30:00,ungated_dual_route,287.7376695522737
2026-03-10 21:00:00,ungated_dual_route,288.09384683080515
2026-03-10 21:30:00,ungated_dual_route,290.37464568414003
2026-03-10 22:00:00,ungated_dual_route,291.7643666930122
2026-03-10 22:30:00,ungated_dual_route,289.3518382221106
2026-03-10 23:00:00,ungated_dual_route,298.1753161669486
2026-03-10 23:30:00,ungated_dual_route,285.57046373442097
2026-03-11 00:00:00,ungated_dual_route,276.5360877123523
2026-03-11 00:30:00,ungated_dual_route,289.81776124076976
2026-03-11 01:00:00,ungated_dual_route,281.77601975131097
2026-03-11 01:30:00,ungated_dual_route,278.43447820761304
2026-03-11 02:00:00,ungated_dual_route,277.6400290349525
2026-03-11 02:30:00,ungated_dual_route,278.477770384699
2026-03-11 03:00:00,ungated_dual_route,276.87785108120926
2026-03-11 03:30:00,ungated_dual_route,274.24960246614904
2026-03-11 04:00:00,ungated_dual_route,268.47824092289363
2026-03-11 04:30:00,ungated_dual_route,271.37135006522885
2026-03-11 05:00:00,ungated_dual_route,271.45352755175537
2026-03-11 05:30:00,ungated_dual_route,270.1644296402548
2026-03-11 06:00:00,ungated_dual_route,275.48511663669865
2026-03-11 06:30:00,ungated_dual_route,292.450988969433
2026-03-11 07:00:00,ungated_dual_route,310.2079446972324
2026-03-11 07:30:00,ungated_dual_route,307.4220784651956
2026-03-11 08:00:00,ungated_dual_route,303.70673243799973
2026-03-11 08:30:00,ungated_dual_route,232.89443840056205
2026-03-11 09:00:00,ungated_dual_route,232.93610738396927
2026-03-11 09:30:00,ungated_dual_route,-1.0
2026-03-11 10:00:00,ungated_dual_route,-7.425788898254439
2026-03-11 10:30:00,ungated_dual_route,-41.27605917812228
2026-03-11 11:00:00,ungated_dual_route,-152.64222058906682
2026-03-11 11:30:00,ungated_dual_route,-117.06127963600926
2026-03-11 12:00:00,ungated_dual_route,-189.35891760612947
2026-03-11 12:30:00,ungated_dual_route,-193.23003965522756
2026-03-11 13:00:00,ungated_dual_route,-195.5538936973549
2026-03-11 13:30:00,ungated_dual_route,-197.0825152781844
2026-03-11 14:00:00,ungated_dual_route,-195.4532115644345
2026-03-11 14:30:00,ungated_dual_route,-190.98071995301356
2026-03-11 15:00:00,ungated_dual_route,-108.88109910398671
2026-03-11 15:30:00,ungated_dual_route,-1.0
2026-03-11 16:00:00,ungated_dual_route,240.5517049351224
2026-03-11 16:30:00,ungated_dual_route,259.24321315182806
2026-03-11 17:00:00,ungated_dual_route,266.0700276463993
2026-03-11 17:30:00,ungated_dual_route,275.7260960469954
2026-03-11 18:00:00,ungated_dual_route,292.21055048025937
2026-03-11 18:30:00,ungated_dual_route,306.366069779636
2026-03-11 19:00:00,ungated_dual_route,313.79149095077565
2026-03-11 19:30:00,ungated_dual_route,309.635016213054
2026-03-11 20:00:00,ungated_dual_route,306.72079991542114
2026-03-11 20:30:00,ungated_dual_route,308.50345095681496
2026-03-11 21:00:00,ungated_dual_route,313.71056422942735
2026-03-11 21:30:00,ungated_dual_route,317.96951118184273
2026-03-11 22:00:00,ungated_dual_route,320.0964705562181
2026-03-11 22:30:00,ungated_dual_route,320.2732544046176
2026-03-11 23:00:00,ungated_dual_route,321.8223078931844
2026-03-11 23:30:00,ungated_dual_route,308.588018363283
2026-03-12 00:00:00,ungated_dual_route,291.4025686614345
2026-03-12 00:30:00,ungated_dual_route,292.3607203742581
2026-03-12 01:00:00,ungated_dual_route,289.48522479163006
2026-03-12 01:30:00,ungated_dual_route,287.11917572794675
2026-03-12 02:00:00,ungated_dual_route,275.2483601267187
2026-03-12 02:30:00,ungated_dual_route,275.5719508853557
2026-03-12 03:00:00,ungated_dual_route,270.017161575775
2026-03-12 03:30:00,ungated_dual_route,270.8658659033263
2026-03-12 04:00:00,ungated_dual_route,267.928825561854
2026-03-12 04:30:00,ungated_dual_route,267.68496895293885
2026-03-12 05:00:00,ungated_dual_route,266.48696934312494
2026-03-12 05:30:00,ungated_dual_route,266.78925505315885
2026-03-12 06:00:00,ungated_dual_route,269.33764364664574
2026-03-12 06:30:00,ungated_dual_route,279.5336184780007
2026-03-12 07:00:00,ungated_dual_route,309.8301215015436
2026-03-12 07:30:00,ungated_dual_route,303.6625210937694
2026-03-12 08:00:00,ungated_dual_route,282.16617136805854
2026-03-12 08:30:00,ungated_dual_route,227.57230095728076
2026-03-12 09:00:00,ungated_dual_route,228.4469437267192
2026-03-12 09:30:00,ungated_dual_route,225.74318351218344
2026-03-12 10:00:00,ungated_dual_route,-1.0
2026-03-12 10:30:00,ungated_dual_route,-1.0
2026-03-12 11:00:00,ungated_dual_route,-91.13804206117564
2026-03-12 11:30:00,ungated_dual_route,-1.0
2026-03-12 12:00:00,ungated_dual_route,-188.92211675866923
2026-03-12 12:30:00,ungated_dual_route,-191.0796811446172
2026-03-12 13:00:00,ungated_dual_route,-191.97675088082596
2026-03-12 13:30:00,ungated_dual_route,-191.41374818441665
2026-03-12 14:00:00,ungated_dual_route,-191.53677347511075
2026-03-12 14:30:00,ungated_dual_route,-188.6261296061861
2026-03-12 15:00:00,ungated_dual_route,-1.0
2026-03-12 15:30:00,ungated_dual_route,261.738763364754
2026-03-12 16:00:00,ungated_dual_route,269.1601848337386
2026-03-12 16:30:00,ungated_dual_route,273.5978058424513
2026-03-12 17:00:00,ungated_dual_route,276.4534160062577
2026-03-12 17:30:00,ungated_dual_route,276.2733640172221
2026-03-12 18:00:00,ungated_dual_route,294.80807618409386
2026-03-12 18:30:00,ungated_dual_route,315.32382610465845
2026-03-12 19:00:00,ungated_dual_route,321.65079739092323
2026-03-12 19:30:00,ungated_dual_route,312.48591770236817
2026-03-12 20:00:00,ungated_dual_route,304.9598777331796
2026-03-12 20:30:00,ungated_dual_route,307.8373213672287
2026-03-12 21:00:00,ungated_dual_route,309.5473256884998
2026-03-12 21:30:00,ungated_dual_route,302.9344170576788
2026-03-12 22:00:00,ungated_dual_route,302.74429404108446
2026-03-12 22:30:00,ungated_dual_route,307.5390684998809
2026-03-12 23:00:00,ungated_dual_route,313.46770641387366
2026-03-12 23:30:00,ungated_dual_route,288.1424682053852
2026-03-13 00:00:00,ungated_dual_route,270.0432445441596
2026-03-13 00:30:00,ungated_dual_route,261.60759205183444
2026-03-13 01:00:00,ungated_dual_route,258.0029600340191
2026-03-13 01:30:00,ungated_dual_route,259.3135425291424
2026-03-13 02:00:00,ungated_dual_route,256.9141190374173
2026-03-13 02:30:00,ungated_dual_route,258.9760042486716
2026-03-13 03:00:00,ungated_dual_route,260.44859806710616
2026-03-13 03:30:00,ungated_dual_route,260.3258886761677
2026-03-13 04:00:00,ungated_dual_route,255.78984008413573
2026-03-13 04:30:00,ungated_dual_route,256.6064100690932
2026-03-13 05:00:00,ungated_dual_route,258.7014556143714
2026-03-13 05:30:00,ungated_dual_route,260.22361880294045
2026-03-13 06:00:00,ungated_dual_route,262.5816918069959
2026-03-13 06:30:00,ungated_dual_route,279.1522878400735
2026-03-13 07:00:00,ungated_dual_route,301.18000488623045
2026-03-13 07:30:00,ungated_dual_route,278.72018881582704
2026-03-13 08:00:00,ungated_dual_route,264.6576265498517
2026-03-13 08:30:00,ungated_dual_route,199.8665775235829
2026-03-13 09:00:00,ungated_dual_route,194.1124626048976
2026-03-13 09:30:00,ungated_dual_route,-1.0
2026-03-13 10:00:00,ungated_dual_route,-96.74112141093644
2026-03-13 10:30:00,ungated_dual_route,-186.9235824994742
2026-03-13 11:00:00,ungated_dual_route,-197.47001779913708
2026-03-13 11:30:00,ungated_dual_route,-197.0479435550352
2026-03-13 12:00:00,ungated_dual_route,-198.872703129362
2026-03-13 12:30:00,ungated_dual_route,-198.366491789582
2026-03-13 13:00:00,ungated_dual_route,-198.47012446011783
2026-03-13 13:30:00,ungated_dual_route,-199.00615367441648
2026-03-13 14:00:00,ungated_dual_route,-198.91692140833948
2026-03-13 14:30:00,ungated_dual_route,-197.9867334452708
2026-03-13 15:00:00,ungated_dual_route,-55.01127055620402
2026-03-13 15:30:00,ungated_dual_route,241.8746793557845
2026-03-13 16:00:00,ungated_dual_route,252.96261040143503
2026-03-13 16:30:00,ungated_dual_route,259.67169290940694
2026-03-13 17:00:00,ungated_dual_route,269.3888920554041
2026-03-13 17:30:00,ungated_dual_route,278.2444231450145
2026-03-13 18:00:00,ungated_dual_route,279.3902143789093
2026-03-13 18:30:00,ungated_dual_route,305.09084147940814
2026-03-13 19:00:00,ungated_dual_route,311.0640760427331
2026-03-13 19:30:00,ungated_dual_route,304.4698412523793
2026-03-13 20:00:00,ungated_dual_route,297.6500504864777
2026-03-13 20:30:00,ungated_dual_route,306.64935115098325
2026-03-13 21:00:00,ungated_dual_route,309.03857246435336
2026-03-13 21:30:00,ungated_dual_route,307.5491148923131
2026-03-13 22:00:00,ungated_dual_route,309.02471431155305
2026-03-13 22:30:00,ungated_dual_route,311.87499667013816
2026-03-13 23:00:00,ungated_dual_route,318.7043112497787
2026-03-13 23:30:00,ungated_dual_route,305.992791340072
2026-03-14 00:00:00,ungated_dual_route,284.095564796995
2026-03-14 00:30:00,ungated_dual_route,280.1846265771878
2026-03-14 01:00:00,ungated_dual_route,273.5530010379031
2026-03-14 01:30:00,ungated_dual_route,265.2240021094994
2026-03-14 02:00:00,ungated_dual_route,262.10925160088163
2026-03-14 02:30:00,ungated_dual_route,261.8282167884545
2026-03-14 03:00:00,ungated_dual_route,264.3444036650507
2026-03-14 03:30:00,ungated_dual_route,262.7697292159917
2026-03-14 04:00:00,ungated_dual_route,260.0359231201705
2026-03-14 04:30:00,ungated_dual_route,260.1721645239455
2026-03-14 05:00:00,ungated_dual_route,260.2553262904715
2026-03-14 05:30:00,ungated_dual_route,261.4593685938671
2026-03-14 06:00:00,ungated_dual_route,261.0561283365995
2026-03-14 06:30:00,ungated_dual_route,271.62766918435244
2026-03-14 07:00:00,ungated_dual_route,294.4257130775348
2026-03-14 07:30:00,ungated_dual_route,294.88169507447657
2026-03-14 08:00:00,ungated_dual_route,290.6307684285096
2026-03-14 08:30:00,ungated_dual_route,218.416493269915
2026-03-14 09:00:00,ungated_dual_route,237.7068168837536
2026-03-14 09:30:00,ungated_dual_route,249.52642263185908
2026-03-14 10:00:00,ungated_dual_route,241.9770867158814
2026-03-14 10:30:00,ungated_dual_route,-1.0
2026-03-14 11:00:00,ungated_dual_route,-162.38958883815025
2026-03-14 11:30:00,ungated_dual_route,-162.9091775386454
2026-03-14 12:00:00,ungated_dual_route,-182.04632274704616
2026-03-14 12:30:00,ungated_dual_route,-174.61040591228058
2026-03-14 13:00:00,ungated_dual_route,-178.55231360613965
2026-03-14 13:30:00,ungated_dual_route,-193.77677551320076
2026-03-14 14:00:00,ungated_dual_route,-194.31124058163292
2026-03-14 14:30:00,ungated_dual_route,-192.73123970846444
2026-03-14 15:00:00,ungated_dual_route,-1.0
2026-03-14 15:30:00,ungated_dual_route,262.9586358659436
2026-03-14 16:00:00,ungated_dual_route,265.7835125722036
2026-03-14 16:30:00,ungated_dual_route,277.8859293521127
2026-03-14 17:00:00,ungated_dual_route,296.1052553971842
2026-03-14 17:30:00,ungated_dual_route,291.1514132956009
2026-03-14 18:00:00,ungated_dual_route,290.4313826244652
2026-03-14 18:30:00,ungated_dual_route,305.0814595317078
2026-03-14 19:00:00,ungated_dual_route,309.9023541112612
2026-03-14 19:30:00,ungated_dual_route,301.4486661287412
2026-03-14 20:00:00,ungated_dual_route,293.0336805525164
2026-03-14 20:30:00,ungated_dual_route,298.01118157580555
2026-03-14 21:00:00,ungated_dual_route,301.65105594047753
2026-03-14 21:30:00,ungated_dual_route,298.3474507332452
2026-03-14 22:00:00,ungated_dual_route,298.40502592616247
2026-03-14 22:30:00,ungated_dual_route,308.92472198538894
2026-03-14 23:00:00,ungated_dual_route,312.7924073457437
2026-03-14 23:30:00,ungated_dual_route,298.9663082354255
2026-03-15 00:00:00,ungated_dual_route,282.21581771619753
2026-03-01 00:30:00,energy_consistent_supply_route,221.27618341529487
2026-03-01 01:00:00,energy_consistent_supply_route,264.2761834152949
2026-03-01 01:30:00,energy_consistent_supply_route,269.426925889925
2026-03-01 02:00:00,energy_consistent_supply_route,273.11965455231297
2026-03-01 02:30:00,energy_consistent_supply_route,283.11965455231297
2026-03-01 03:00:00,energy_consistent_supply_route,279.11965455231297
2026-03-01 03:30:00,energy_consistent_supply_route,273.11965455231297
2026-03-01 04:00:00,energy_consistent_supply_route,267.11965455231297
2026-03-01 04:30:00,energy_consistent_supply_route,265.11965455231297
2026-03-01 05:00:00,energy_consistent_supply_route,265.11965455231297
2026-03-01 05:30:00,energy_consistent_supply_route,267.11965455231297
2026-03-01 06:00:00,energy_consistent_supply_route,271.11965455231297
2026-03-01 06:30:00,energy_consistent_supply_route,269.15258330477485
2026-03-01 07:00:00,energy_consistent_supply_route,266.0018408301447
2026-03-01 07:30:00,energy_consistent_supply_route,262.0471587066736
2026-03-01 08:00:00,energy_consistent_supply_route,270.0471587066736
2026-03-01 08:30:00,energy_consistent_supply_route,244.0471587066736
2026-03-01 09:00:00,energy_consistent_supply_route,248.55539193891457
2026-03-01 09:30:00,energy_consistent_supply_route,248.55539193891457
2026-03-01 10:00:00,energy_consistent_supply_route,252.55539193891457
2026-03-01 10:30:00,energy_consistent_supply_route,246.55539193891457
2026-03-01 11:00:00,energy_consistent_supply_route,238.55539193891457
2026-03-01 11:30:00,energy_consistent_supply_route,292.55539193891457
2026-03-01 12:00:00,energy_consistent_supply_route,233.55539193891457
2026-03-01 12:30:00,energy_consistent_supply_route,236.55539193891457
2026-03-01 13:00:00,energy_consistent_supply_route,146.55539193891457
2026-03-01 13:30:00,energy_consistent_supply_route,133.55539193891457
2026-03-01 14:00:00,energy_consistent_supply_route,241.55539193891457
2026-03-01 14:30:00,energy_consistent_supply_route,255.55539193891457
2026-03-01 15:00:00,energy_consistent_supply_route,262.55539193891457
2026-03-01 15:30:00,energy_consistent_supply_route,276.0471587066736
2026-03-01 16:00:00,energy_consistent_supply_route,272.2761834152949
2026-03-01 16:30:00,energy_consistent_supply_route,239.27618341529487
2026-03-01 17:00:00,energy_consistent_supply_route,215.27618341529487
2026-03-01 17:30:00,energy_consistent_supply_route,220.27618341529487
2026-03-01 18:00:00,energy_consistent_supply_route,241.0471587066736
2026-03-01 18:30:00,energy_consistent_supply_route,251.0471587066736
2026-03-01 19:00:00,energy_consistent_supply_route,252.0471587066736
2026-03-01 19:30:00,energy_consistent_supply_route,247.0471587066736
2026-03-01 20:00:00,energy_consistent_supply_route,239.0471587066736
2026-03-01 20:30:00,energy_consistent_supply_route,250.0471587066736
2026-03-01 21:00:00,energy_consistent_supply_route,254.0471587066736
2026-03-01 21:30:00,energy_consistent_supply_route,259.0471587066736
2026-03-01 22:00:00,energy_consistent_supply_route,264.0471587066736
2026-03-01 22:30:00,energy_consistent_supply_route,268.0471587066736
2026-03-01 23:00:00,energy_consistent_supply_route,274.2761834152949
2026-03-01 23:30:00,energy_consistent_supply_route,259.0471587066736
2026-03-02 00:00:00,energy_consistent_supply_route,245.27618341529487
2026-03-02 00:30:00,energy_consistent_supply_route,246.0471587066736
2026-03-02 01:00:00,energy_consistent_supply_route,286.0471587066736
2026-03-02 01:30:00,energy_consistent_supply_route,287.4492513387088
2026-03-02 02:00:00,energy_consistent_supply_route,289.4492513387088
2026-03-02 02:30:00,energy_consistent_supply_route,299.4492513387088
2026-03-02 03:00:00,energy_consistent_supply_route,295.4492513387088
2026-03-02 03:30:00,energy_consistent_supply_route,291.4492513387088
2026-03-02 04:00:00,energy_consistent_supply_route,287.4492513387088
2026-03-02 04:30:00,energy_consistent_supply_route,285.4492513387088
2026-03-02 05:00:00,energy_consistent_supply_route,283.4492513387088
2026-03-02 05:30:00,energy_consistent_supply_route,285.4492513387088
2026-03-02 06:00:00,energy_consistent_supply_route,287.4492513387088
2026-03-02 06:30:00,energy_consistent_supply_route,287.4492513387088
2026-03-02 07:00:00,energy_consistent_supply_route,288.0018408301447
2026-03-02 07:30:00,energy_consistent_supply_route,288.0471587066736
2026-03-02 08:00:00,energy_consistent_supply_route,288.0471587066736
2026-03-02 08:30:00,energy_consistent_supply_route,253.0471587066736
2026-03-02 09:00:00,energy_consistent_supply_route,270.55539193891457
2026-03-02 09:30:00,energy_consistent_supply_route,280.55539193891457
2026-03-02 10:00:00,energy_consistent_supply_route,282.55539193891457
2026-03-02 10:30:00,energy_consistent_supply_route,262.55539193891457
2026-03-02 11:00:00,energy_consistent_supply_route,262.55539193891457
2026-03-02 11:30:00,energy_consistent_supply_route,333.5203875173903
2026-03-02 12:00:00,energy_consistent_supply_route,262.0471587066736
2026-03-02 12:30:00,energy_consistent_supply_route,284.55539193891457
2026-03-02 13:00:00,energy_consistent_supply_route,255.55539193891457
2026-03-02 13:30:00,energy_consistent_supply_route,241.55539193891457
2026-03-02 14:00:00,energy_consistent_supply_route,276.55539193891457
2026-03-02 14:30:00,energy_consistent_supply_route,282.55539193891457
2026-03-02 15:00:00,energy_consistent_supply_route,290.55539193891457
2026-03-02 15:30:00,energy_consistent_supply_route,296.55539193891457
2026-03-02 16:00:00,energy_consistent_supply_route,288.0471587066736
2026-03-02 16:30:00,energy_consistent_supply_route,278.2761834152949
2026-03-02 17:00:00,energy_consistent_supply_route,270.2761834152949
2026-03-02 17:30:00,energy_consistent_supply_route,272.2761834152949
2026-03-02 18:00:00,energy_consistent_supply_route,278.2761834152949
2026-03-02 18:30:00,energy_consistent_supply_route,282.0471587066736
2026-03-02 19:00:00,energy_consistent_supply_route,280.0471587066736
2026-03-02 19:30:00,energy_consistent_supply_route,280.0471587066736
2026-03-02 20:00:00,energy_consistent_supply_route,280.0471587066736
2026-03-02 20:30:00,energy_consistent_supply_route,284.0471587066736
2026-03-02 21:00:00,energy_consistent_supply_route,288.0471587066736
2026-03-02 21:30:00,energy_consistent_supply_route,288.0471587066736
2026-03-02 22:00:00,energy_consistent_supply_route,290.0471587066736
2026-03-02 22:30:00,energy_consistent_supply_route,292.0471587066736
2026-03-02 23:00:00,energy_consistent_supply_route,294.0471587066736
2026-03-02 23:30:00,energy_consistent_supply_route,290.0471587066736
2026-03-03 00:00:00,energy_consistent_supply_route,278.0471587066736
2026-03-03 00:30:00,energy_consistent_supply_route,-25.369960724373698
2026-03-03 01:00:00,energy_consistent_supply_route,238.27618341529487
2026-03-03 01:30:00,energy_consistent_supply_route,240.6782760473301
2026-03-03 02:00:00,energy_consistent_supply_route,254.6782760473301
2026-03-03 02:30:00,energy_consistent_supply_route,275.6782760473301
2026-03-03 03:00:00,energy_consistent_supply_route,269.6782760473301
2026-03-03 03:30:00,energy_consistent_supply_route,264.55539193891457
2026-03-03 04:00:00,energy_consistent_supply_route,257.55539193891457
2026-03-03 04:30:00,energy_consistent_supply_route,254.55539193891457
2026-03-03 05:00:00,energy_consistent_supply_route,253.6782760473301
2026-03-03 05:30:00,energy_consistent_supply_route,256.15861530835605
2026-03-03 06:00:00,energy_consistent_supply_route,261.6782760473301
2026-03-03 06:30:00,energy_consistent_supply_route,263.6782760473301
2026-03-03 07:00:00,energy_consistent_supply_route,266.2761834152949
2026-03-03 07:30:00,energy_consistent_supply_route,268.0471587066736
2026-03-03 08:00:00,energy_consistent_supply_route,270.0471587066736
2026-03-03 08:30:00,energy_consistent_supply_route,243.0471587066736
2026-03-03 09:00:00,energy_consistent_supply_route,259.0471587066736
2026-03-03 09:30:00,energy_consistent_supply_route,264.0018408301447
2026-03-03 10:00:00,energy_consistent_supply_route,262.0018408301447
2026-03-03 10:30:00,energy_consistent_supply_route,253.7565226763208
2026-03-03 11:00:00,energy_consistent_supply_route,-1.0
2026-03-03 11:30:00,energy_consistent_supply_route,343.52713751691346
2026-03-03 12:00:00,energy_consistent_supply_route,226.525702237814
2026-03-03 12:30:00,energy_consistent_supply_route,238.525702237814
2026-03-03 13:00:00,energy_consistent_supply_route,229.8552990242098
2026-03-03 13:30:00,energy_consistent_supply_route,-1.0
2026-03-03 14:00:00,energy_consistent_supply_route,256.0018408301447
2026-03-03 14:30:00,energy_consistent_supply_route,269.4821800911707
2026-03-03 15:00:00,energy_consistent_supply_route,272.0018408301447
2026-03-03 15:30:00,energy_consistent_supply_route,272.0018408301447
2026-03-03 16:00:00,energy_consistent_supply_route,272.0471587066736
2026-03-03 16:30:00,energy_consistent_supply_route,251.00184083014477
2026-03-03 17:00:00,energy_consistent_supply_route,192.00184083014477
2026-03-03 17:30:00,energy_consistent_supply_route,214.00184083014477
2026-03-03 18:00:00,energy_consistent_supply_route,259.0471587066736
2026-03-03 18:30:00,energy_consistent_supply_route,262.0471587066736
2026-03-03 19:00:00,energy_consistent_supply_route,256.0471587066736
2026-03-03 19:30:00,energy_consistent_supply_route,254.0471587066736
2026-03-03 20:00:00,energy_consistent_supply_route,251.0471587066736
2026-03-03 20:30:00,energy_consistent_supply_route,258.0471587066736
2026-03-03 21:00:00,energy_consistent_supply_route,264.0471587066736
2026-03-03 21:30:00,energy_consistent_supply_route,268.0471587066736
2026-03-03 22:00:00,energy_consistent_supply_route,272.0471587066736
2026-03-03 22:30:00,energy_consistent_supply_route,274.0471587066736
2026-03-03 23:00:00,energy_consistent_supply_route,276.0471587066736
2026-03-03 23:30:00,energy_consistent_supply_route,259.0471587066736
2026-03-04 00:00:00,energy_consistent_supply_route,229.0471587066736
2026-03-04 00:30:00,energy_consistent_supply_route,216.0471587066736
2026-03-04 01:00:00,energy_consistent_supply_route,272.2761834152949
2026-03-04 01:30:00,energy_consistent_supply_route,282.2761834152949
2026-03-04 02:00:00,energy_consistent_supply_route,285.40393346218
2026-03-04 02:30:00,energy_consistent_supply_route,291.6782760473301
2026-03-04 03:00:00,energy_consistent_supply_route,285.40393346218
2026-03-04 03:30:00,energy_consistent_supply_route,281.40393346218
2026-03-04 04:00:00,energy_consistent_supply_route,275.40393346218
2026-03-04 04:30:00,energy_consistent_supply_route,275.40393346218
2026-03-04 05:00:00,energy_consistent_supply_route,271.40393346218
2026-03-04 05:30:00,energy_consistent_supply_route,273.40393346218
2026-03-04 06:00:00,energy_consistent_supply_route,277.40393346218
2026-03-04 06:30:00,energy_consistent_supply_route,280.0471587066736
2026-03-04 07:00:00,energy_consistent_supply_route,284.2761834152949
2026-03-04 07:30:00,energy_consistent_supply_route,294.0471587066736
2026-03-04 08:00:00,energy_consistent_supply_route,293.7565226763208
2026-03-04 08:30:00,energy_consistent_supply_route,268.2761834152949
2026-03-04 09:00:00,energy_consistent_supply_route,288.2761834152949
2026-03-04 09:30:00,energy_consistent_supply_route,294.2761834152949
2026-03-04 10:00:00,energy_consistent_supply_route,298.2761834152949
2026-03-04 10:30:00,energy_consistent_supply_route,300.2761834152949
2026-03-04 11:00:00,energy_consistent_supply_route,284.2761834152949
2026-03-04 11:30:00,energy_consistent_supply_route,416.4208918579864
2026-03-04 12:00:00,energy_consistent_supply_route,275.40393346218
2026-03-04 12:30:00,energy_consistent_supply_route,293.6782760473301
2026-03-04 13:00:00,energy_consistent_supply_route,267.6782760473301
2026-03-04 13:30:00,energy_consistent_supply_route,199.4492513387088
2026-03-04 14:00:00,energy_consistent_supply_route,271.4492513387088
2026-03-04 14:30:00,energy_consistent_supply_route,291.4492513387088
2026-03-04 15:00:00,energy_consistent_supply_route,294.55539193891457
2026-03-04 15:30:00,energy_consistent_supply_route,302.55539193891457
2026-03-04 16:00:00,energy_consistent_supply_route,308.55539193891457
2026-03-04 16:30:00,energy_consistent_supply_route,296.55539193891457
2026-03-04 17:00:00,energy_consistent_supply_route,272.55539193891457
2026-03-04 17:30:00,energy_consistent_supply_route,284.55539193891457
2026-03-04 18:00:00,energy_consistent_supply_route,286.55539193891457
2026-03-04 18:30:00,energy_consistent_supply_route,286.55539193891457
2026-03-04 19:00:00,energy_consistent_supply_route,280.55539193891457
2026-03-04 19:30:00,energy_consistent_supply_route,272.55539193891457
2026-03-04 20:00:00,energy_consistent_supply_route,272.55539193891457
2026-03-04 20:30:00,energy_consistent_supply_route,284.55539193891457
2026-03-04 21:00:00,energy_consistent_supply_route,286.55539193891457
2026-03-04 21:30:00,energy_consistent_supply_route,286.55539193891457
2026-03-04 22:00:00,energy_consistent_supply_route,288.55539193891457
2026-03-04 22:30:00,energy_consistent_supply_route,290.55539193891457
2026-03-04 23:00:00,energy_consistent_supply_route,296.55539193891457
2026-03-04 23:30:00,energy_consistent_supply_route,288.55539193891457
2026-03-05 00:00:00,energy_consistent_supply_route,260.55539193891457
2026-03-05 00:30:00,energy_consistent_supply_route,244.55539193891457
2026-03-05 01:00:00,energy_consistent_supply_route,278.55539193891457
2026-03-05 01:30:00,energy_consistent_supply_route,280.55539193891457
2026-03-05 02:00:00,energy_consistent_supply_route,274.55539193891457
2026-03-05 02:30:00,energy_consistent_supply_route,276.55539193891457
2026-03-05 03:00:00,energy_consistent_supply_route,268.55539193891457
2026-03-05 03:30:00,energy_consistent_supply_route,262.55539193891457
2026-03-05 04:00:00,energy_consistent_supply_route,261.6782760473301
2026-03-05 04:30:00,energy_consistent_supply_route,265.15861530835605
2026-03-05 05:00:00,energy_consistent_supply_route,263.15861530835605
2026-03-05 05:30:00,energy_consistent_supply_route,264.55539193891457
2026-03-05 06:00:00,energy_consistent_supply_route,266.55539193891457
2026-03-05 06:30:00,energy_consistent_supply_route,270.55539193891457
2026-03-05 07:00:00,energy_consistent_supply_route,273.7565226763208
2026-03-05 07:30:00,energy_consistent_supply_route,280.0471587066736
2026-03-05 08:00:00,energy_consistent_supply_route,312.6024802480504
2026-03-05 08:30:00,energy_consistent_supply_route,274.2761834152949
2026-03-05 09:00:00,energy_consistent_supply_route,298.0471587066736
2026-03-05 09:30:00,energy_consistent_supply_route,304.0471587066736
2026-03-05 10:00:00,energy_consistent_supply_route,304.0471587066736
2026-03-05 10:30:00,energy_consistent_supply_route,298.0471587066736
2026-03-05 11:00:00,energy_consistent_supply_route,260.0471587066736
2026-03-05 11:30:00,energy_consistent_supply_route,564.4208918579864
2026-03-05 12:00:00,energy_consistent_supply_route,266.0471587066736
2026-03-05 12:30:00,energy_consistent_supply_route,280.0471587066736
2026-03-05 13:00:00,energy_consistent_supply_route,253.0471587066736
2026-03-05 13:30:00,energy_consistent_supply_route,147.27618341529487
2026-03-05 14:00:00,energy_consistent_supply_route,259.0471587066736
2026-03-05 14:30:00,energy_consistent_supply_route,284.0471587066736
2026-03-05 15:00:00,energy_consistent_supply_route,282.0471587066736
2026-03-05 15:30:00,energy_consistent_supply_route,282.0471587066736
2026-03-05 16:00:00,energy_consistent_supply_route,282.0471587066736
2026-03-05 16:30:00,energy_consistent_supply_route,258.0471587066736
2026-03-05 17:00:00,energy_consistent_supply_route,246.0471587066736
2026-03-05 17:30:00,energy_consistent_supply_route,266.0471587066736
2026-03-05 18:00:00,energy_consistent_supply_route,274.0471587066736
2026-03-05 18:30:00,energy_consistent_supply_route,282.0471587066736
2026-03-05 19:00:00,energy_consistent_supply_route,278.0471587066736
2026-03-05 19:30:00,energy_consistent_supply_route,266.0471587066736
2026-03-05 20:00:00,energy_consistent_supply_route,266.9908051852138
2026-03-05 20:30:00,energy_consistent_supply_route,302.9485032231709
2026-03-05 21:00:00,energy_consistent_supply_route,302.9908051852138
2026-03-05 21:30:00,energy_consistent_supply_route,306.9485032231709
2026-03-05 22:00:00,energy_consistent_supply_route,298.9908051852138
2026-03-05 22:30:00,energy_consistent_supply_route,292.9908051852138
2026-03-05 23:00:00,energy_consistent_supply_route,296.9908051852138
2026-03-05 23:30:00,energy_consistent_supply_route,264.9908051852138
2026-03-06 00:00:00,energy_consistent_supply_route,249.55539193891457
2026-03-06 00:30:00,energy_consistent_supply_route,260.55539193891457
2026-03-06 01:00:00,energy_consistent_supply_route,266.55539193891457
2026-03-06 01:30:00,energy_consistent_supply_route,266.55539193891457
2026-03-06 02:00:00,energy_consistent_supply_route,280.55539193891457
2026-03-06 02:30:00,energy_consistent_supply_route,282.55539193891457
2026-03-06 03:00:00,energy_consistent_supply_route,280.55539193891457
2026-03-06 03:30:00,energy_consistent_supply_route,276.55539193891457
2026-03-06 04:00:00,energy_consistent_supply_route,272.55539193891457
2026-03-06 04:30:00,energy_consistent_supply_route,273.4492513387088
2026-03-06 05:00:00,energy_consistent_supply_route,273.4492513387088
2026-03-06 05:30:00,energy_consistent_supply_route,273.4492513387088
2026-03-06 06:00:00,energy_consistent_supply_route,276.9598094667361
2026-03-06 06:30:00,energy_consistent_supply_route,279.4492513387088
2026-03-06 07:00:00,energy_consistent_supply_route,286.0471587066736
2026-03-06 07:30:00,energy_consistent_supply_route,290.0471587066736
2026-03-06 08:00:00,energy_consistent_supply_route,298.0471587066736
2026-03-06 08:30:00,energy_consistent_supply_route,276.0471587066736
2026-03-06 09:00:00,energy_consistent_supply_route,284.0471587066736
2026-03-06 09:30:00,energy_consistent_supply_route,286.0471587066736
2026-03-06 10:00:00,energy_consistent_supply_route,282.0471587066736
2026-03-06 10:30:00,energy_consistent_supply_route,251.0471587066736
2026-03-06 11:00:00,energy_consistent_supply_route,199.0471587066736
2026-03-06 11:30:00,energy_consistent_supply_route,396.4208918579864
2026-03-06 12:00:00,energy_consistent_supply_route,245.0471587066736
2026-03-06 12:30:00,energy_consistent_supply_route,303.7175619202777
2026-03-06 13:00:00,energy_consistent_supply_route,242.0471587066736
2026-03-06 13:30:00,energy_consistent_supply_route,-1.0
2026-03-06 14:00:00,energy_consistent_supply_route,242.0471587066736
2026-03-06 14:30:00,energy_consistent_supply_route,274.0471587066736
2026-03-06 15:00:00,energy_consistent_supply_route,266.0471587066736
2026-03-06 15:30:00,energy_consistent_supply_route,255.0471587066736
2026-03-06 16:00:00,energy_consistent_supply_route,284.0471587066736
2026-03-06 16:30:00,energy_consistent_supply_route,282.0471587066736
2026-03-06 17:00:00,energy_consistent_supply_route,282.0471587066736
2026-03-06 17:30:00,energy_consistent_supply_route,284.0471587066736
2026-03-06 18:00:00,energy_consistent_supply_route,286.0471587066736
2026-03-06 18:30:00,energy_consistent_supply_route,290.0471587066736
2026-03-06 19:00:00,energy_consistent_supply_route,288.0471587066736
2026-03-06 19:30:00,energy_consistent_supply_route,274.0471587066736
2026-03-06 20:00:00,energy_consistent_supply_route,274.0471587066736
2026-03-06 20:30:00,energy_consistent_supply_route,288.0471587066736
2026-03-06 21:00:00,energy_consistent_supply_route,290.0471587066736
2026-03-06 21:30:00,energy_consistent_supply_route,292.0471587066736
2026-03-06 22:00:00,energy_consistent_supply_route,292.0471587066736
2026-03-06 22:30:00,energy_consistent_supply_route,294.0471587066736
2026-03-06 23:00:00,energy_consistent_supply_route,294.0471587066736
2026-03-06 23:30:00,energy_consistent_supply_route,286.0471587066736
2026-03-07 00:00:00,energy_consistent_supply_route,278.0471587066736
2026-03-07 00:30:00,energy_consistent_supply_route,268.0471587066736
2026-03-07 01:00:00,energy_consistent_supply_route,272.0471587066736
2026-03-07 01:30:00,energy_consistent_supply_route,271.4492513387088
2026-03-07 02:00:00,energy_consistent_supply_route,275.4492513387088
2026-03-07 02:30:00,energy_consistent_supply_route,275.4492513387088
2026-03-07 03:00:00,energy_consistent_supply_route,273.4492513387088
2026-03-07 03:30:00,energy_consistent_supply_route,271.4492513387088
2026-03-07 04:00:00,energy_consistent_supply_route,267.4492513387088
2026-03-07 04:30:00,energy_consistent_supply_route,265.4492513387088
2026-03-07 05:00:00,energy_consistent_supply_route,265.4492513387088
2026-03-07 05:30:00,energy_consistent_supply_route,267.4492513387088
2026-03-07 06:00:00,energy_consistent_supply_route,269.4492513387088
2026-03-07 06:30:00,energy_consistent_supply_route,272.0471587066736
2026-03-07 07:00:00,energy_consistent_supply_route,274.0471587066736
2026-03-07 07:30:00,energy_consistent_supply_route,276.0471587066736
2026-03-07 08:00:00,energy_consistent_supply_route,278.0471587066736
2026-03-07 08:30:00,energy_consistent_supply_route,230.0471587066736
2026-03-07 09:00:00,energy_consistent_supply_route,233.0471587066736
2026-03-07 09:30:00,energy_consistent_supply_route,217.0471587066736
2026-03-07 10:00:00,energy_consistent_supply_route,206.0471587066736
2026-03-07 10:30:00,energy_consistent_supply_route,179.04715870667357
2026-03-07 11:00:00,energy_consistent_supply_route,-97.37529687510232
2026-03-07 11:30:00,energy_consistent_supply_route,313.3241312125185
2026-03-07 12:00:00,energy_consistent_supply_route,-1.0
2026-03-07 12:30:00,energy_consistent_supply_route,-1.0
2026-03-07 13:00:00,energy_consistent_supply_route,-1.0
2026-03-07 13:30:00,energy_consistent_supply_route,-185.75652797191395
2026-03-07 14:00:00,energy_consistent_supply_route,-12.446378545454593
2026-03-07 14:30:00,energy_consistent_supply_route,-1.0
2026-03-07 15:00:00,energy_consistent_supply_route,209.0471587066736
2026-03-07 15:30:00,energy_consistent_supply_route,204.0471587066736
2026-03-07 16:00:00,energy_consistent_supply_route,270.0471587066736
2026-03-07 16:30:00,energy_consistent_supply_route,278.0471587066736
2026-03-07 17:00:00,energy_consistent_supply_route,282.0471587066736
2026-03-07 17:30:00,energy_consistent_supply_route,284.0471587066736
2026-03-07 18:00:00,energy_consistent_supply_route,284.0471587066736
2026-03-07 18:30:00,energy_consistent_supply_route,286.0048567446308
2026-03-07 19:00:00,energy_consistent_supply_route,284.0471587066736
2026-03-07 19:30:00,energy_consistent_supply_route,284.0471587066736
2026-03-07 20:00:00,energy_consistent_supply_route,282.0471587066736
2026-03-07 20:30:00,energy_consistent_supply_route,284.0471587066736
2026-03-07 21:00:00,energy_consistent_supply_route,282.0471587066736
2026-03-07 21:30:00,energy_consistent_supply_route,280.0471587066736
2026-03-07 22:00:00,energy_consistent_supply_route,282.0471587066736
2026-03-07 22:30:00,energy_consistent_supply_route,284.0471587066736
2026-03-07 23:00:00,energy_consistent_supply_route,288.0471587066736
2026-03-07 23:30:00,energy_consistent_supply_route,286.0471587066736
2026-03-08 00:00:00,energy_consistent_supply_route,282.0471587066736
2026-03-08 00:30:00,energy_consistent_supply_route,278.0471587066736
2026-03-08 01:00:00,energy_consistent_supply_route,278.0471587066736
2026-03-08 01:30:00,energy_consistent_supply_route,278.0471587066736
2026-03-08 02:00:00,energy_consistent_supply_route,278.0471587066736
2026-03-08 02:30:00,energy_consistent_supply_route,280.0471587066736
2026-03-08 03:00:00,energy_consistent_supply_route,278.0471587066736
2026-03-08 03:30:00,energy_consistent_supply_route,276.0471587066736
2026-03-08 04:00:00,energy_consistent_supply_route,276.0471587066736
2026-03-08 04:30:00,energy_consistent_supply_route,276.0471587066736
2026-03-08 05:00:00,energy_consistent_supply_route,276.0471587066736
2026-03-08 05:30:00,energy_consistent_supply_route,276.0471587066736
2026-03-08 06:00:00,energy_consistent_supply_route,278.0471587066736
2026-03-08 06:30:00,energy_consistent_supply_route,278.0471587066736
2026-03-08 07:00:00,energy_consistent_supply_route,280.0471587066736
2026-03-08 07:30:00,energy_consistent_supply_route,279.7175619202777
2026-03-08 08:00:00,energy_consistent_supply_route,283.7175619202777
2026-03-08 08:30:00,energy_consistent_supply_route,266.0471587066736
2026-03-08 09:00:00,energy_consistent_supply_route,272.0471587066736
2026-03-08 09:30:00,energy_consistent_supply_route,270.0471587066736
2026-03-08 10:00:00,energy_consistent_supply_route,261.4492513387088
2026-03-08 10:30:00,energy_consistent_supply_route,267.4492513387088
2026-03-08 11:00:00,energy_consistent_supply_route,246.4492513387088
2026-03-08 11:30:00,energy_consistent_supply_route,329.6421562665976
2026-03-08 12:00:00,energy_consistent_supply_route,-1.0
2026-03-08 12:30:00,energy_consistent_supply_route,228.4492513387088
2026-03-08 13:00:00,energy_consistent_supply_route,230.4492513387088
2026-03-08 13:30:00,energy_consistent_supply_route,-1.0
2026-03-08 14:00:00,energy_consistent_supply_route,-1.0
2026-03-08 14:30:00,energy_consistent_supply_route,-1.0
2026-03-08 15:00:00,energy_consistent_supply_route,232.4492513387088
2026-03-08 15:30:00,energy_consistent_supply_route,243.0471587066736
2026-03-08 16:00:00,energy_consistent_supply_route,270.0471587066736
2026-03-08 16:30:00,energy_consistent_supply_route,270.0471587066736
2026-03-08 17:00:00,energy_consistent_supply_route,274.0471587066736
2026-03-08 17:30:00,energy_consistent_supply_route,278.0471587066736
2026-03-08 18:00:00,energy_consistent_supply_route,278.0471587066736
2026-03-08 18:30:00,energy_consistent_supply_route,280.0471587066736
2026-03-08 19:00:00,energy_consistent_supply_route,282.0471587066736
2026-03-08 19:30:00,energy_consistent_supply_route,282.0471587066736
2026-03-08 20:00:00,energy_consistent_supply_route,284.0471587066736
2026-03-08 20:30:00,energy_consistent_supply_route,284.0471587066736
2026-03-08 21:00:00,energy_consistent_supply_route,286.0471587066736
2026-03-08 21:30:00,energy_consistent_supply_route,286.0471587066736
2026-03-08 22:00:00,energy_consistent_supply_route,282.55539193891457
2026-03-08 22:30:00,energy_consistent_supply_route,284.55539193891457
2026-03-08 23:00:00,energy_consistent_supply_route,286.55539193891457
2026-03-08 23:30:00,energy_consistent_supply_route,280.55539193891457
2026-03-09 00:00:00,energy_consistent_supply_route,276.55539193891457
2026-03-09 00:30:00,energy_consistent_supply_route,282.0471587066736
2026-03-09 01:00:00,energy_consistent_supply_route,283.4492513387088
2026-03-09 01:30:00,energy_consistent_supply_route,285.4492513387088
2026-03-09 02:00:00,energy_consistent_supply_route,287.4492513387088
2026-03-09 02:30:00,energy_consistent_supply_route,285.4492513387088
2026-03-09 03:00:00,energy_consistent_supply_route,283.4492513387088
2026-03-09 03:30:00,energy_consistent_supply_route,281.4492513387088
2026-03-09 04:00:00,energy_consistent_supply_route,279.4492513387088
2026-03-09 04:30:00,energy_consistent_supply_route,277.4492513387088
2026-03-09 05:00:00,energy_consistent_supply_route,277.4492513387088
2026-03-09 05:30:00,energy_consistent_supply_route,279.4492513387088
2026-03-09 06:00:00,energy_consistent_supply_route,281.4492513387088
2026-03-09 06:30:00,energy_consistent_supply_route,281.4492513387088
2026-03-09 07:00:00,energy_consistent_supply_route,288.0471587066736
2026-03-09 07:30:00,energy_consistent_supply_route,292.0471587066736
2026-03-09 08:00:00,energy_consistent_supply_route,298.0471587066736
2026-03-09 08:30:00,energy_consistent_supply_route,296.0471587066736
2026-03-09 09:00:00,energy_consistent_supply_route,294.0471587066736
2026-03-09 09:30:00,energy_consistent_supply_route,298.0471587066736
2026-03-09 10:00:00,energy_consistent_supply_route,274.0471587066736
2026-03-09 10:30:00,energy_consistent_supply_route,274.0471587066736
2026-03-09 11:00:00,energy_consistent_supply_route,-1.0
2026-03-09 11:30:00,energy_consistent_supply_route,305.946586628899
2026-03-09 12:00:00,energy_consistent_supply_route,-82.58259653484777
2026-03-09 12:30:00,energy_consistent_supply_route,-1.0
2026-03-09 13:00:00,energy_consistent_supply_route,-28.510544735486874
2026-03-09 13:30:00,energy_consistent_supply_route,-150.3402666260528
2026-03-09 14:00:00,energy_consistent_supply_route,-133.44542353103515
2026-03-09 14:30:00,energy_consistent_supply_route,-1.0
2026-03-09 15:00:00,energy_consistent_supply_route,224.0471587066736
2026-03-09 15:30:00,energy_consistent_supply_route,249.0471587066736
2026-03-09 16:00:00,energy_consistent_supply_route,325.6354062670744
2026-03-09 16:30:00,energy_consistent_supply_route,284.0471587066736
2026-03-09 17:00:00,energy_consistent_supply_route,286.0471587066736
2026-03-09 17:30:00,energy_consistent_supply_route,288.0471587066736
2026-03-09 18:00:00,energy_consistent_supply_route,288.0471587066736
2026-03-09 18:30:00,energy_consistent_supply_route,292.0471587066736
2026-03-09 19:00:00,energy_consistent_supply_route,294.0471587066736
2026-03-09 19:30:00,energy_consistent_supply_route,294.0471587066736
2026-03-09 20:00:00,energy_consistent_supply_route,294.0471587066736
2026-03-09 20:30:00,energy_consistent_supply_route,294.0471587066736
2026-03-09 21:00:00,energy_consistent_supply_route,296.0471587066736
2026-03-09 21:30:00,energy_consistent_supply_route,298.0471587066736
2026-03-09 22:00:00,energy_consistent_supply_route,300.0471587066736
2026-03-09 22:30:00,energy_consistent_supply_route,304.0471587066736
2026-03-09 23:00:00,energy_consistent_supply_route,309.7175619202777
2026-03-09 23:30:00,energy_consistent_supply_route,302.0471587066736
2026-03-10 00:00:00,energy_consistent_supply_route,294.0471587066736
2026-03-10 00:30:00,energy_consistent_supply_route,280.0471587066736
2026-03-10 01:00:00,energy_consistent_supply_route,276.0471587066736
2026-03-10 01:30:00,energy_consistent_supply_route,276.0471587066736
2026-03-10 02:00:00,energy_consistent_supply_route,278.0471587066736
2026-03-10 02:30:00,energy_consistent_supply_route,278.0471587066736
2026-03-10 03:00:00,energy_consistent_supply_route,278.0471587066736
2026-03-10 03:30:00,energy_consistent_supply_route,276.0471587066736
2026-03-10 04:00:00,energy_consistent_supply_route,276.0471587066736
2026-03-10 04:30:00,energy_consistent_supply_route,276.0471587066736
2026-03-10 05:00:00,energy_consistent_supply_route,276.0471587066736
2026-03-10 05:30:00,energy_consistent_supply_route,276.0471587066736
2026-03-10 06:00:00,energy_consistent_supply_route,278.0471587066736
2026-03-10 06:30:00,energy_consistent_supply_route,280.0471587066736
2026-03-10 07:00:00,energy_consistent_supply_route,284.0471587066736
2026-03-10 07:30:00,energy_consistent_supply_route,284.0471587066736
2026-03-10 08:00:00,energy_consistent_supply_route,284.0471587066736
2026-03-10 08:30:00,energy_consistent_supply_route,205.0471587066736
2026-03-10 09:00:00,energy_consistent_supply_route,194.0471587066736
2026-03-10 09:30:00,energy_consistent_supply_route,179.04715870667357
2026-03-10 10:00:00,energy_consistent_supply_route,127.9492513387088
2026-03-10 10:30:00,energy_consistent_supply_route,162.4492513387088
2026-03-10 11:00:00,energy_consistent_supply_route,45.19925133870879
2026-03-10 11:30:00,energy_consistent_supply_route,203.6782760473301
2026-03-10 12:00:00,energy_consistent_supply_route,0.0
2026-03-10 12:30:00,energy_consistent_supply_route,0.0
2026-03-10 13:00:00,energy_consistent_supply_route,0.0
2026-03-10 13:30:00,energy_consistent_supply_route,-198.6901125940836
2026-03-10 14:00:00,energy_consistent_supply_route,-197.0258120341734
2026-03-10 14:30:00,energy_consistent_supply_route,0.0
2026-03-10 15:00:00,energy_consistent_supply_route,26.82425133870879
2026-03-10 15:30:00,energy_consistent_supply_route,98.0471587066736
2026-03-10 16:00:00,energy_consistent_supply_route,236.0471587066736
2026-03-10 16:30:00,energy_consistent_supply_route,262.0471587066736
2026-03-10 17:00:00,energy_consistent_supply_route,274.0471587066736
2026-03-10 17:30:00,energy_consistent_supply_route,276.0471587066736
2026-03-10 18:00:00,energy_consistent_supply_route,278.0471587066736
2026-03-10 18:30:00,energy_consistent_supply_route,286.0471587066736
2026-03-10 19:00:00,energy_consistent_supply_route,292.0471587066736
2026-03-10 19:30:00,energy_consistent_supply_route,290.0471587066736
2026-03-10 20:00:00,energy_consistent_supply_route,286.0471587066736
2026-03-10 20:30:00,energy_consistent_supply_route,290.0471587066736
2026-03-10 21:00:00,energy_consistent_supply_route,292.0471587066736
2026-03-10 21:30:00,energy_consistent_supply_route,294.0471587066736
2026-03-10 22:00:00,energy_consistent_supply_route,296.0471587066736
2026-03-10 22:30:00,energy_consistent_supply_route,298.0471587066736
2026-03-10 23:00:00,energy_consistent_supply_route,302.0471587066736
2026-03-10 23:30:00,energy_consistent_supply_route,296.0471587066736
2026-03-11 00:00:00,energy_consistent_supply_route,288.0471587066736
2026-03-11 00:30:00,energy_consistent_supply_route,294.0471587066736
2026-03-11 01:00:00,energy_consistent_supply_route,292.0471587066736
2026-03-11 01:30:00,energy_consistent_supply_route,292.0471587066736
2026-03-11 02:00:00,energy_consistent_supply_route,292.0471587066736
2026-03-11 02:30:00,energy_consistent_supply_route,294.0471587066736
2026-03-11 03:00:00,energy_consistent_supply_route,292.0471587066736
2026-03-11 03:30:00,energy_consistent_supply_route,288.0471587066736
2026-03-11 04:00:00,energy_consistent_supply_route,284.0471587066736
2026-03-11 04:30:00,energy_consistent_supply_route,284.0471587066736
2026-03-11 05:00:00,energy_consistent_supply_route,284.0471587066736
2026-03-11 05:30:00,energy_consistent_supply_route,286.0471587066736
2026-03-11 06:00:00,energy_consistent_supply_route,290.0471587066736
2026-03-11 06:30:00,energy_consistent_supply_route,300.0471587066736
2026-03-11 07:00:00,energy_consistent_supply_route,315.6350424053517
2026-03-11 07:30:00,energy_consistent_supply_route,313.28226596928187
2026-03-11 08:00:00,energy_consistent_supply_route,312.9949711449289
2026-03-11 08:30:00,energy_consistent_supply_route,235.0471587066736
2026-03-11 09:00:00,energy_consistent_supply_route,235.0471587066736
2026-03-11 09:30:00,energy_consistent_supply_route,194.4492513387088
2026-03-11 10:00:00,energy_consistent_supply_route,105.9492513387088
2026-03-11 10:30:00,energy_consistent_supply_route,77.94925133870879
2026-03-11 11:00:00,energy_consistent_supply_route,0.0
2026-03-11 11:30:00,energy_consistent_supply_route,26.882391656245023
2026-03-11 12:00:00,energy_consistent_supply_route,0.0
2026-03-11 12:30:00,energy_consistent_supply_route,0.0
2026-03-11 13:00:00,energy_consistent_supply_route,0.0
2026-03-11 13:30:00,energy_consistent_supply_route,-197.0702105094157
2026-03-11 14:00:00,energy_consistent_supply_route,-195.440241287048
2026-03-11 14:30:00,energy_consistent_supply_route,0.0
2026-03-11 15:00:00,energy_consistent_supply_route,17.38675133870879
2026-03-11 15:30:00,energy_consistent_supply_route,183.0471587066736
2026-03-11 16:00:00,energy_consistent_supply_route,244.0471587066736
2026-03-11 16:30:00,energy_consistent_supply_route,268.0471587066736
2026-03-11 17:00:00,energy_consistent_supply_route,278.0471587066736
2026-03-11 17:30:00,energy_consistent_supply_route,284.0471587066736
2026-03-11 18:00:00,energy_consistent_supply_route,294.0471587066736
2026-03-11 18:30:00,energy_consistent_supply_route,311.8134665829382
2026-03-11 19:00:00,energy_consistent_supply_route,319.3899964378468
2026-03-11 19:30:00,energy_consistent_supply_route,315.9571969354771
2026-03-11 20:00:00,energy_consistent_supply_route,313.32456793132474
2026-03-11 20:30:00,energy_consistent_supply_route,315.9571969354771
2026-03-11 21:00:00,energy_consistent_supply_route,323.3899964378468
2026-03-11 21:30:00,energy_consistent_supply_route,327.19953544440875
2026-03-11 22:00:00,energy_consistent_supply_route,327.19953544440875
2026-03-11 22:30:00,energy_consistent_supply_route,327.19953544440875
2026-03-11 23:00:00,energy_consistent_supply_route,329.19953544440875
2026-03-11 23:30:00,energy_consistent_supply_route,316.9359532914553
2026-03-12 00:00:00,energy_consistent_supply_route,306.0471587066736
2026-03-12 00:30:00,energy_consistent_supply_route,290.0471587066736
2026-03-12 01:00:00,energy_consistent_supply_route,290.0471587066736
2026-03-12 01:30:00,energy_consistent_supply_route,292.0471587066736
2026-03-12 02:00:00,energy_consistent_supply_route,288.0471587066736
2026-03-12 02:30:00,energy_consistent_supply_route,288.0471587066736
2026-03-12 03:00:00,energy_consistent_supply_route,284.0471587066736
2026-03-12 03:30:00,energy_consistent_supply_route,282.0471587066736
2026-03-12 04:00:00,energy_consistent_supply_route,278.0471587066736
2026-03-12 04:30:00,energy_consistent_supply_route,278.0471587066736
2026-03-12 05:00:00,energy_consistent_supply_route,276.0471587066736
2026-03-12 05:30:00,energy_consistent_supply_route,276.0471587066736
2026-03-12 06:00:00,energy_consistent_supply_route,280.0471587066736
2026-03-12 06:30:00,energy_consistent_supply_route,296.0471587066736
2026-03-12 07:00:00,energy_consistent_supply_route,317.3899964378468
2026-03-12 07:30:00,energy_consistent_supply_route,309.7175619202777
2026-03-12 08:00:00,energy_consistent_supply_route,294.85529902420984
2026-03-12 08:30:00,energy_consistent_supply_route,228.0471587066736
2026-03-12 09:00:00,energy_consistent_supply_route,228.0471587066736
2026-03-12 09:30:00,energy_consistent_supply_route,225.0471587066736
2026-03-12 10:00:00,energy_consistent_supply_route,-1.0
2026-03-12 10:30:00,energy_consistent_supply_route,-1.0
2026-03-12 11:00:00,energy_consistent_supply_route,-90.59846038443156
2026-03-12 11:30:00,energy_consistent_supply_route,-1.0
2026-03-12 12:00:00,energy_consistent_supply_route,-188.85042417084335
2026-03-12 12:30:00,energy_consistent_supply_route,-191.0893504684867
2026-03-12 13:00:00,energy_consistent_supply_route,-191.93773086372747
2026-03-12 13:30:00,energy_consistent_supply_route,-191.414120860011
2026-03-12 14:00:00,energy_consistent_supply_route,-191.53695720616645
2026-03-12 14:30:00,energy_consistent_supply_route,-188.60583463970715
2026-03-12 15:00:00,energy_consistent_supply_route,-1.0
2026-03-12 15:30:00,energy_consistent_supply_route,270.0471587066736
2026-03-12 16:00:00,energy_consistent_supply_route,280.0471587066736
2026-03-12 16:30:00,energy_consistent_supply_route,284.0471587066736
2026-03-12 17:00:00,energy_consistent_supply_route,288.0471587066736
2026-03-12 17:30:00,energy_consistent_supply_route,290.0471587066736
2026-03-12 18:00:00,energy_consistent_supply_route,302.0471587066736
2026-03-12 18:30:00,energy_consistent_supply_route,321.3899964378468
2026-03-12 19:00:00,energy_consistent_supply_route,329.19953544440875
2026-03-12 19:30:00,energy_consistent_supply_route,319.3899964378468
2026-03-12 20:00:00,energy_consistent_supply_route,310.0471587066736
2026-03-12 20:30:00,energy_consistent_supply_route,313.9571969354771
2026-03-12 21:00:00,energy_consistent_supply_route,317.3899964378468
2026-03-12 21:30:00,energy_consistent_supply_route,313.9571969354771
2026-03-12 22:00:00,energy_consistent_supply_route,315.9571969354771
2026-03-12 22:30:00,energy_consistent_supply_route,319.3899964378468
2026-03-12 23:00:00,energy_consistent_supply_route,321.3899964378468
2026-03-12 23:30:00,energy_consistent_supply_route,304.0471587066736
2026-03-13 00:00:00,energy_consistent_supply_route,284.0471587066736
2026-03-13 00:30:00,energy_consistent_supply_route,266.0471587066736
2026-03-13 01:00:00,energy_consistent_supply_route,266.0471587066736
2026-03-13 01:30:00,energy_consistent_supply_route,268.0471587066736
2026-03-13 02:00:00,energy_consistent_supply_route,266.0471587066736
2026-03-13 02:30:00,energy_consistent_supply_route,268.0471587066736
2026-03-13 03:00:00,energy_consistent_supply_route,268.0471587066736
2026-03-13 03:30:00,energy_consistent_supply_route,268.0471587066736
2026-03-13 04:00:00,energy_consistent_supply_route,264.0471587066736
2026-03-13 04:30:00,energy_consistent_supply_route,264.0471587066736
2026-03-13 05:00:00,energy_consistent_supply_route,266.0471587066736
2026-03-13 05:30:00,energy_consistent_supply_route,268.0471587066736
2026-03-13 06:00:00,energy_consistent_supply_route,274.0471587066736
2026-03-13 06:30:00,energy_consistent_supply_route,290.0471587066736
2026-03-13 07:00:00,energy_consistent_supply_route,308.0471587066736
2026-03-13 07:30:00,energy_consistent_supply_route,286.0471587066736
2026-03-13 08:00:00,energy_consistent_supply_route,278.0471587066736
2026-03-13 08:30:00,energy_consistent_supply_route,194.0471587066736
2026-03-13 09:00:00,energy_consistent_supply_route,187.0471587066736
2026-03-13 09:30:00,energy_consistent_supply_route,-1.0
2026-03-13 10:00:00,energy_consistent_supply_route,-96.74742137226872
2026-03-13 10:30:00,energy_consistent_supply_route,-186.9245320183241
2026-03-13 11:00:00,energy_consistent_supply_route,-197.47040012465877
2026-03-13 11:30:00,energy_consistent_supply_route,-197.0487570798303
2026-03-13 12:00:00,energy_consistent_supply_route,-198.8731595244741
2026-03-13 12:30:00,energy_consistent_supply_route,-198.36697012450009
2026-03-13 13:00:00,energy_consistent_supply_route,-198.4703224209666
2026-03-13 13:30:00,energy_consistent_supply_route,-199.0063367479263
2026-03-13 14:00:00,energy_consistent_supply_route,-198.9172174978508
2026-03-13 14:30:00,energy_consistent_supply_route,-197.9649637480856
2026-03-13 15:00:00,energy_consistent_supply_route,-55.077739816927775
2026-03-13 15:30:00,energy_consistent_supply_route,244.4492513387088
2026-03-13 16:00:00,energy_consistent_supply_route,260.2761834152949
2026-03-13 16:30:00,energy_consistent_supply_route,268.0471587066736
2026-03-13 17:00:00,energy_consistent_supply_route,278.0471587066736
2026-03-13 17:30:00,energy_consistent_supply_route,282.0471587066736
2026-03-13 18:00:00,energy_consistent_supply_route,286.0471587066736
2026-03-13 18:30:00,energy_consistent_supply_route,309.7175619202777
2026-03-13 19:00:00,energy_consistent_supply_route,317.3899964378468
2026-03-13 19:30:00,energy_consistent_supply_route,311.32456793132474
2026-03-13 20:00:00,energy_consistent_supply_route,303.7175619202777
2026-03-13 20:30:00,energy_consistent_supply_route,310.9949711449289
2026-03-13 21:00:00,energy_consistent_supply_route,315.9571969354771
2026-03-13 21:30:00,energy_consistent_supply_route,313.9571969354771
2026-03-13 22:00:00,energy_consistent_supply_route,315.9571969354771
2026-03-13 22:30:00,energy_consistent_supply_route,319.3899964378468
2026-03-13 23:00:00,energy_consistent_supply_route,325.19953544440875
2026-03-13 23:30:00,energy_consistent_supply_route,310.0471587066736
2026-03-14 00:00:00,energy_consistent_supply_route,290.0471587066736
2026-03-14 00:30:00,energy_consistent_supply_route,282.0471587066736
2026-03-14 01:00:00,energy_consistent_supply_route,278.0471587066736
2026-03-14 01:30:00,energy_consistent_supply_route,276.0471587066736
2026-03-14 02:00:00,energy_consistent_supply_route,272.0471587066736
2026-03-14 02:30:00,energy_consistent_supply_route,272.0471587066736
2026-03-14 03:00:00,energy_consistent_supply_route,274.0471587066736
2026-03-14 03:30:00,energy_consistent_supply_route,272.0471587066736
2026-03-14 04:00:00,energy_consistent_supply_route,268.0471587066736
2026-03-14 04:30:00,energy_consistent_supply_route,268.0471587066736
2026-03-14 05:00:00,energy_consistent_supply_route,268.0471587066736
2026-03-14 05:30:00,energy_consistent_supply_route,270.0471587066736
2026-03-14 06:00:00,energy_consistent_supply_route,272.0471587066736
2026-03-14 06:30:00,energy_consistent_supply_route,282.0471587066736
2026-03-14 07:00:00,energy_consistent_supply_route,297.7175619202777
2026-03-14 07:30:00,energy_consistent_supply_route,298.20193534078624
2026-03-14 08:00:00,energy_consistent_supply_route,292.0471587066736
2026-03-14 08:30:00,energy_consistent_supply_route,215.0471587066736
2026-03-14 09:00:00,energy_consistent_supply_route,239.0471587066736
2026-03-14 09:30:00,energy_consistent_supply_route,253.4492513387088
2026-03-14 10:00:00,energy_consistent_supply_route,244.4492513387088
2026-03-14 10:30:00,energy_consistent_supply_route,-1.0
2026-03-14 11:00:00,energy_consistent_supply_route,-162.45955551870486
2026-03-14 11:30:00,energy_consistent_supply_route,-162.9913256539529
2026-03-14 12:00:00,energy_consistent_supply_route,-182.1411259629418
2026-03-14 12:30:00,energy_consistent_supply_route,-174.71358848380822
2026-03-14 13:00:00,energy_consistent_supply_route,-178.7166181307331
2026-03-14 13:30:00,energy_consistent_supply_route,-193.74260375709036
2026-03-14 14:00:00,energy_consistent_supply_route,-194.2849630306626
2026-03-14 14:30:00,energy_consistent_supply_route,-192.8115673203524
2026-03-14 15:00:00,energy_consistent_supply_route,-1.0
2026-03-14 15:30:00,energy_consistent_supply_route,269.4492513387088
2026-03-14 16:00:00,energy_consistent_supply_route,274.0471587066736
2026-03-14 16:30:00,energy_consistent_supply_route,294.0471587066736
2026-03-14 17:00:00,energy_consistent_supply_route,302.0471587066736
2026-03-14 17:30:00,energy_consistent_supply_route,292.0471587066736
2026-03-14 18:00:00,energy_consistent_supply_route,292.0471587066736
2026-03-14 18:30:00,energy_consistent_supply_route,308.20193534078624
2026-03-14 19:00:00,energy_consistent_supply_route,313.6554148025849
2026-03-14 19:30:00,energy_consistent_supply_route,304.0048567446308
2026-03-14 20:00:00,energy_consistent_supply_route,294.0471587066736
2026-03-14 20:30:00,energy_consistent_supply_route,300.0048567446308
2026-03-14 21:00:00,energy_consistent_supply_route,304.0471587066736
2026-03-14 21:30:00,energy_consistent_supply_route,300.0471587066736
2026-03-14 22:00:00,energy_consistent_supply_route,302.0471587066736
2026-03-14 22:30:00,energy_consistent_supply_route,313.28226596928187
2026-03-14 23:00:00,energy_consistent_supply_route,317.5660666749943
2026-03-14 23:30:00,energy_consistent_supply_route,302.0471587066736
2026-03-15 00:00:00,energy_consistent_supply_route,288.0471587066736
2026-03-01 00:30:00,energy_consistent_dual_route,220.9685327737372
2026-03-01 01:00:00,energy_consistent_dual_route,263.4890712935825
2026-03-01 01:30:00,energy_consistent_dual_route,269.3131783739742
2026-03-01 02:00:00,energy_consistent_dual_route,273.1381727467743
2026-03-01 02:30:00,energy_consistent_dual_route,283.1358044214591
2026-03-01 03:00:00,energy_consistent_dual_route,279.13651767070775
2026-03-01 03:30:00,energy_consistent_dual_route,273.1337725533262
2026-03-01 04:00:00,energy_consistent_dual_route,266.6150146951922
2026-03-01 04:30:00,energy_consistent_dual_route,264.61606835281185
2026-03-01 05:00:00,energy_consistent_dual_route,264.7443857421105
2026-03-01 05:30:00,energy_consistent_dual_route,266.7893014927537
2026-03-01 06:00:00,energy_consistent_dual_route,270.83612542192736
2026-03-01 06:30:00,energy_consistent_dual_route,268.98811152407325
2026-03-01 07:00:00,energy_consistent_dual_route,265.6212281508145
2026-03-01 07:30:00,energy_consistent_dual_route,261.558129365365
2026-03-01 08:00:00,energy_consistent_dual_route,268.8412888206799
2026-03-01 08:30:00,energy_consistent_dual_route,242.61482703415905
2026-03-01 09:00:00,energy_consistent_dual_route,248.03133230119187
2026-03-01 09:30:00,energy_consistent_dual_route,247.81185849863832
2026-03-01 10:00:00,energy_consistent_dual_route,251.7089970259097
2026-03-01 10:30:00,energy_consistent_dual_route,245.956039798828
2026-03-01 11:00:00,energy_consistent_dual_route,237.92367533489588
2026-03-01 11:30:00,energy_consistent_dual_route,291.8955192367198
2026-03-01 12:00:00,energy_consistent_dual_route,233.0570294897904
2026-03-01 12:30:00,energy_consistent_dual_route,235.6872260376796
2026-03-01 13:00:00,energy_consistent_dual_route,145.6023976929006
2026-03-01 13:30:00,energy_consistent_dual_route,132.57131834634134
2026-03-01 14:00:00,energy_consistent_dual_route,240.68047963329323
2026-03-01 14:30:00,energy_consistent_dual_route,254.9900395777
2026-03-01 15:00:00,energy_consistent_dual_route,262.2243687064347
2026-03-01 15:30:00,energy_consistent_dual_route,275.18690379536525
2026-03-01 16:00:00,energy_consistent_dual_route,271.0717034547916
2026-03-01 16:30:00,energy_consistent_dual_route,238.0130729784642
2026-03-01 17:00:00,energy_consistent_dual_route,213.5787893682553
2026-03-01 17:30:00,energy_consistent_dual_route,218.9089013959604
2026-03-01 18:00:00,energy_consistent_dual_route,240.1886933903548
2026-03-01 18:30:00,energy_consistent_dual_route,249.91156060685805
2026-03-01 19:00:00,energy_consistent_dual_route,250.8837686228871
2026-03-01 19:30:00,energy_consistent_dual_route,245.96490306573756
2026-03-01 20:00:00,energy_consistent_dual_route,237.85116429201508
2026-03-01 20:30:00,energy_consistent_dual_route,248.9442589307376
2026-03-01 21:00:00,energy_consistent_dual_route,252.8838304881128
2026-03-01 21:30:00,energy_consistent_dual_route,257.8803273509076
2026-03-01 22:00:00,energy_consistent_dual_route,263.0365383608484
2026-03-01 22:30:00,energy_consistent_dual_route,267.0677579340255
2026-03-01 23:00:00,energy_consistent_dual_route,272.90531701278775
2026-03-01 23:30:00,energy_consistent_dual_route,258.55499505044247
2026-03-02 00:00:00,energy_consistent_dual_route,244.53647358952165
2026-03-02 00:30:00,energy_consistent_dual_route,245.34534257416837
2026-03-02 01:00:00,energy_consistent_dual_route,285.2370013355072
2026-03-02 01:30:00,energy_consistent_dual_route,286.9201807710315
2026-03-02 02:00:00,energy_consistent_dual_route,288.7237359874915
2026-03-02 02:30:00,energy_consistent_dual_route,298.6058692717391
2026-03-02 03:00:00,energy_consistent_dual_route,294.6522249183667
2026-03-02 03:30:00,energy_consistent_dual_route,290.77428383846313
2026-03-02 04:00:00,energy_consistent_dual_route,286.8970138343412
2026-03-02 04:30:00,energy_consistent_dual_route,284.9215250804969
2026-03-02 05:00:00,energy_consistent_dual_route,283.0802585307471
2026-03-02 05:30:00,energy_consistent_dual_route,285.071192112326
2026-03-02 06:00:00,energy_consistent_dual_route,287.1533126422511
2026-03-02 06:30:00,energy_consistent_dual_route,287.2432173611201
2026-03-02 07:00:00,energy_consistent_dual_route,287.63401962384125
2026-03-02 07:30:00,energy_consistent_dual_route,287.73184113488617
2026-03-02 08:00:00,energy_consistent_dual_route,287.28393738875315
2026-03-02 08:30:00,energy_consistent_dual_route,252.58008003678376
2026-03-02 09:00:00,energy_consistent_dual_route,270.13188839026606
2026-03-02 09:30:00,energy_consistent_dual_route,280.00281700568365
2026-03-02 10:00:00,energy_consistent_dual_route,281.97167061227304
2026-03-02 10:30:00,energy_consistent_dual_route,262.08008430272577
2026-03-02 11:00:00,energy_consistent_dual_route,262.0039739928161
2026-03-02 11:30:00,energy_consistent_dual_route,334.8788122325968
2026-03-02 12:00:00,energy_consistent_dual_route,260.64651003656166
2026-03-02 12:30:00,energy_consistent_dual_route,284.1080015068118
2026-03-02 13:00:00,energy_consistent_dual_route,255.11586395345697
2026-03-02 13:30:00,energy_consistent_dual_route,241.1534312522489
2026-03-02 14:00:00,energy_consistent_dual_route,276.21205137110684
2026-03-02 14:30:00,energy_consistent_dual_route,282.2018875478559
2026-03-02 15:00:00,energy_consistent_dual_route,290.2546597480682
2026-03-02 15:30:00,energy_consistent_dual_route,296.1697809422359
2026-03-02 16:00:00,energy_consistent_dual_route,287.02274838873353
2026-03-02 16:30:00,energy_consistent_dual_route,276.7003478632653
2026-03-02 17:00:00,energy_consistent_dual_route,268.7399147106854
2026-03-02 17:30:00,energy_consistent_dual_route,271.000668226414
2026-03-02 18:00:00,energy_consistent_dual_route,277.2138821855437
2026-03-02 18:30:00,energy_consistent_dual_route,281.23985202006253
2026-03-02 19:00:00,energy_consistent_dual_route,279.2435565556053
2026-03-02 19:30:00,energy_consistent_dual_route,279.37066737269663
2026-03-02 20:00:00,energy_consistent_dual_route,279.1292566463963
2026-03-02 20:30:00,energy_consistent_dual_route,283.0787959489207
2026-03-02 21:00:00,energy_consistent_dual_route,287.1923813202541
2026-03-02 21:30:00,energy_consistent_dual_route,287.35399364817243
2026-03-02 22:00:00,energy_consistent_dual_route,289.27421038157087
2026-03-02 22:30:00,energy_consistent_dual_route,291.2281284088874
2026-03-02 23:00:00,energy_consistent_dual_route,293.3725234256229
2026-03-02 23:30:00,energy_consistent_dual_route,289.5473790417161
2026-03-03 00:00:00,energy_consistent_dual_route,277.61584315258955
2026-03-03 00:30:00,energy_consistent_dual_route,-26.353181108895345
2026-03-03 01:00:00,energy_consistent_dual_route,237.4045967940671
2026-03-03 01:30:00,energy_consistent_dual_route,239.91843665271472
2026-03-03 02:00:00,energy_consistent_dual_route,253.6916414691279
2026-03-03 02:30:00,energy_consistent_dual_route,274.8298765265362
2026-03-03 03:00:00,energy_consistent_dual_route,268.5816113759625
2026-03-03 03:30:00,energy_consistent_dual_route,264.35643825302634
2026-03-03 04:00:00,energy_consistent_dual_route,257.30748730410323
2026-03-03 04:30:00,energy_consistent_dual_route,254.32491626584425
2026-03-03 05:00:00,energy_consistent_dual_route,253.13014801421235
2026-03-03 05:30:00,energy_consistent_dual_route,255.89099193503495
2026-03-03 06:00:00,energy_consistent_dual_route,260.887808193938
2026-03-03 06:30:00,energy_consistent_dual_route,263.13523855559515
2026-03-03 07:00:00,energy_consistent_dual_route,265.3456962538013
2026-03-03 07:30:00,energy_consistent_dual_route,267.4575097015123
2026-03-03 08:00:00,energy_consistent_dual_route,269.181792826799
2026-03-03 08:30:00,energy_consistent_dual_route,242.12489468319723
2026-03-03 09:00:00,energy_consistent_dual_route,258.2781820326785
2026-03-03 09:30:00,energy_consistent_dual_route,262.86967387256846
2026-03-03 10:00:00,energy_consistent_dual_route,261.0956782323214
2026-03-03 10:30:00,energy_consistent_dual_route,253.18148235785307
2026-03-03 11:00:00,energy_consistent_dual_route,-1.0
2026-03-03 11:30:00,energy_consistent_dual_route,343.9476630862637
2026-03-03 12:00:00,energy_consistent_dual_route,226.0791566397765
2026-03-03 12:30:00,energy_consistent_dual_route,238.07946477634255
2026-03-03 13:00:00,energy_consistent_dual_route,229.68204635695204
2026-03-03 13:30:00,energy_consistent_dual_route,-1.0
2026-03-03 14:00:00,energy_consistent_dual_route,255.30842255789847
2026-03-03 14:30:00,energy_consistent_dual_route,269.15035087167263
2026-03-03 15:00:00,energy_consistent_dual_route,271.34781450460184
2026-03-03 15:30:00,energy_consistent_dual_route,271.3636999319918
2026-03-03 16:00:00,energy_consistent_dual_route,271.24613953159457
2026-03-03 16:30:00,energy_consistent_dual_route,250.04072237103964
2026-03-03 17:00:00,energy_consistent_dual_route,190.94062290797245
2026-03-03 17:30:00,energy_consistent_dual_route,212.8914872468982
2026-03-03 18:00:00,energy_consistent_dual_route,258.35019801435874
2026-03-03 18:30:00,energy_consistent_dual_route,261.37764144899614
2026-03-03 19:00:00,energy_consistent_dual_route,255.3851472048767
2026-03-03 19:30:00,energy_consistent_dual_route,253.3455758417704
2026-03-03 20:00:00,energy_consistent_dual_route,250.1911137749231
2026-03-03 20:30:00,energy_consistent_dual_route,257.21130325239784
2026-03-03 21:00:00,energy_consistent_dual_route,263.17026172742635
2026-03-03 21:30:00,energy_consistent_dual_route,267.0069557770016
2026-03-03 22:00:00,energy_consistent_dual_route,271.7401487654258
2026-03-03 22:30:00,energy_consistent_dual_route,273.69153741441755
2026-03-03 23:00:00,energy_consistent_dual_route,275.68357792836133
2026-03-03 23:30:00,energy_consistent_dual_route,258.8137939716567
2026-03-04 00:00:00,energy_consistent_dual_route,228.52810211035347
2026-03-04 00:30:00,energy_consistent_dual_route,215.54991270076437
2026-03-04 01:00:00,energy_consistent_dual_route,271.8194415977963
2026-03-04 01:30:00,energy_consistent_dual_route,281.7430982455203
2026-03-04 02:00:00,energy_consistent_dual_route,284.9964224543018
2026-03-04 02:30:00,energy_consistent_dual_route,291.30069703313825
2026-03-04 03:00:00,energy_consistent_dual_route,285.05276666749546
2026-03-04 03:30:00,energy_consistent_dual_route,281.1029913694609
2026-03-04 04:00:00,energy_consistent_dual_route,275.1268926495495
2026-03-04 04:30:00,energy_consistent_dual_route,275.14157807583376
2026-03-04 05:00:00,energy_consistent_dual_route,271.203482501886
2026-03-04 05:30:00,energy_consistent_dual_route,273.1961955106365
2026-03-04 06:00:00,energy_consistent_dual_route,277.1974018958004
2026-03-04 06:30:00,energy_consistent_dual_route,279.884691278132
2026-03-04 07:00:00,energy_consistent_dual_route,283.9896855656652
2026-03-04 07:30:00,energy_consistent_dual_route,293.5082502633647
2026-03-04 08:00:00,energy_consistent_dual_route,293.1460530037113
2026-03-04 08:30:00,energy_consistent_dual_route,267.23723284732614
2026-03-04 09:00:00,energy_consistent_dual_route,287.19467693918205
2026-03-04 09:30:00,energy_consistent_dual_route,293.2698587364324
2026-03-04 10:00:00,energy_consistent_dual_route,297.007068554858
2026-03-04 10:30:00,energy_consistent_dual_route,298.9043932440999
2026-03-04 11:00:00,energy_consistent_dual_route,283.0284344268937
2026-03-04 11:30:00,energy_consistent_dual_route,417.32350982524383
2026-03-04 12:00:00,energy_consistent_dual_route,274.6851085675189
2026-03-04 12:30:00,energy_consistent_dual_route,292.7189749600177
2026-03-04 13:00:00,energy_consistent_dual_route,267.09704388729
2026-03-04 13:30:00,energy_consistent_dual_route,199.12209175051493
2026-03-04 14:00:00,energy_consistent_dual_route,270.91111988937394
2026-03-04 14:30:00,energy_consistent_dual_route,290.7242360631294
2026-03-04 15:00:00,energy_consistent_dual_route,294.16821924503586
2026-03-04 15:30:00,energy_consistent_dual_route,302.1575261875744
2026-03-04 16:00:00,energy_consistent_dual_route,308.21073003095324
2026-03-04 16:30:00,energy_consistent_dual_route,296.30669399143443
2026-03-04 17:00:00,energy_consistent_dual_route,272.37078753722045
2026-03-04 17:30:00,energy_consistent_dual_route,284.416087055882
2026-03-04 18:00:00,energy_consistent_dual_route,286.4305238918534
2026-03-04 18:30:00,energy_consistent_dual_route,286.4410150822045
2026-03-04 19:00:00,energy_consistent_dual_route,280.0652523235669
2026-03-04 19:30:00,energy_consistent_dual_route,272.446571859646
2026-03-04 20:00:00,energy_consistent_dual_route,272.4276232089892
2026-03-04 20:30:00,energy_consistent_dual_route,283.7013181580152
2026-03-04 21:00:00,energy_consistent_dual_route,286.4301377272922
2026-03-04 21:30:00,energy_consistent_dual_route,286.2470507671146
2026-03-04 22:00:00,energy_consistent_dual_route,288.2043298495892
2026-03-04 22:30:00,energy_consistent_dual_route,290.26085794151976
2026-03-04 23:00:00,energy_consistent_dual_route,296.416202417065
2026-03-04 23:30:00,energy_consistent_dual_route,288.324005719203
2026-03-05 00:00:00,energy_consistent_dual_route,260.40239856133985
2026-03-05 00:30:00,energy_consistent_dual_route,244.33996833925988
2026-03-05 01:00:00,energy_consistent_dual_route,278.1156891271352
2026-03-05 01:30:00,energy_consistent_dual_route,280.14225942373054
2026-03-05 02:00:00,energy_consistent_dual_route,274.1222625903557
2026-03-05 02:30:00,energy_consistent_dual_route,276.17207218256334
2026-03-05 03:00:00,energy_consistent_dual_route,268.11478999926334
2026-03-05 03:30:00,energy_consistent_dual_route,262.2523824405972
2026-03-05 04:00:00,energy_consistent_dual_route,260.92997240550034
2026-03-05 04:30:00,energy_consistent_dual_route,264.6232512036312
2026-03-05 05:00:00,energy_consistent_dual_route,262.6671556139172
2026-03-05 05:30:00,energy_consistent_dual_route,264.33361181659814
2026-03-05 06:00:00,energy_consistent_dual_route,266.37061722288206
2026-03-05 06:30:00,energy_consistent_dual_route,270.39348785027704
2026-03-05 07:00:00,energy_consistent_dual_route,272.9424506371024
2026-03-05 07:30:00,energy_consistent_dual_route,279.4590515365667
2026-03-05 08:00:00,energy_consistent_dual_route,313.1769622477641
2026-03-05 08:30:00,energy_consistent_dual_route,273.0177060956933
2026-03-05 09:00:00,energy_consistent_dual_route,297.2690262165277
2026-03-05 09:30:00,energy_consistent_dual_route,303.2284902698718
2026-03-05 10:00:00,energy_consistent_dual_route,303.22179517897644
2026-03-05 10:30:00,energy_consistent_dual_route,297.2764000286272
2026-03-05 11:00:00,energy_consistent_dual_route,259.2093019547389
2026-03-05 11:30:00,energy_consistent_dual_route,565.843929466364
2026-03-05 12:00:00,energy_consistent_dual_route,265.3156707426835
2026-03-05 12:30:00,energy_consistent_dual_route,279.3433545530427
2026-03-05 13:00:00,energy_consistent_dual_route,252.30262298841356
2026-03-05 13:30:00,energy_consistent_dual_route,145.9917478882715
2026-03-05 14:00:00,energy_consistent_dual_route,258.39021687487025
2026-03-05 14:30:00,energy_consistent_dual_route,283.3649933510987
2026-03-05 15:00:00,energy_consistent_dual_route,281.3187882649643
2026-03-05 15:30:00,energy_consistent_dual_route,281.14268205552264
2026-03-05 16:00:00,energy_consistent_dual_route,281.42857641288015
2026-03-05 16:30:00,energy_consistent_dual_route,257.2462415713793
2026-03-05 17:00:00,energy_consistent_dual_route,245.72263722819272
2026-03-05 17:30:00,energy_consistent_dual_route,265.6204761156369
2026-03-05 18:00:00,energy_consistent_dual_route,273.6164568711232
2026-03-05 18:30:00,energy_consistent_dual_route,281.6821382426669
2026-03-05 19:00:00,energy_consistent_dual_route,277.6091231192425
2026-03-05 19:30:00,energy_consistent_dual_route,265.56091345236786
2026-03-05 20:00:00,energy_consistent_dual_route,267.23747251741685
2026-03-05 20:30:00,energy_consistent_dual_route,302.99151156670524
2026-03-05 21:00:00,energy_consistent_dual_route,302.94515134324183
2026-03-05 21:30:00,energy_consistent_dual_route,306.983029424064
2026-03-05 22:00:00,energy_consistent_dual_route,299.22923482397624
2026-03-05 22:30:00,energy_consistent_dual_route,293.23154236218966
2026-03-05 23:00:00,energy_consistent_dual_route,297.1856083210692
2026-03-05 23:30:00,energy_consistent_dual_route,265.18545434170534
2026-03-06 00:00:00,energy_consistent_dual_route,249.95553893718775
2026-03-06 00:30:00,energy_consistent_dual_route,260.6582997727617
2026-03-06 01:00:00,energy_consistent_dual_route,266.66930865516525
2026-03-06 01:30:00,energy_consistent_dual_route,266.6833914831768
2026-03-06 02:00:00,energy_consistent_dual_route,280.6816899089344
2026-03-06 02:30:00,energy_consistent_dual_route,282.6754781909669
2026-03-06 03:00:00,energy_consistent_dual_route,280.67941342784746
2026-03-06 03:30:00,energy_consistent_dual_route,276.67096541656616
2026-03-06 04:00:00,energy_consistent_dual_route,272.66527241178227
2026-03-06 04:30:00,energy_consistent_dual_route,273.41680595541004
2026-03-06 05:00:00,energy_consistent_dual_route,273.420072754462
2026-03-06 05:30:00,energy_consistent_dual_route,273.4160973899821
2026-03-06 06:00:00,energy_consistent_dual_route,276.80140299266407
2026-03-06 06:30:00,energy_consistent_dual_route,279.0054313849656
2026-03-06 07:00:00,energy_consistent_dual_route,285.37692040868194
2026-03-06 07:30:00,energy_consistent_dual_route,289.3797146685011
2026-03-06 08:00:00,energy_consistent_dual_route,297.3077023343022
2026-03-06 08:30:00,energy_consistent_dual_route,275.4015094076238
2026-03-06 09:00:00,energy_consistent_dual_route,283.45366031624377
2026-03-06 09:30:00,energy_consistent_dual_route,285.30607516588407
2026-03-06 10:00:00,energy_consistent_dual_route,281.42206610963746
2026-03-06 10:30:00,energy_consistent_dual_route,250.425692093243
2026-03-06 11:00:00,energy_consistent_dual_route,198.67108096937775
2026-03-06 11:30:00,energy_consistent_dual_route,397.113858308335
2026-03-06 12:00:00,energy_consistent_dual_route,244.47467818159728
2026-03-06 12:30:00,energy_consistent_dual_route,302.80191525227053
2026-03-06 13:00:00,energy_consistent_dual_route,241.2900991899324
2026-03-06 13:30:00,energy_consistent_dual_route,-1.0
2026-03-06 14:00:00,energy_consistent_dual_route,241.7775730745095
2026-03-06 14:30:00,energy_consistent_dual_route,273.4690802019397
2026-03-06 15:00:00,energy_consistent_dual_route,265.24521412848054
2026-03-06 15:30:00,energy_consistent_dual_route,254.62169793235995
2026-03-06 16:00:00,energy_consistent_dual_route,283.63108560921125
2026-03-06 16:30:00,energy_consistent_dual_route,281.4035710394064
2026-03-06 17:00:00,energy_consistent_dual_route,281.527332657923
2026-03-06 17:30:00,energy_consistent_dual_route,283.645098250385
2026-03-06 18:00:00,energy_consistent_dual_route,285.38037692420994
2026-03-06 18:30:00,energy_consistent_dual_route,289.4210894628213
2026-03-06 19:00:00,energy_consistent_dual_route,287.3884769109297
2026-03-06 19:30:00,energy_consistent_dual_route,273.4093780461245
2026-03-06 20:00:00,energy_consistent_dual_route,273.38184555639083
2026-03-06 20:30:00,energy_consistent_dual_route,287.4053070884862
2026-03-06 21:00:00,energy_consistent_dual_route,289.35831041841107
2026-03-06 21:30:00,energy_consistent_dual_route,291.4934214425341
2026-03-06 22:00:00,energy_consistent_dual_route,291.4475249595003
2026-03-06 22:30:00,energy_consistent_dual_route,293.6638405917064
2026-03-06 23:00:00,energy_consistent_dual_route,293.6335357131012
2026-03-06 23:30:00,energy_consistent_dual_route,285.63877095107745
2026-03-07 00:00:00,energy_consistent_dual_route,277.6393654832532
2026-03-07 00:30:00,energy_consistent_dual_route,267.3299697621767
2026-03-07 01:00:00,energy_consistent_dual_route,271.25089861142703
2026-03-07 01:30:00,energy_consistent_dual_route,270.93216200400985
2026-03-07 02:00:00,energy_consistent_dual_route,274.78903690921555
2026-03-07 02:30:00,energy_consistent_dual_route,274.8124239300233
2026-03-07 03:00:00,energy_consistent_dual_route,272.8108910120616
2026-03-07 03:30:00,energy_consistent_dual_route,271.0903877797123
2026-03-07 04:00:00,energy_consistent_dual_route,267.1930471885568
2026-03-07 04:30:00,energy_consistent_dual_route,265.19046558641946
2026-03-07 05:00:00,energy_consistent_dual_route,265.2109017965078
2026-03-07 05:30:00,energy_consistent_dual_route,267.2375566937853
2026-03-07 06:00:00,energy_consistent_dual_route,268.92710598121585
2026-03-07 06:30:00,energy_consistent_dual_route,271.29348475002234
2026-03-07 07:00:00,energy_consistent_dual_route,273.4956571462209
2026-03-07 07:30:00,energy_consistent_dual_route,275.6633434981341
2026-03-07 08:00:00,energy_consistent_dual_route,277.2294925260101
2026-03-07 08:30:00,energy_consistent_dual_route,229.2154247498488
2026-03-07 09:00:00,energy_consistent_dual_route,232.16576075457243
2026-03-07 09:30:00,energy_consistent_dual_route,216.71530302017425
2026-03-07 10:00:00,energy_consistent_dual_route,205.72384745187296
2026-03-07 10:30:00,energy_consistent_dual_route,178.9264336488262
2026-03-07 11:00:00,energy_consistent_dual_route,-97.51380574152412
2026-03-07 11:30:00,energy_consistent_dual_route,313.193894277765
2026-03-07 12:00:00,energy_consistent_dual_route,-1.0
2026-03-07 12:30:00,energy_consistent_dual_route,-1.0
2026-03-07 13:00:00,energy_consistent_dual_route,-1.0
2026-03-07 13:30:00,energy_consistent_dual_route,-185.77801465649557
2026-03-07 14:00:00,energy_consistent_dual_route,-12.534021449258232
2026-03-07 14:30:00,energy_consistent_dual_route,-1.0
2026-03-07 15:00:00,energy_consistent_dual_route,208.99438016920485
2026-03-07 15:30:00,energy_consistent_dual_route,203.63396838221365
2026-03-07 16:00:00,energy_consistent_dual_route,269.5802005469902
2026-03-07 16:30:00,energy_consistent_dual_route,277.5174058671611
2026-03-07 17:00:00,energy_consistent_dual_route,281.293630020093
2026-03-07 17:30:00,energy_consistent_dual_route,283.28630053486336
2026-03-07 18:00:00,energy_consistent_dual_route,283.46530766998484
2026-03-07 18:30:00,energy_consistent_dual_route,285.3316206933509
2026-03-07 19:00:00,energy_consistent_dual_route,283.46924015620925
2026-03-07 19:30:00,energy_consistent_dual_route,283.4396866260632
2026-03-07 20:00:00,energy_consistent_dual_route,281.3933651987168
2026-03-07 20:30:00,energy_consistent_dual_route,283.4875035295221
2026-03-07 21:00:00,energy_consistent_dual_route,281.4917289951885
2026-03-07 21:30:00,energy_consistent_dual_route,279.9269451882439
2026-03-07 22:00:00,energy_consistent_dual_route,281.94950936918946
2026-03-07 22:30:00,energy_consistent_dual_route,283.9542310427773
2026-03-07 23:00:00,energy_consistent_dual_route,287.9687380074025
2026-03-07 23:30:00,energy_consistent_dual_route,286.01181856406595
2026-03-08 00:00:00,energy_consistent_dual_route,281.9896551170345
2026-03-08 00:30:00,energy_consistent_dual_route,277.86833555470207
2026-03-08 01:00:00,energy_consistent_dual_route,277.7607170209196
2026-03-08 01:30:00,energy_consistent_dual_route,277.7344403529652
2026-03-08 02:00:00,energy_consistent_dual_route,277.6092965101442
2026-03-08 02:30:00,energy_consistent_dual_route,279.6373500160011
2026-03-08 03:00:00,energy_consistent_dual_route,277.6298373370732
2026-03-08 03:30:00,energy_consistent_dual_route,275.6733933191292
2026-03-08 04:00:00,energy_consistent_dual_route,275.6514975854029
2026-03-08 04:30:00,energy_consistent_dual_route,275.6690430669887
2026-03-08 05:00:00,energy_consistent_dual_route,275.81669857202814
2026-03-08 05:30:00,energy_consistent_dual_route,275.8394580795927
2026-03-08 06:00:00,energy_consistent_dual_route,277.8852723929244
2026-03-08 06:30:00,energy_consistent_dual_route,277.8714827145602
2026-03-08 07:00:00,energy_consistent_dual_route,279.899234785582
2026-03-08 07:30:00,energy_consistent_dual_route,279.60826162660373
2026-03-08 08:00:00,energy_consistent_dual_route,283.92642502806103
2026-03-08 08:30:00,energy_consistent_dual_route,266.18537626837065
2026-03-08 09:00:00,energy_consistent_dual_route,272.17804780064955
2026-03-08 09:30:00,energy_consistent_dual_route,270.17663271055767
2026-03-08 10:00:00,energy_consistent_dual_route,261.7619465091979
2026-03-08 10:30:00,energy_consistent_dual_route,267.86425132539125
2026-03-08 11:00:00,energy_consistent_dual_route,247.1265419749372
2026-03-08 11:30:00,energy_consistent_dual_route,331.0124037820256
2026-03-08 12:00:00,energy_consistent_dual_route,-1.0
2026-03-08 12:30:00,energy_consistent_dual_route,227.7875451698045
2026-03-08 13:00:00,energy_consistent_dual_route,230.9944504518799
2026-03-08 13:30:00,energy_consistent_dual_route,-1.0
2026-03-08 14:00:00,energy_consistent_dual_route,-1.0
2026-03-08 14:30:00,energy_consistent_dual_route,-1.0
2026-03-08 15:00:00,energy_consistent_dual_route,231.5029655612815
2026-03-08 15:30:00,energy_consistent_dual_route,242.5496656913
2026-03-08 16:00:00,energy_consistent_dual_route,269.5999078694562
2026-03-08 16:30:00,energy_consistent_dual_route,268.94396793473385
2026-03-08 17:00:00,energy_consistent_dual_route,272.812274595385
2026-03-08 17:30:00,energy_consistent_dual_route,277.2346044512954
2026-03-08 18:00:00,energy_consistent_dual_route,277.42749649155985
2026-03-08 18:30:00,energy_consistent_dual_route,279.694798648953
2026-03-08 19:00:00,energy_consistent_dual_route,281.6171573028032
2026-03-08 19:30:00,energy_consistent_dual_route,281.4736299889486
2026-03-08 20:00:00,energy_consistent_dual_route,283.6012464678427
2026-03-08 20:30:00,energy_consistent_dual_route,283.4569047686094
2026-03-08 21:00:00,energy_consistent_dual_route,285.49542960445785
2026-03-08 21:30:00,energy_consistent_dual_route,285.7480262982007
2026-03-08 22:00:00,energy_consistent_dual_route,282.3952199306792
2026-03-08 22:30:00,energy_consistent_dual_route,284.5310941657248
2026-03-08 23:00:00,energy_consistent_dual_route,286.52696965194457
2026-03-08 23:30:00,energy_consistent_dual_route,280.49608957118727
2026-03-09 00:00:00,energy_consistent_dual_route,276.4636389650074
2026-03-09 00:30:00,energy_consistent_dual_route,281.5487665345791
2026-03-09 01:00:00,energy_consistent_dual_route,282.9657664120671
2026-03-09 01:30:00,energy_consistent_dual_route,284.9465520907794
2026-03-09 02:00:00,energy_consistent_dual_route,286.72561267248665
2026-03-09 02:30:00,energy_consistent_dual_route,284.71311568546986
2026-03-09 03:00:00,energy_consistent_dual_route,282.6992382569226
2026-03-09 03:30:00,energy_consistent_dual_route,280.7957690093025
2026-03-09 04:00:00,energy_consistent_dual_route,278.7276047637245
2026-03-09 04:30:00,energy_consistent_dual_route,276.73001565828
2026-03-09 05:00:00,energy_consistent_dual_route,276.9495744360911
2026-03-09 05:30:00,energy_consistent_dual_route,279.0230087556285
2026-03-09 06:00:00,energy_consistent_dual_route,280.8940390869706
2026-03-09 06:30:00,energy_consistent_dual_route,281.0453829613334
2026-03-09 07:00:00,energy_consistent_dual_route,287.3253073196572
2026-03-09 07:30:00,energy_consistent_dual_route,292.15045199867467
2026-03-09 08:00:00,energy_consistent_dual_route,298.2300281491516
2026-03-09 08:30:00,energy_consistent_dual_route,296.23084752735906
2026-03-09 09:00:00,energy_consistent_dual_route,293.71282380084614
2026-03-09 09:30:00,energy_consistent_dual_route,297.5614308125694
2026-03-09 10:00:00,energy_consistent_dual_route,273.47081182937166
2026-03-09 10:30:00,energy_consistent_dual_route,273.56485773942893
2026-03-09 11:00:00,energy_consistent_dual_route,-1.0
2026-03-09 11:30:00,energy_consistent_dual_route,305.49205893953297
2026-03-09 12:00:00,energy_consistent_dual_route,-82.78475417597836
2026-03-09 12:30:00,energy_consistent_dual_route,-1.0
2026-03-09 13:00:00,energy_consistent_dual_route,-28.60298438846982
2026-03-09 13:30:00,energy_consistent_dual_route,-150.39511738302832
2026-03-09 14:00:00,energy_consistent_dual_route,-133.5797718906264
2026-03-09 14:30:00,energy_consistent_dual_route,-1.0
2026-03-09 15:00:00,energy_consistent_dual_route,223.72532534980465
2026-03-09 15:30:00,energy_consistent_dual_route,248.601131082178
2026-03-09 16:00:00,energy_consistent_dual_route,325.7562831834399
2026-03-09 16:30:00,energy_consistent_dual_route,282.6204179417758
2026-03-09 17:00:00,energy_consistent_dual_route,284.41447654122265
2026-03-09 17:30:00,energy_consistent_dual_route,286.6864818241073
2026-03-09 18:00:00,energy_consistent_dual_route,286.1349752184788
2026-03-09 18:30:00,energy_consistent_dual_route,290.046146289439
2026-03-09 19:00:00,energy_consistent_dual_route,292.234836685206
2026-03-09 19:30:00,energy_consistent_dual_route,293.10131372103484
2026-03-09 20:00:00,energy_consistent_dual_route,293.1175485606417
2026-03-09 20:30:00,energy_consistent_dual_route,292.7220659874832
2026-03-09 21:00:00,energy_consistent_dual_route,294.57305704386226
2026-03-09 21:30:00,energy_consistent_dual_route,296.11860094444427
2026-03-09 22:00:00,energy_consistent_dual_route,298.6360506336196
2026-03-09 22:30:00,energy_consistent_dual_route,302.85250052981786
2026-03-09 23:00:00,energy_consistent_dual_route,308.1020498333473
2026-03-09 23:30:00,energy_consistent_dual_route,301.7145286620859
2026-03-10 00:00:00,energy_consistent_dual_route,293.8236222548905
2026-03-10 00:30:00,energy_consistent_dual_route,279.7847367074208
2026-03-10 01:00:00,energy_consistent_dual_route,275.36530816752
2026-03-10 01:30:00,energy_consistent_dual_route,275.2990182348585
2026-03-10 02:00:00,energy_consistent_dual_route,277.4456436166347
2026-03-10 02:30:00,energy_consistent_dual_route,277.5348070934021
2026-03-10 03:00:00,energy_consistent_dual_route,277.4345756683005
2026-03-10 03:30:00,energy_consistent_dual_route,274.98329000621254
2026-03-10 04:00:00,energy_consistent_dual_route,275.23702159992126
2026-03-10 04:30:00,energy_consistent_dual_route,275.2390029638228
2026-03-10 05:00:00,energy_consistent_dual_route,275.5335892081641
2026-03-10 05:30:00,energy_consistent_dual_route,275.5478397340371
2026-03-10 06:00:00,energy_consistent_dual_route,277.67585690336205
2026-03-10 06:30:00,energy_consistent_dual_route,279.60065148973086
2026-03-10 07:00:00,energy_consistent_dual_route,283.83926549661976
2026-03-10 07:30:00,energy_consistent_dual_route,284.10440188192746
2026-03-10 08:00:00,energy_consistent_dual_route,284.09832105174814
2026-03-10 08:30:00,energy_consistent_dual_route,204.8221230869457
2026-03-10 09:00:00,energy_consistent_dual_route,193.9267308377807
2026-03-10 09:30:00,energy_consistent_dual_route,179.02606679009736
2026-03-10 10:00:00,energy_consistent_dual_route,127.97896336812737
2026-03-10 10:30:00,energy_consistent_dual_route,162.47033484106353
2026-03-10 11:00:00,energy_consistent_dual_route,45.235041150383296
2026-03-10 11:30:00,energy_consistent_dual_route,203.5920950684985
2026-03-10 12:00:00,energy_consistent_dual_route,0.0
2026-03-10 12:30:00,energy_consistent_dual_route,0.0
2026-03-10 13:00:00,energy_consistent_dual_route,0.0
2026-03-10 13:30:00,energy_consistent_dual_route,-198.68917966537848
2026-03-10 14:00:00,energy_consistent_dual_route,-197.02493886591296
2026-03-10 14:30:00,energy_consistent_dual_route,0.0
2026-03-10 15:00:00,energy_consistent_dual_route,26.47941432081861
2026-03-10 15:30:00,energy_consistent_dual_route,97.61622194379012
2026-03-10 16:00:00,energy_consistent_dual_route,235.76659511884804
2026-03-10 16:30:00,energy_consistent_dual_route,261.0331773254027
2026-03-10 17:00:00,energy_consistent_dual_route,272.96026920577026
2026-03-10 17:30:00,energy_consistent_dual_route,274.68041055487544
2026-03-10 18:00:00,energy_consistent_dual_route,276.71216077943524
2026-03-10 18:30:00,energy_consistent_dual_route,284.5705806313123
2026-03-10 19:00:00,energy_consistent_dual_route,290.6959633964753
2026-03-10 19:30:00,energy_consistent_dual_route,288.73659002501864
2026-03-10 20:00:00,energy_consistent_dual_route,284.65230366592414
2026-03-10 20:30:00,energy_consistent_dual_route,288.7681558246183
2026-03-10 21:00:00,energy_consistent_dual_route,290.84680131057405
2026-03-10 21:30:00,energy_consistent_dual_route,293.3647238797074
2026-03-10 22:00:00,energy_consistent_dual_route,295.31506617606965
2026-03-10 22:30:00,energy_consistent_dual_route,297.33171764555107
2026-03-10 23:00:00,energy_consistent_dual_route,301.3615447507985
2026-03-10 23:30:00,energy_consistent_dual_route,295.65631775267605
2026-03-11 00:00:00,energy_consistent_dual_route,287.5859547717045
2026-03-11 00:30:00,energy_consistent_dual_route,294.1988563804021
2026-03-11 01:00:00,energy_consistent_dual_route,291.76201160941514
2026-03-11 01:30:00,energy_consistent_dual_route,291.3909056685573
2026-03-11 02:00:00,energy_consistent_dual_route,291.35090713890503
2026-03-11 02:30:00,energy_consistent_dual_route,293.30072489465624
2026-03-11 03:00:00,energy_consistent_dual_route,291.3496927271018
2026-03-11 03:30:00,energy_consistent_dual_route,287.59757207150346
2026-03-11 04:00:00,energy_consistent_dual_route,283.1785964304153
2026-03-11 04:30:00,energy_consistent_dual_route,283.28844240888475
2026-03-11 05:00:00,energy_consistent_dual_route,283.39258880064205
2026-03-11 05:30:00,energy_consistent_dual_route,285.54957957056223
2026-03-11 06:00:00,energy_consistent_dual_route,289.6747443402187
2026-03-11 06:30:00,energy_consistent_dual_route,299.76958661121205
2026-03-11 07:00:00,energy_consistent_dual_route,315.41569341075046
2026-03-11 07:30:00,energy_consistent_dual_route,312.54122405155505
2026-03-11 08:00:00,energy_consistent_dual_route,312.3457981482895
2026-03-11 08:30:00,energy_consistent_dual_route,234.59700087769303
2026-03-11 09:00:00,energy_consistent_dual_route,234.6935039590815
2026-03-11 09:30:00,energy_consistent_dual_route,193.9909846197573
2026-03-11 10:00:00,energy_consistent_dual_route,106.18553948913038
2026-03-11 10:30:00,energy_consistent_dual_route,78.12286381559511
2026-03-11 11:00:00,energy_consistent_dual_route,0.0
2026-03-11 11:30:00,energy_consistent_dual_route,27.15549986605646
2026-03-11 12:00:00,energy_consistent_dual_route,0.0
2026-03-11 12:30:00,energy_consistent_dual_route,0.0
2026-03-11 13:00:00,energy_consistent_dual_route,0.0
2026-03-11 13:30:00,energy_consistent_dual_route,-197.0825152781844
2026-03-11 14:00:00,energy_consistent_dual_route,-195.4532115644345
2026-03-11 14:30:00,energy_consistent_dual_route,0.0
2026-03-11 15:00:00,energy_consistent_dual_route,17.290834701186707
2026-03-11 15:30:00,energy_consistent_dual_route,182.66045491948708
2026-03-11 16:00:00,energy_consistent_dual_route,243.8006064230136
2026-03-11 16:30:00,energy_consistent_dual_route,267.69521879562643
2026-03-11 17:00:00,energy_consistent_dual_route,277.8122633568238
2026-03-11 17:30:00,energy_consistent_dual_route,283.79633609198254
2026-03-11 18:00:00,energy_consistent_dual_route,293.6317174648748
2026-03-11 18:30:00,energy_consistent_dual_route,309.88520836642914
2026-03-11 19:00:00,energy_consistent_dual_route,319.20421078842514
2026-03-11 19:30:00,energy_consistent_dual_route,315.24088694976626
2026-03-11 20:00:00,energy_consistent_dual_route,312.7577732711891
2026-03-11 20:30:00,energy_consistent_dual_route,315.7007597757662
2026-03-11 21:00:00,energy_consistent_dual_route,323.2960048548457
2026-03-11 21:30:00,energy_consistent_dual_route,327.1879231978706
2026-03-11 22:00:00,energy_consistent_dual_route,327.18706521449576
2026-03-11 22:30:00,energy_consistent_dual_route,327.1857361654199
2026-03-11 23:00:00,energy_consistent_dual_route,329.1783837228663
2026-03-11 23:30:00,energy_consistent_dual_route,316.8542722651304
2026-03-12 00:00:00,energy_consistent_dual_route,305.9230423975513
2026-03-12 00:30:00,energy_consistent_dual_route,289.778933968644
2026-03-12 01:00:00,energy_consistent_dual_route,290.1165388555291
2026-03-12 01:30:00,energy_consistent_dual_route,291.5740396944962
2026-03-12 02:00:00,energy_consistent_dual_route,287.59934132756143
2026-03-12 02:30:00,energy_consistent_dual_route,287.4660140546743
2026-03-12 03:00:00,energy_consistent_dual_route,283.39748006899174
2026-03-12 03:30:00,energy_consistent_dual_route,281.62436872943897
2026-03-12 04:00:00,energy_consistent_dual_route,277.642236571865
2026-03-12 04:30:00,energy_consistent_dual_route,277.5527049377896
2026-03-12 05:00:00,energy_consistent_dual_route,275.7067983204267
2026-03-12 05:30:00,energy_consistent_dual_route,275.90795521163375
2026-03-12 06:00:00,energy_consistent_dual_route,279.961905972914
2026-03-12 06:30:00,energy_consistent_dual_route,295.84039861976805
2026-03-12 07:00:00,energy_consistent_dual_route,317.4601388052278
2026-03-12 07:30:00,energy_consistent_dual_route,309.20957608852603
2026-03-12 08:00:00,energy_consistent_dual_route,294.7311931823272
2026-03-12 08:30:00,energy_consistent_dual_route,227.78569030384296
2026-03-12 09:00:00,energy_consistent_dual_route,227.69872148780243
2026-03-12 09:30:00,energy_consistent_dual_route,224.8213442650365
2026-03-12 10:00:00,energy_consistent_dual_route,-1.0
2026-03-12 10:30:00,energy_consistent_dual_route,-1.0
2026-03-12 11:00:00,energy_consistent_dual_route,-91.13804206117564
2026-03-12 11:30:00,energy_consistent_dual_route,-1.0
2026-03-12 12:00:00,energy_consistent_dual_route,-188.92211675866923
2026-03-12 12:30:00,energy_consistent_dual_route,-191.0796811446172
2026-03-12 13:00:00,energy_consistent_dual_route,-191.97675088082596
2026-03-12 13:30:00,energy_consistent_dual_route,-191.41374818441665
2026-03-12 14:00:00,energy_consistent_dual_route,-191.53677347511075
2026-03-12 14:30:00,energy_consistent_dual_route,-188.6261296061861
2026-03-12 15:00:00,energy_consistent_dual_route,-1.0
2026-03-12 15:30:00,energy_consistent_dual_route,269.6921224930534
2026-03-12 16:00:00,energy_consistent_dual_route,279.64207060800214
2026-03-12 16:30:00,energy_consistent_dual_route,283.6062980312412
2026-03-12 17:00:00,energy_consistent_dual_route,287.72708562914767
2026-03-12 17:30:00,energy_consistent_dual_route,289.5893170816814
2026-03-12 18:00:00,energy_consistent_dual_route,301.55562172064566
2026-03-12 18:30:00,energy_consistent_dual_route,321.1945954505754
2026-03-12 19:00:00,energy_consistent_dual_route,329.1616256126659
2026-03-12 19:30:00,energy_consistent_dual_route,319.18284554367887
2026-03-12 20:00:00,energy_consistent_dual_route,309.5378149635677
2026-03-12 20:30:00,energy_consistent_dual_route,313.71786078073245
2026-03-12 21:00:00,energy_consistent_dual_route,317.2897180994264
2026-03-12 21:30:00,energy_consistent_dual_route,313.72706495481026
2026-03-12 22:00:00,energy_consistent_dual_route,315.6992020547793
2026-03-12 22:30:00,energy_consistent_dual_route,319.3226789188188
2026-03-12 23:00:00,energy_consistent_dual_route,321.3203599112481
2026-03-12 23:30:00,energy_consistent_dual_route,303.87303586862845
2026-03-13 00:00:00,energy_consistent_dual_route,283.9327377462604
2026-03-13 00:30:00,energy_consistent_dual_route,266.15823153918626
2026-03-13 01:00:00,energy_consistent_dual_route,265.69602739051703
2026-03-13 01:30:00,energy_consistent_dual_route,267.3454131808586
2026-03-13 02:00:00,energy_consistent_dual_route,265.7291242426496
2026-03-13 02:30:00,energy_consistent_dual_route,267.6934061901795
2026-03-13 03:00:00,energy_consistent_dual_route,267.70616867639467
2026-03-13 03:30:00,energy_consistent_dual_route,267.88687486376017
2026-03-13 04:00:00,energy_consistent_dual_route,263.86522852449764
2026-03-13 04:30:00,energy_consistent_dual_route,263.977947232838
2026-03-13 05:00:00,energy_consistent_dual_route,266.0089367278918
2026-03-13 05:30:00,energy_consistent_dual_route,267.92006288398926
2026-03-13 06:00:00,energy_consistent_dual_route,273.9599468883331
2026-03-13 06:30:00,energy_consistent_dual_route,289.72559354549264
2026-03-13 07:00:00,energy_consistent_dual_route,307.8444079314639
2026-03-13 07:30:00,energy_consistent_dual_route,285.853556991297
2026-03-13 08:00:00,energy_consistent_dual_route,277.91534622420284
2026-03-13 08:30:00,energy_consistent_dual_route,193.89079393295376
2026-03-13 09:00:00,energy_consistent_dual_route,186.8360124054334
2026-03-13 09:30:00,energy_consistent_dual_route,-1.0
2026-03-13 10:00:00,energy_consistent_dual_route,-96.74112141093644
2026-03-13 10:30:00,energy_consistent_dual_route,-186.9235824994742
2026-03-13 11:00:00,energy_consistent_dual_route,-197.47001779913708
2026-03-13 11:30:00,energy_consistent_dual_route,-197.0479435550352
2026-03-13 12:00:00,energy_consistent_dual_route,-198.872703129362
2026-03-13 12:30:00,energy_consistent_dual_route,-198.366491789582
2026-03-13 13:00:00,energy_consistent_dual_route,-198.47012446011783
2026-03-13 13:30:00,energy_consistent_dual_route,-199.00615367441648
2026-03-13 14:00:00,energy_consistent_dual_route,-198.91692140833948
2026-03-13 14:30:00,energy_consistent_dual_route,-197.9867334452708
2026-03-13 15:00:00,energy_consistent_dual_route,-55.01127055620402
2026-03-13 15:30:00,energy_consistent_dual_route,244.4796301019619
2026-03-13 16:00:00,energy_consistent_dual_route,259.874681891944
2026-03-13 16:30:00,energy_consistent_dual_route,267.8746850829342
2026-03-13 17:00:00,energy_consistent_dual_route,277.78258283996735
2026-03-13 17:30:00,energy_consistent_dual_route,281.7271796769313
2026-03-13 18:00:00,energy_consistent_dual_route,285.4301964559745
2026-03-13 18:30:00,energy_consistent_dual_route,309.1597157689268
2026-03-13 19:00:00,energy_consistent_dual_route,317.3145769554562
2026-03-13 19:30:00,energy_consistent_dual_route,311.1391388518853
2026-03-13 20:00:00,energy_consistent_dual_route,303.20241530475965
2026-03-13 20:30:00,energy_consistent_dual_route,310.71304614833707
2026-03-13 21:00:00,energy_consistent_dual_route,315.6722943931614
2026-03-13 21:30:00,energy_consistent_dual_route,313.885391949072
2026-03-13 22:00:00,energy_consistent_dual_route,315.9003631895308
2026-03-13 22:30:00,energy_consistent_dual_route,319.3623355903479
2026-03-13 23:00:00,energy_consistent_dual_route,325.1875722720349
2026-03-13 23:30:00,energy_consistent_dual_route,309.9849065514405
2026-03-14 00:00:00,energy_consistent_dual_route,290.01693333185455
2026-03-14 00:30:00,energy_consistent_dual_route,281.9635737346753
2026-03-14 01:00:00,energy_consistent_dual_route,277.97109988788253
2026-03-14 01:30:00,energy_consistent_dual_route,275.84628267438484
2026-03-14 02:00:00,energy_consistent_dual_route,271.84015935385315
2026-03-14 02:30:00,energy_consistent_dual_route,271.7848489683977
2026-03-14 03:00:00,energy_consistent_dual_route,273.8216083512707
2026-03-14 03:30:00,energy_consistent_dual_route,271.9548686185956
2026-03-14 04:00:00,energy_consistent_dual_route,267.98327168039634
2026-03-14 04:30:00,energy_consistent_dual_route,267.9480870420961
2026-03-14 05:00:00,energy_consistent_dual_route,268.01061624299405
2026-03-14 05:30:00,energy_consistent_dual_route,270.0127117256145
2026-03-14 06:00:00,energy_consistent_dual_route,272.0091461937588
2026-03-14 06:30:00,energy_consistent_dual_route,282.0073243775531
2026-03-14 07:00:00,energy_consistent_dual_route,297.648198636071
2026-03-14 07:30:00,energy_consistent_dual_route,298.0293641638329
2026-03-14 08:00:00,energy_consistent_dual_route,291.780746878436
2026-03-14 08:30:00,energy_consistent_dual_route,214.5892215984881
2026-03-14 09:00:00,energy_consistent_dual_route,238.9712008569707
2026-03-14 09:30:00,energy_consistent_dual_route,253.4784951551456
2026-03-14 10:00:00,energy_consistent_dual_route,244.52598165287063
2026-03-14 10:30:00,energy_consistent_dual_route,-1.0
2026-03-14 11:00:00,energy_consistent_dual_route,-162.38958883815025
2026-03-14 11:30:00,energy_consistent_dual_route,-162.9091775386454
2026-03-14 12:00:00,energy_consistent_dual_route,-182.04632274704616
2026-03-14 12:30:00,energy_consistent_dual_route,-174.61040591228058
2026-03-14 13:00:00,energy_consistent_dual_route,-178.55231360613965
2026-03-14 13:30:00,energy_consistent_dual_route,-193.77677551320076
2026-03-14 14:00:00,energy_consistent_dual_route,-194.31124058163292
2026-03-14 14:30:00,energy_consistent_dual_route,-192.73123970846444
2026-03-14 15:00:00,energy_consistent_dual_route,-1.0
2026-03-14 15:30:00,energy_consistent_dual_route,269.31011840206463
2026-03-14 16:00:00,energy_consistent_dual_route,273.9115536367488
2026-03-14 16:30:00,energy_consistent_dual_route,293.8957851426562
2026-03-14 17:00:00,energy_consistent_dual_route,301.87095529667874
2026-03-14 17:30:00,energy_consistent_dual_route,291.91616548905466
2026-03-14 18:00:00,energy_consistent_dual_route,291.88338436417416
2026-03-14 18:30:00,energy_consistent_dual_route,308.0453720371371
2026-03-14 19:00:00,energy_consistent_dual_route,313.5439966112152
2026-03-14 19:30:00,energy_consistent_dual_route,303.8770621835821
2026-03-14 20:00:00,energy_consistent_dual_route,293.9069164272024
2026-03-14 20:30:00,energy_consistent_dual_route,299.82733035097465
2026-03-14 21:00:00,energy_consistent_dual_route,303.9118098452193
2026-03-14 21:30:00,energy_consistent_dual_route,299.9857667972193
2026-03-14 22:00:00,energy_consistent_dual_route,301.98928996446057
2026-03-14 22:30:00,energy_consistent_dual_route,313.25507148041874
2026-03-14 23:00:00,energy_consistent_dual_route,317.52871435862045
2026-03-14 23:30:00,energy_consistent_dual_route,301.99527928501334
2026-03-15 00:00:00,energy_consistent_dual_route,287.99464509644275
